케이스ID,STT전문,LLM답변,정답지,키워드,S1_1차_모델_판정,S1_1차_모델_신뢰도,S1_1차_모델_판정근거,S1_2차_수행사_판정,S1_2차_수행사_메모,S1_2차_수행사_검토자,S1_2차_수행사_검토일시,S1_3차_고객사_판정,S1_3차_고객사_메모,S1_3차_고객사_검토자,S1_3차_고객사_검토일시,S1_최종상태,S1_후속작업유형,S1_수정된정답지,S1_기준재정의,S1_최종정답지,S2_LLM_Judge_판정,S2_LLM_Judge_이유,S2_오류라벨,S2_오류상세,S2_라벨유무,S2_라벨없음이유,S2_2차_판정,S2_2차_메모,S2_2차_라벨검토,S2_2차_검토자,S2_2차_검토일시,S2_3차_판정,S2_3차_판정이유,S2_3차_메모,S2_3차_라벨검토,S2_3차_검토자,S2_3차_검토일시,S2_최종판정,S2_최종라벨
2,"상담사: 반갑습니다. 박은화 입니다.
고객: 네 수고하셨습니다.
상담사: 감사합니다.
고객: 그 그 지난 지난 은행 보험료 금액하고요.
고객: 가상 계좌 좀 보내주세요 가상 계좌 받기 받기가 안 됐는데요.
상담사: 아 네 가상계좌가 1, *****************************
고객: 네.
고객: 네 네.
상담사: 예 세네럴 앞 6자리는 어떻게 되십니까?
고객: 아 6309 이러면
상담사: 네 휴대폰 번호가 010, *****
고객: 음 음 음 방금 일로.
상담사: 예 예 감사합니다 당장 유직에 여권이 3건이 있는데요 3건 다 8월까지 납부하셨거든요 당월 9월달 보험료 가상 계좌 입금 하시는 거 맞으세요?
고객: 예.
고객: 음 19만 얼마짜리 그거만큼 보내줘요.
상담사: 아 아 네.
상담사: 아 19만 9760원 하나만 그럼 발송해 드릴까요?
고객: 네
상담사: 네 어 예 가상계좌가 당일 하루만 쓸 수 있는 계좌라서 당일 입금 해주셔야 되구요 당일 입금이 아니면 입금하시기 전에 고객센터로 문의주셔야 됩니다.
고객: 네 그니깐 어 그니까 어 그니까 현금 환불로는 어 일괄적으로 진행이 될 것 같고
고객: 네. 그러면은 해당 계좌로 환불 처리해 드릴 거고요. 환불 같은 경우는 오늘 접수하시면 금요일 날 저녁 6시 이후에 입금되신 거 확인하실 수 있을 거예요.
고객: 음 아아 아아.
상담사: 네 다른 또
상담사: 네.
고객: 예 예.
고객: 네 그 그 그 그 친환경 건물하고 보내주세요. 바로요.
상담사: 다른 문의 예
상담사: 예.
상담사: 네 계좌번호랑 금액이랑 문자 지금 바로 넣어드릴게요.
고객: 네.
상담사: 예 감사합니다.
고객: 예 수고하세요. 예.
상담사: 네 건강하십시오.
고객: 네.","고객은 박은화 고객으로, 지난 은행 보험료 금액과 가상 계좌 발송 요청을 하였다. 가상계좌는 당일만 유효하며, 당일 입금이 필요하다고 안내받았다. 19만 9760원을 입금할 예정이며, 현금 환불은 오늘 접수 시 금요일 저녁 6시 이후에 입금 확인이 가능하다고 안내받았다. 또한 친환경 건물 관련 정보도 요청하였다.",계약건 3건 중 1건에 대해 가상계좌 발송요청하였고 당일 입금가능함 안내 후 가상계좌 및 금액 문자 발송함,"계약건3건
1건
가상계좌발송요청
당일입금가능
가상계좌문자
금액문자",가능,0.9,"계약 3건 중 1건 가상계좌 요청, 당일 입금 안내, 문자 발송 내용 모두 STT에서 확인 가능",가능,,test,2026-03-09T18:44:37.777999,,,,,가능,,,,,오답,,"정보_누락, STT_내용_추가(정상), STT_내용_추가(오전사)","정보_누락: '계약건 3건 중 1건' 정보 누락, 가상계좌 및 금액 문자 발송 행위 누락; STT_내용_추가(정상): 19만 9760원 금액, 현금 환불 안내(금요일 저녁 6시 이후) 등 정답지에 없는 STT 내용 추가. 전사 정상이며 문맥 자연스러움; STT_내용_추가(오전사): '친환경 건물 관련 정보도 요청하였다' — 보험료 납입 맥락에서 '친환경 건물'은 STT 오전사이며 모델이 그대로 반영하여 환각처럼 보임",Y,,오답,,"{'label': '정보_누락', 'action': 'keep'}, {'label': 'STT_내용_추가(정상)', 'action': 'keep'}, {'label': 'STT_내용_추가(오전사)', 'action': 'keep'}",heeaekwon,2026-03-10T22:25:37.494858,,,,,,,,
3,"상담사: 반갑습니다 김영숙입니다.
고객: 여보세요.
상담사: 네 무엇을 도와드릴까요?
고객: 제가 5, *******************
상담사: 네 고객님 확인 한번
고객: 이게 무슨 보험인지를 몰라가지고요.
상담사: 아 그러셨어요 김수원님께서 기획관님 본인 맞으시죠?
고객: 예.
고객: 예예.
상담사: 8번 010에 8775 뒤에 몇 번이십니까?
고객: 6278이요?
상담사: 계약자님 앞에 생년월일이 어떻게 되실까요?
고객: 650610이요.
상담사: 예 확인 감사합니다 저희 쪽에는 100세 시대 보험 하나는 납입 면제가 돼 있고요 지금은 납입하는 게 하나 있는데요 32560원짜리로
고객: 예.
고객: 예.
상담사: 혹시나 암 보험이 하나 납입을 하고 계세요 새마을금고에서 매달 5일 자로요.
상담사: 안보자마자
고객: 아 그게
상담사: 네.
고객: 아 암 보장이에요?
상담사: 네네.
고객: 어 그러니까 5일 날
고객: 보험료가 빠져나갔는데
상담사: 예. 맞으세요.
고객: 이게 무슨 보험료인가 몰라가지고
상담사: 아 매달 5일 자로 새마을 금고에서 32560원씩 납입을 하고 계시고요 암 진단비 보험이라 주계약도 암 진단비고 특약도 다 고액암 진단으로 암 관련된 보장 납입 중이세요.
고객: 어
고객: 예.
고객: 어 예 예.
고객: 아
상담사: 네.
고객: 안보험이라고 말이죠.
상담사: 예 그렇습니다.
고객: 예.
고객: 거의 5일 날 빠져나가는 건가요?
상담사: 예 이 티에이를 매달 5일로 해 놓으셨어요. 고객님
고객: 아 예 그럼 그게 지금
고객: 지금까지 정상
고객: 정상적으로 다 갔죠?
상담사: 예 그렇습니다 미납 없이 정상적으로 잘 납입되고 계십니다.
고객: 이사장님.
고객: 아 예.
상담사: 네.
고객: 아니요. 혹시 이거
상담사: 예.
고객: 이거는 언제 들었던 거예요 제가?
상담사: 2020년도 4월에 가입하셔서 5년 넘으셨어요.
고객: 아 그랬구나.
상담사: 네 그렇습니다.
고객: 마이
고객: 이거는
고객: 예를 들어 약관 대출이나 이런 건 없는 거죠?
상담사: 네 대출 기능은 없는 상품이세요.
고객: 예 알겠습니다.
상담사: 늘 건강하시고요 감사합니다 다음에 없는 고장 기억부터 안내 받아보시고 감사드립니다.
고객: 예.","김수원 고객이 2020년 4월에 가입한 100세 시대 보험(납입 면제 포함)과 암 진단비 보험(주계약 및 특약 모두 고액암 진단 보장)을 매달 5일 자로 새마을금고를 통해 32,560원씩 납입 중이며, 현재까지 미납 없이 정상적으로 납입되고 있으며, 대출 기능은 없는 상품임.","계좌에서 보험료 납입되는 계약건은 1건으로 월 보험료 32560원이며 매일 5일, 새마을금고에서 납부되고있음. 보장내용은 암, 고액암 상품임을 안내하였음","계좌보험료납입 계약건 1건
월보험료 32560원
매일 5일
새마을금고 납부
보장내용 암
고액암 상품",가능,0.95,"계약 1건, 월보험료 32560원, 매월 5일 새마을금고 납부, 암/고액암 보장 등 모든 내용이 STT에서 정확히 확인됨",가능,,heeaekwon,2026-03-05T19:06:43.670719,,,,,가능,,,,,오답,,STT_내용_추가(정상),"STT_내용_추가(정상): 고객명(김수원), 가입시기(2020년 4월), 100세 시대 보험 납입면제 정보, 미납 없이 정상 납입, 대출 기능 없음 등 정답지에 없는 STT 내용 다수 추가. 전사 정상이며 문맥 자연스러움",Y,,과답,,"{'label': 'STT_내용_추가(정상)', 'action': 'keep'}",heeaekwon,2026-03-10T22:22:55.295445,,,,,,,,
6,"상담사: 반갑습니다. 박은화입니다.
고객: 예 수고하십니다.
상담사: 예 감사합니다.
고객: 예 지금 제가 어저께요 그
상담사: 네
고객: 그쵸 보험 청구를 잘못해 가지고요 그거 취소하고 싶은데요.
상담사: 네.
고객: 어떻게 해야 됩니까?
상담사: 어 가 곽 자리 계시는 곽 원순리 본인 맞으십니까?
고객: 예예.
상담사: 예. 맞습니다. 생년월일 앞뒤 해서 처리는 아들이십니까?
고객: 이제 60년 6월 7일입니다.
상담사: 네. 휴대폰 번호 010에 3692. 네. 4자리는 몇 번이실까요?
고객: 예 9096이요.
상담사: 네 감사합니다. 고객님 그 혹시 어제 봉금 접수를 하신 거예요?
고객: 예예.
상담사: 아 아 제가 이제 9시가
고객: 그걸 자
상담사: 예.
상담사: 그럼 고객님 이거 아직 9시가 넘지 않아서 확인은 안 되는데요. 혹시 서류 미모 접수하신 거라면 제가 이거
고객: 네.
고객: 예.
고객: 예.
상담사: 혹시 접수건 취소해달라고 요청해드릴 건데 괜찮으시고요?
고객: 예예.
상담사: 예 그럼 취소 요청하실
고객: 거 취소해 주십시오.
상담사: 예 그럼 제가 지금 9시가 넘었지 않아서 접수된 게 아직은 확인이 안 되거든요 그래서 일단 접수된 건 확인되면은 심사자님한테 취소 요청해드릴 거고요 혹시 그럼 다시 재접수하실 거예요?
고객: 예.
고객: 예.
고객: 아닙니다.
상담사: 아 그러면
고객: 제
상담사: 예 그러면 일단 접수 건 취소만 해드리면 될까요?
고객: 예 예.
상담사: 알겠습니다 일단 9시 넘어서 확인이 되니까 9시 이후에 제가 취사장 요청해 드릴게요.
고객: 예 예.
고객: 예 부탁드리겠습니다.
상담사: 네.
상담사: 예 잘지냈습니다.
상담사: 예 알겠습니다. 다른 또 문의사항 없으십니까?
고객: 예 없습니다.
상담사: 네 신경 쓰셔서 연락드리고 있습니다. 편한 시간 연락은 통화 부탁드리겠습니다.
고객: 예.
고객: 예 고맙습니다.
상담사: 감 예 감사합니다.
고객: 예 예 수고하십시오.
상담사: 예 건강하세요.
고객: 예.","고객은 60년 6월 7일생 곽 원순리로, 어제 보험 청구 접수를 잘못해 취소를 요청함. 접수 건은 아직 9시 이후 확인되지 않아, 9시 이후에 심사자에게 취소 요청할 예정이며, 재접수는 하지 않음.",보험금 청구 잘못했다며 취소요청하였고 청구건 확인되면 부서통해 취소되도록 전달하겠음. 이후 재청구할 예정인지 확인하였으나 청구예정은 없음.,"보험금청구
취소요청
청구건 확인되면
부서전달
재청구예정
청구예정없음",가능,0.9,"보험금 청구 취소 요청, 확인 후 부서 전달, 재청구 없음 등 모든 내용이 STT에서 확인됨",가능,,heeaekwon,2026-03-05T19:39:45.149055,,,,,가능,,,,,정답,,STT_내용_추가(정상),"STT_내용_추가(정상): 고객 인적사항(60년 6월 7일생, 곽 원순리), 어제 접수 시점, 9시 이후 확인 가능 등 정답지에 없는 STT 내용 추가. 전사 정상이며 문맥 자연스러움",Y,,과답,,"{'label': 'STT_내용_추가(정상)', 'action': 'keep'}",heeaekwon,2026-03-10T21:40:07.938935,,,,,,,,
7,"상담사: 반갑습니다. 박주영입니다.
고객: 네 수고하십니다 다름이 아니고요.
상담사: 네 의원님.
고객: 그 제가 보험을 9월 2일 날 가입을 가입을 했거든요.
상담사: 네.
고객: 아이들 했는데 고걸 변경을 해가지고 원스톱 종합건강보험 2형이라는 그걸로 변경을 할라 그래요.
상담사: 네.
고객: 83490원 불입금 되는 거
상담사: 고객님 그러면 최정숙 계약자님 본인 맞으시죠 생년월일은 한 6자리 어떻게 되세요?
고객: 네 네.
고객: 맞아요.
고객: 네 55년 11월 7일
상담사: 네 그러시면 고객님 부분에 대해서 전문 모집인 그 방회장님을 통해서 가입해 주셨는데 방회장님에게 연락드려서 다시 이 상품에 대해서 재가입 안내드릴 수 있도록 통화 좀 전달해 드릴게요.
고객: 네 네.
고객: 네 네.
상담사: 네 감사합니다.
고객: 그러고요 고걸 제가 그 이제 기존 그거는 철회한다고 그랬는데 철회를 안 하고 이걸 변경을 해가지고 진행을 해 주시면 좋겠어요.
상담사: 우선은 이거를 반송을 하시고 새로운 상품으로 다시 안내를 받아보셔야 될 것 같거든요.
상담사: 그리고 계약 건 반송 요청 및 해당 그 모집인이 연락을 드릴 수 있도록 1번 통화 요청해드릴게요 고객님.
고객: 네 알았습니다.
상담사: 네 감사합니다.","고객은 9월 2일에 아이들을 대상으로 보험을 가입했으며, 기존 상품을 철회하지 않고 원스톱 종합건강보험 2형으로 변경하고자 함. 계약자명은 최정숙, 생년월일은 1955년 11월 7일. 기존 가입은 전문 모집인(방회장)을 통해 이루어졌으며, 변경을 위해 계약 건 반송 후 재안내가 필요함. 상담사가 모집인에게 연락 전달 및 재가입 안내를 요청함.","9월 2일 가입하였으나 원스톱종합건강보험 2형 83490원으로 변경원하여 문의하였으며 모집인 방**통해 가입하였기에 모집인이 연락드려 상품에 대해 재가입안내드리도록 통화요청하겠음.
기존건 철회하기로 하였으나 철회하지 않고 변경해서 진행하고 싶다 언급함에 이 상품을 반송 후 새로운 상품으로 안내를 받아보셔야할것같다 안내함.","9월2일 가입
원스톱종합건강보험2형
83490원
변경문의
모집인
재가입안내통화요청
기존건철회
철회미실시
상품반송
새상품안내",가능,0.9,"가입변경 문의, 모집인 통한 재가입 안내, 철회 대신 변경 희망, 반송 후 새상품 안내 등 모든 내용이 STT에서 확인됨",가능,,heeaekwon,2026-03-05T19:31:17.946180,,,,,가능,,,,,오답,,"정보_누락, 해석_오류, STT_내용_추가(정상)","정보_누락: 변경 희망 보험료 83490원 정보 누락; 해석_오류: 기존건 철회 후 마음을 바꾸어 변경 원하는 맥락이 왜곡됨 — 처음부터 변경 원한 것으로 기술; STT_내용_추가(정상): 가입 대상(아이들), 계약자 인적사항(최정숙, 1955년 11월 7일) 등 정답지에 없는 STT 내용 추가. 전사 정상이며 문맥 자연스러움",Y,,오답,,"{'label': '정보_누락', 'action': 'keep'}, {'label': '해석_오류', 'action': 'keep'}, {'label': 'STT_내용_추가(정상)', 'action': 'keep'}",E147381,2026-03-09T17:29:56.513736,,,,,,,,
8,"상담사: 네 계약자님 본인 맞으시죠?
고객: 예 예 예
상담사: 핸드폰 010 8197 뒤에 몇 번이세요 고객님?
고객: 3759요.
상담사: 네 앞의 생년월일 어떻게 되세요?
고객: 7 8 공수저 7이요.
상담사: 예 지금 9월 5일 날 청약 심사 올라가 있는데 아직 심사 진행 중이라 승낙은 아직 안 된 상태인데 그면 이거 청약 그냥 원치 않으신다고 반송한단 말씀이신 거죠?
고객: 네 안녕하세요.
고객: 어.
고객: 아 네. 감사합니다.
고객: 해지한다 해지.
상담사: 아 예예 그러니까 계약을 안 하신다고 반송을 요청할 거구요 청약 부서에다가 반송 처리할 거거든요.
고객: 네 네.
상담사: 그래서 담당 부서에다가 저희가 이거 심사 안 받는다고 청약 반송해 달라고 제가 요청해 드릴게요 고객님.
고객: 아 지금 바로 안되는 거예요?
상담사: 예.
상담사: 아 여기 청년 부서에서.
상담사: 아직 승낙이 안됐어요 계약이 심사가 진행 중이고 승낙이 된 상태가 아니라 철회를 할 게 아니라 상향 심사하는 걸 안 한다고 반송처리해버리면 다시 내용물 반환받으시는 거거든요.
고객: 예.
상담사: 그래서 그 청약 포스터에다가 제가.
고객: 3군데
상담사: 심사 안 받는다고 반송 처리해 달라고 그렇게 요청해 드릴 거예요 고객님.
고객: 예.
고객: 그 언제쯤 후에 되는데요.
상담사: 핸드폰
고객: 근데 먹거리는
상담사: 담당 부서요 담당 부서에다 빠른 반송 처리 원하셨다고 제가 전달해드릴게요 담당 부서에서 청약 담당 부서에서 빠른 처리를 해야 되거든요 그래서 이거 담당 부서에다가 제가 청약 의심을 원치 않으십니다.
고객: 예.
고객: 네.
고객: 예.
고객: 그럼 바로 돌려주면 되잖아. 무조건
상담사: 임성주님한테 그러면 저 빨리 전화 달라고 할게요 제가요.
고객: 네.
고객: 아니 부서를 연결시켜 주면 되잖아요 바로.
상담사: 네.
고객: 100분의 1에
상담사: 예 그니까 여기는 고객센터고요 청약 담당자 같이 근무하고 있지는 않아서 담당자한테 빨리 반송해달라고 요청해 드릴게요.
고객: 아 그 전화번호가 몇 번이에요? 거기는 파 파 저기가
상담사: 아 고객님한테 그러면 빨리 전화 달라고 해드릴게요 그럼요 고객님 처리가 급하시다고 그렇게
고객: 아 내가 전화 걸게요.
상담사: 아 저희가 전화로 전화하는 게 아니구요 그분 한 메일로 저희들이 회사에서 메일로 보내는 거라서 그래서 그럽니다 그래서 빠른 반송 요청하셨다고 전달할게요.
고객: 아니 그 에이아이 그 보험인데 지금 9시인데 지금 담당자가 딴 데로 바로 하면 바로 되던데
상담사: 예?
고객: 왜 그렇게 되
상담사: 청약 심사를요 임성준 쪽에서 그쪽에서 저희 가입을 해서 심사 올라가 있는 거라서 심사가 아직 안 끝났어요 그래서 청약을 심사 안 하고 반송해 달라고 해야 돼서.
상담사: 반송 처리를 청약 부서에서 하고 있어서 그렇습니다 고객님.
고객: 네.
고객: 성함이 어떻게 되십니까?
상담사: 그래서 제가 빨리 반송해 달라고 제가 요청해 드릴게요.
고객: 네.
고객: 알았어요. 바로 전화 주시라요. 예
상담사: 예 감사합니다 예 빠른 요청해 드릴게요.","계약자님은 9월 5일 청약 심사가 진행 중인 상품에 대해 청약을 원하지 않으므로 청약 반송 요청을 하셨으며, 상담사는 해당 요청을 청약 담당 부서에 전달하여 빠른 반송 처리를 요청할 예정입니다.",가입건 취소요청하였고 청약상태로 철회로 진행되는게 아닌 담당 부서 통해 반송으로 진행됨 안내 및 빠른 반송요청으로 전달하기로함.,"가입건 취소요청
청약상태 철회아님
담당부서 반송진행
빠른 반송요청 전달",가능,0.9,"가입건 취소, 철회가 아닌 반송 처리 안내, 빠른 반송 요청 전달 등 모든 내용이 STT에서 확인됨",가능,,heeaekwon,2026-03-05T19:32:57.049154,,,,,가능,,,,,정답,,"정보_누락, STT_내용_추가(정상)",정보_누락: '철회가 아닌 반송으로 진행됨'이라는 처리방식 구분 설명 누락; STT_내용_추가(정상): 9월 5일 청약 심사 진행 중 상태 정보 등 정답지에 없는 STT 내용 추가. 전사 정상이며 문맥 자연스러움,Y,,오답,,"{'label': '정보_누락', 'action': 'keep'}, {'label': 'STT_내용_추가(정상)', 'action': 'keep'}",heeaekwon,2026-03-09T17:27:44.789381,,,,,,,,
10,"상담사: 반갑습니다. 김지영입니다.
고객: 아 네네. 저희가 자세한 안내를 위해서 회원님 정보 확인이 필요한데요.
고객: 예 수고하십니다.
상담사: 네 감사합니다.
고객: 예 다름이 아니고
상담사: 네 네.
고객: 저는
고객: 소국영이라는 사람인데요.
상담사: 네 고객님 계약자 본인 맞으시죠?
고객: 네.
상담사: 네 고객님 생년월일 어떻게 되십니까?
고객: 5094
상담사: 네 휴대폰이 010 3535에 몇 번이세요?
고객: 2219
상담사: 네
상담사: 해지 남긴 게 있으신 것 같은데 맞으세요?
고객: 예?
상담사: 어떤 게 궁금하셨어요 어머니?
고객: 그 해양하려고 전화드렸거든요.
상담사: 아 그렇죠. 그
상담사: 금요일날 해지 콜백 남겨주신 게 있으신데요. 예 죄송한데 저희가 해지 부서에서 순차적으로 전화를 드리다 보니까 금요일날 다 전화를 못 드리는 것 같고요.
고객: 예예 예.
고객: 예 예.
상담사: 오늘 부서에서 고객님 휴대폰을 순차적으로 전화 드릴 거예요 문의.
고객: 예.
고객: 오후 그 전화가
고객: 안 와서 전화 드렸는데요.
상담사: 그렇죠. 근데 지금 연결된 부서도 해지 부서가 아니어서
상담사: 지금 제가 해지 업무 처리를 해드릴 수가 없고요.
상담사: 빠른 연락 요청하신다고 하면 전달드릴게요 고객님.
고객: 예 알았어요.
상담사: 네 감사합니다.
고객: 테레비전으로
고객: 빠지지 뭐
고객: 왜 자꾸 저리 핑계","고객은 소국영으로, 계약자 본인임을 확인하였으며, 생년월일은 1950년 9월 4일, 휴대폰번호는 010-3535-****이다. 고객은 금요일에 해지 콜백을 남긴 바 있으며, 해당 요청은 해지 부서에서 순차적으로 전화를 드리는 중이나 금요일에 모두 전화를 드리지 못한 상황임을 안내받았다. 고객은 오후 전화가 오지 않아 직접 전화를 드렸으며, 현재 상담사가 해지 업무 처리를 할 수 없어 빠른 연락 요청을 전달해줄 것을 요청하였다.",해지 상담 원하나 아직 연락이 없어 연락하였고 해지 콜백 남겨져 있으며 빠른 상담 요청으로 전달함,"해지 상담
연락 없음
연락 시도
해지 콜백 남김
빠른 상담 요청
전달",가능,0.9,"해지 상담 요청, 연락 없어 재연락, 해지 콜백 존재, 빠른 상담 요청 전달 등 모든 내용이 STT에서 확인됨",가능,,admin,2026-03-06T11:16:32.557276,,,,,가능,,,,,오답,,STT_내용_추가(정상),"STT_내용_추가(정상): 고객 인적사항(소국영, 생년월일, 휴대폰번호), 금요일 콜백 경위, 해지 부서 순차 연락 상황 설명, 상담사 해지 업무 처리 불가 설명 등 정답지에 없는 STT 내용 다수 추가. 전사 정상이며 문맥 자연스러움",Y,,과답,,"{'label': 'STT_내용_추가(정상)', 'action': 'keep'}",heeaekwon,2026-03-10T21:41:06.961191,,,,,,,,
13,"상담사: 반갑습니다. 김진명입니다. 무엇을 도와드릴까요?
고객: 네 뭐 좀 문의하려고 하는데요.
상담사: 네 어떤 문의실까요?
고객: 그 제가 가지고 있는 보험이 있는데
상담사: 네
고객: 그 보장 사항 좀 확인하려고 하는데 가능할까요?
상담사: 네 그러시면 제가 고객님의 정보 먼저 확인 후에 안내 도와드리도록 하겠습니다.
고객: 네.
상담사: 현재 전화 주신분이 계약자 정은주 님 본인 맞으세요?
고객: 네
상담사: 네 고객님 생년월일은 어떻게 되십니까?
고객: 79년 9월 10년
상담사: 네 등록돼 있는 휴대폰 번호 0108701 이하 번호 어떻게 되세요?
고객: 2854요?
상담사: 네 확인 감사합니다.
상담사: 고객님께서 유지 중인 계약 건이 2건으로 확인되시는데요.
상담사: 예 2건 다
상담사: 만보험으로 가입돼 있는 무배당 원스톱 만보험이신데요.
고객: 네.
상담사: 피보험자 유대인 님께서 보상받는 상품 먼저 말씀드릴까요?
고객: 아니 제꺼요.
고객: 똑같은 거라서 어차피
상담사: 네 고객님 계약 건 안내를 도와드릴 건데요 해당 상품은 2008년 1월 23일에 계약을 하셨고요.
상담사: 보상 내용에서는 주계약에서는 일반 암 진단 급여금 6000만 원
상담사: 상피내암 또는 기타피부암 진단 급여금 600만 원 경계성종양 진단 급여금 1200만 원 보상을 해드리고 있구요.
상담사: 특약에서는 2대 질병 진단 급여금으로 해서 급성 심근경색증 또는 뇌출혈 진단 급여금 3000만 원과 고액암 진단 급여금 5000만 원
상담사: 조혈모 세포 이식 수술비 2000만 원 보장해 드리고 있는 걸로 가입되어 있습니다.
고객: 제가 갑상선 유두암
고객: 진단받으면 그거는 어떤 암에 들어가요?
상담사: 예 질병 블록 코드도 같이 확인해 주셔야 될 분은.
상담사: 도움으로 있으세요. 고객님
고객: 그러니까 의도함일 경우에는
고객: 몰라요 그걸 그러면?
상담사: 네 질병 물류 코드에 따라서 소액암으로 분류되시기도 하시고 일반암으로 분류되시기도 합니다.
고객: 아
고객: 그거는 그러면 질문 코드가 뭐 나와야 돼요?
상담사: 갑상선 유두암은 병원 측에서 진단 내리시는 거기 때문에 자세한 거는 병원 측에 확인을 해보셔야 되는 부분이 있습니다.
고객: 음 아니 제가 궁금한 거는
상담사: 네.
고객: 요즘에 요즘에 들었던
고객: 그런 들은 보험들은 왜 갑상선암이 소액암으로 분류가 되잖아요.
상담사: 네.
고객: 근데 제가 그때 들었던 거는
고객: 일반 암으로 분류가 되는 건지 해서요.
상담사: 네 앞서 설명드린 것처럼 질병 분류 코드에 따라서 일반암으로 분류되시기도 하시고 소외감으로 분류되시기도 합니다.
고객: 씨 삼 씨 73은 뭐예요?
상담사: 병원 측에서
상담사: 시 73번이요?
고객: 네.
상담사: 가입하신 상품에서는 질병분류코드가 씨73번이시면 일반 암으로 확인되는 코드로 확인됩니다.
고객: 네 알겠습니다 어쨌든 그러면 뭐 결과지나 뭐 수사를 하게 되는 이런 거 다 있어야 되는 거죠?
상담사: 네 서류 다 발급을 받으셔야 되는 부분이 있으신데 자산 공원 코드번호 확인하시고 연락 주시면 자산 구비하실 서류 안내해드리도록 하겠습니다.
고객: 알겠습니다.
상담사: 네 감사합니다.
상담사: 네에","고객은 계약자 정은주로, 2008년 1월 23일에 무배당 원스톱 만보험이 가입되어 있으며, 피보험자 유대인 님의 보험 상품을 확인 요청함. 주계약은 일반 암 진단 급여금 6000만 원, 상피내암 또는 기타피부암 진단 급여금 600만 원, 경계성종양 진단 급여금 1200만 원을 보장하며, 특약으로는 2대 질병 진단 급여금(급성 심근경색증 또는 뇌출혈) 3000만 원, 고액암 진단 급여금 5000만 원, 조혈모 세포 이식 수술비 2000만 원을 보장함. 갑상선 유두암의 경우 질병분류코드에 따라 일반 암 또는 소액암으로 분류될 수 있으며, 질병분류코드 씨73번일 경우 일반 암으로 확인됨. 보험금 청구를 위해서는 병원에서 발급한 질병분류코드 확인 및 관련 서류 준비가 필요함.","계약건 2건이 있고 피보험자 본인으로 된 계약건의 경우 일반암 진단금 6000만원,상피내암 또는 기타피부암 진단급여금 600만 원, 경계성 종양 진단 급여금 1200만원 특약으로 2대질병 급여금 3000만원, 고액암진단급여금 5000만원 안내
갑상선 유두암의 경우 질병코드에 따라 소액암이나 일반암으로 분류될 수 있고
 C73 의 경우 가입한 상품에서는 일반암코드로 확인됨 안내하였고 질병분류코드번호 확인 후 다시 연락주시면 구비서류 안내가능함.","계약건 2건
피보험자(본인)
일반암진단금 6000만원
상피내암진단급여금 600만원
기타피부암진단급여금 600만원
경계성종양진단급여금 1200만원
2대질병급여금 3000만원
고액암진단급여금 5000만원
질병코드에 따라
갑상선유두암 소액암가능성
갑상선유두암 일반암가능성
C73 일반암코드확인
질병분류코드번호 확인요청
구비서류 안내가능",가능,0.9,"보장내용 금액, 갑상선유두암 분류, C73 일반암 확인, 구비서류 안내 등 모든 내용이 STT에서 확인됨",가능,,heeaekwon,2026-03-06T13:27:27.846999,,,,,가능,,,,,오답,,"해석_오류, 정보_누락, STT_내용_추가(정상)",해석_오류: 고객이 본인 계약 보장 내용을 문의했으나 generated는 피보험자 유대인 건으로 서술하는 주체 혼동; 정보_누락: 질병분류코드 확인 후 다시 연락주시면 구비서류 안내 가능하다는 콜백 안내가 누락됨; STT_내용_추가(정상): STT에 있는 조혈모 세포 이식 수술비 2000만 원이 generated에 추가됨,Y,,오답,,"{'label': '해석_오류', 'action': 'keep'}, {'label': '정보_누락', 'action': 'modify', 'error_detail': '2) 계약건 2건\n8) 콜백 안내\n\n누락', 'chunks': [2, 8]}, {'label': 'STT_내용_추가(정상)', 'action': 'modify', 'error_detail': '계약자 성함, 가입된 상품 및 가입날짜,\n조혈모 세포 이식 수술비 2000만 원,\n질명분류코드 씨73번 관련 내용 등\n\ngenerated에 추가됨', 'chunks': [1, 5, 7]}",heeaekwon,2026-03-10T21:44:24.409696,,,,,,,,
15,"상담사: 반갑습니다. 입니다.
고객: 여보세요.
상담사: 네 안녕하세요?
고객: 이걸 어떻게 하라고 지금 전화하셨어요?
고객: 보험료 청구를 그때 했잖아요.
상담사: 네 고객님.
상담사: 지금 저랑 처음 연결하셨고요.
고객: 예.
상담사: 우선 고객님 정보 확인하여 안내드려볼 텐데 계약자님 본인 맞으세요?
고객: 응.
고객: 음
상담사: 네 고객님의 생년월일은 한 6자리 어떻게 되십니까?
고객: 음 470 7월 20
상담사: 네 핸드폰 번호 010 6501 뒤에 4자리 말씀 부탁드립니다.
고객: 7008
상담사: 네 먼저 고객님 이기 그
상담사: 그 25년 7월 24일부터 7월 28일까지 5일 간 입원하신 거
상담사: 청과실에서 지급을 받아 보셨는데 그 이후에
상담사: 뭐 청구하실 내용이 있으신 거예요?
고객: 아 근데 지금 내가 수술을 했잖아요.
상담사: 네
상담사: 수술을 하셨다고요?
고객: 협상 수술을 협착증 수술했는데
고객: 그것이
고객: 간병인비랑 수술비랑은 나오는지 안 나오는지
고객: 나오면 나오고 안 나오면 안 나온다고 확인을 해줘야지 맨날 미루기만 하고 심사 중인다고 하면 어떡해요?
고객: 안 나오면 안 나온다고 딱 말을 해요.
상담사: 현미경을 이용한 촉촉한 황색 인대 제거술 하신 걸로
상담사: 7월 24일날
고객: 예?
상담사: 7월 24일 날 수술하신 거
고객: 예.
상담사: 이미 지급 처리가 완료되셨구요 간병비도 지급 처리가 완료되셨던 걸로 확인이 되세요.
고객: 이거 다 완료가 되었다고?
상담사: 네 맞습니다.
고객: 인제 말하자면 25000원으로 인해서 완료가 되었다고?
상담사: 25000원은 간병 보험으로 지급드린 거 같고 수술비는 25만 원 지급드렸습니다.
고객: 음 25만 원?
상담사: 네 8월 20일날 지급 드린 내역 한번 확인해 보시겠어요?
고객: 음 8월 20일 날 25만 원
고객: 말하자면 25000원 25만 원 그렇게 해서
고객: 수술비는 이 제가
상담사: 수술 입원비로 간병 보험이랑 같이 다 처리되신 걸로 확인이 되거든요.
고객: 25만 원 하고
고객: 환불금이 2만 5000원이라고
상담사: 네.
고객: 음.
고객: 암튼 알겠습니다.
상담사: 네 감사합니다.
고객: 뭐 그렇게 말을 해줬어야 하는데 맨날 심사 중에 심사 중에 옮겨 놓고
고객: 저기 저 기다리는 거잖아요 전화하고.
상담사: 그러셨어요?
고객: 아유 알겠습니다 좋은 하루 되세요.
상담사: 감사합니다 네.","고객은 2025년 7월 24일에 현미경을 이용한 촉촉한 황색 인대 제거술을 받았으며, 7월 24일부터 7월 28일까지 5일 간 입원한 사실을 확인했다. 수술비 25만 원과 간병비 2만 5천 원이 8월 20일에 지급 완료되었으며, 이는 수술 입원비와 함께 처리된 것으로 확인된다.","7월 24일 수술하여 청구하여 보험금 지급 되었고  간병비 25000원, 수술비 250,000원 지급되었고 8월 20일 지급 내역을 확인하시길 안내","7월24일
수술후 청구
보험금지급
간병비25000원
수술비250000원
8월20일
지급내역확인안내",가능,0.95,"7월24일 수술, 간병비 25000원, 수술비 25만원, 8월20일 지급 내역 확인 안내 모두 STT에서 확인됨",가능,,heeaekwon,2026-03-06T13:33:45.630085,,,,,가능,,,,,정답,,STT_내용_추가(정상),STT_내용_추가(정상): STT에 있는 수술명과 입원기간이 generated에 추가됨,Y,,과답,,"{'label': 'STT_내용_추가(정상)', 'action': 'modify', 'error_detail': '수술명, 입원기간, 수술 입원비와 함께 처리', 'chunks': []}",heeaekwon,2026-03-10T21:46:07.153837,,,,,,,,
19,"상담사: 반갑습니다. 박은화입니다.
고객: 아 예 어머니 병원 그 비용을
상담사: 네.
고객: 그 보험
고객: 좀 청구하려고 그러는데
상담사: 네.
고객: 혹시
고객: 뭔가 서류를 보낼 수 있는 그런 뭐
고객: 팩스나 뭐 아니면은 뭐 링크 같은 걸 받을 수 있을까요?
상담사: 네 어머님 혹시 스마트폰 사용하시는 거 맞으세요?
고객: 네 네 네.
상담사: 지금 휴대폰으로 사진 찍어서 모바일 접수가 가능하시거든요. 모바일 접수할 때도 링크나 발송해 드릴까요?
고객: 아 네 네 네
고객: 네 네.
상담사: 네 010 몇 번으로 사용하세요?
고객: 5459
상담사: 네.
고객: 8418
상담사: 네 8418번 맞으시죠?
고객: 맞습니다.
상담사: 네 보험금 접수할 수 있도록 링크 지금 발송해드렸습니다.
고객: 아 감사합니다.
상담사: 네 감사합니다.
고객: 네.
상담사: 네.
고객: 네.","고객은 어머니의 병원 비용에 대해 보험금 청구를 원하며, 모바일로 사진을 찍어 접수할 수 있는 링크를 요청함. 고객은 스마트폰을 사용하며, 휴대폰 번호 010-5459-****로 링크를 발송받음.","어머님 보험금 청구하려고하며 청구서류 발송가능한 팩스나 링크가 있는지 문의
계약자 스마트폰 이용함을 확인함에 사진찍어 발송가능한 모바일 링크를 발송하였음","어머님
보험금청구
청구서류
팩스가능여부
링크가능여부
계약자
스마트폰이용
사진촬영
모바일링크발송",가능,0.95,"보험금 청구, 팩스/링크 문의, 스마트폰 확인, 모바일 링크 발송 모두 STT에서 확인됨",가능,,E147381,2026-03-05T13:55:10.930073,,,,,가능,,,,,정답,,STT_내용_추가(정상),STT_내용_추가(정상): STT에 있는 고객 휴대폰 번호(010-5459-****)가 generated에 추가됨,Y,,오답,,"{'label': 'STT_내용_추가(정상)', 'action': 'modify', 'error_detail': '고객 휴대폰 번호, 보험구 청구 대상\n\n추가', 'chunks': [2]}, {'label': '정보_누락', 'action': 'add', 'error_detail': '청구서류', 'chunks': [1]}",test,2026-03-10T20:36:44.570359,,,,,,,,
21,"상담사: 반갑습니다 박예은 입니다.
고객: 네 수고 많으세요 제 것 좀 조회 좀 부탁드릴게요.
상담사: 네 저희 간단한 본인 확인 먼저 도와드리겠습니다. 지금 전화 주신 분 계약자 조 동수님 본인 맞으실까요?
고객: 네.
고객: 네.
상담사: 네 고객님 생년월일 말씀 부탁드립니다.
고객: 71년 3월 16일이요.
상담사: 네 핸드폰 번호가 010, ******************
고객: 6099요.
상담사: 네 확인 감사드리고요 고객님 어떤 문의로 이제 연락처 주셨 연락 주셨을까요?
고객: 제가 보험을 하나 들었거든요.
상담사: 네네.
고객: 어 저희 시어머니 이름으로 들고 제가
고객: 그 계약자예요.
상담사: 네네
고객: 네 별표 1개 돌아가셔 가지고
상담사: 아 네.
상담사: 네 감사합니다.
상담사: 잠시만요 고객님.
상담사: 우선은 고객님 저희가 이제 청구 관련해서 1번 이제 상담을 받아보셔야 될 것 같은데 저희가 이제 청구부서는 별도로 있습니다.
고객: 뭐
상담사: 네 그러시기 때문에 제가 지금 이쪽 관련 부서로 연락처 전달을 좀 도와드릴 거구요.
고객: 네.
상담사: 네 전화 종료해주시고 좀 기다려주시면 저희 대표번호 15889898로 전화 오실 겁니다 저희 청구 부서에서 연락 드리는 거기 때문에 전화 받으셔서 이제 계약건 청구 관련해서 이제 필요 서류나 이제 어 지급 이런
고객: 네.
상담사: 관련해서 이제 안내 다 가능하시니까 전화 받으셔서 상담 받으면 될 것 같습니다.
고객: 네.
고객: 네 감사합니다.
상담사: 네 감사합니다.
고객: 네.","고객은 계약자 조 동수이며, 시어머니 이름으로 가입한 보험에 대해 문의함. 계약자로 등록되어 있으며, 청구 관련 상담이 필요하여 청구 부서로 연락처를 전달받고, 대표번호 1588****로 전화를 기다리기로 함.",피보험자인 시어머님 사망으로 문의하였고 청구관련 상담받을 수 있도록 콜백 생성안내하였음.,"피보험자(시어머님)
사망
청구관련 상담
콜백 생성안내",가능,0.95,"시어머니 사망 문의, 청구상담 안내, 콜백(대표번호에서 연락) 모두 STT에서 확인됨",가능,,E147381,2026-03-05T14:02:43.890600,,,,,가능,,,,,오답,,"정보_누락, STT_내용_추가(정상)",정보_누락: 시어머니 사망 사실이 generated에서 누락되어 청구 목적(사망보험금)이 불명확함; STT_내용_추가(정상): STT에 있는 대표번호 15889898 등이 generated에 추가됨,Y,,오답,,"{'label': '정보_누락', 'action': 'keep'}, {'label': 'STT_내용_추가(정상)', 'action': 'keep'}",E147381,2026-03-10T09:32:45.965734,,,,,,,,
22,"고객: 음
상담사: 예 반갑습니다 AI A 생명확인자입니다 무엇을 도와드릴까요?
고객: 네 안녕하세요?
상담사: 예 반갑습니다.
고객: 네 본인한테 먼저 좀 해주시고 선생님 저 여쭤볼게요.
상담사: 예 전화 주신 분이 계약자 노봉애 고객님 본인 맞으시고요?
고객: 네.
고객: 네 네
상담사: 생년월일만 말씀 부탁드리겠습니다.
고객: 네.
고객: 6 7 0 4 0 2
상담사: 예 그리고 주소가 여름으로 이어 지사 어떻게 되십니까?
고객: 예
고객: 더샵 110동 211호
상담사: 네. 십정동이시고요.
고객: 네 네
상담사: 네 확인 감사드리고요 예 어떤 내용이 궁금하세요?
고객: 네.
고객: 아 제가 며칠 전에 약한 대출 받았었는데 상환하려고요.
상담사: 아 대출 상환하신단 말씀이시죠 예 잠시만 기다려 주시겠습니까?
고객: 네네.
고객: 네 네 네.
고객: 네 네
고객: 네
상담사: 예 고객님 200만 원 대출 이용 중이신데 얼마 상환하시겠어요?
고객: 200이요 전 금액이 예 예 예 전액 다.
상담사: 예 저
상담사: 예 전액 상환하시고요. 상환하실 은행과 계좌번호 말씀 부탁드리겠습니다.
고객: 네네 네네.
고객: 아 농협이고요.
상담사: 네 농협이고요.
고객: 어 3 5 2
상담사: 사모이
고객: 1941
상담사: 19
고객: 4 1
고객: 5518
상담사: 518
고객: 5518
상담사: 예 5518
고객: 네네 사감
상담사: 4 3 제가 ARS 연결해 드리면 안내 멘트 들으시고 이 계좌로 이제 출금동 1, **********************************
고객: 네
상담사: 노동의
상담사: 고객님께서는 AI의 생명으로 요청하신 업무 처리를 위하여
상담사: 노봉의 민요
상담사: 니니
상담사: 단위 농협.
상담사: 은행 계좌
상담사: 산 우
상담사: 이 일
상담사: 구 차
상담사: 예.
상담사: 응 응
상담사: 일 팔
상담사: 4 3
상담사: 로부터 이체 출금을 신청하셨습니다.
상담사: 동의하시면 1번 취소하시거나 1번을 누르고 동의하여 주셨습니다.
상담사: 예. 고객님 국측과 거주지 대한민국 맞으시고요?
고객: 네.
상담사: 예 고객님 그
상담사: 예 어제까지 이자 3150원 해서 200 3150원 출금하겠습니다.
고객: 네에
고객: 네네.
고객: 네 네
상담사: 이 잠시 기다려 주시겠습니까?
고객: 네
상담사: 기다려 주셔서 감사합니다. 전액 상환 처리되었습니다.
고객: 네.
상담사: 예 나중에 부족
고객: 감사합니다.
상담사: 예 그리고 나중에 부족한 부분은 없는지 신경 부서에서 연락드려도 괜찮으시죠?
고객: 네 네.
고객: 네?
상담사: 부족한 보상 관련으로 나중에 신규 학부서에서 전화드려도 괜찮으시죠?
고객: 신 계약 부서
고객: 부서요?
상담사: 부족한 부분은 없는지 나중에 신경부서에서 전화드려도 괜찮으시죠?
고객: 네 예 아니 저는 안 추워도 돼요.
상담사: 네 아 예 알겠습니다.
고객: 예 예 예 예 예.
상담사: 감사합니다. 좋은 하루 되십시오.","고객은 계약자 노봉애이며, 생년월일은 1967년 4월 2일, 주소는 경기도 수원시 영통구 십정동 더샵 110동 211호이다. 고객은 200만 원 대출을 전액 상환하려는 요청을 하였으며, 상환 계좌는 농협 352-1941-**** 계좌이다. 상환 금액은 이자 3,150원 포함 2,003,150원으로, 농협 계좌에서 출금되어 전액 상환 처리되었다. 고객은 상환 완료 후 감사의 말씀을 하였으며, 향후 부족한 부분에 대해 신경부서에서 연락드리는 것에 동의하지 않음.",대출 전액 상환요청으로 이자 포함한 200만 3150원 출금완료하였음,"대출 전액상환
이자 포함200만3150원
출금 완료",가능,0.9,"대출 전액 상환, 이자 3150원 포함 200만 3150원 출금, 처리완료 모두 STT에서 확인됨. 다만 '200만 3150원'이 STT에서 '200 3150원'으로 표기되어 약간의 STT 표기 차이 있으나 의미 확인 가능",가능,,E147381,2026-03-05T14:03:31.436451,,,,,가능,,,,,오답,,STT_내용_추가(정상),"STT_내용_추가(정상): STT에 있는 고객 이름(노봉애), 생년월일(670402), 주소(경기도 수원시 영통구 십정동 더샵 110동 211호)가 generated에 추가됨",Y,,오답,,"{'label': 'STT_내용_추가(정상)', 'action': 'modify', 'error_detail': '고객의 생년월일(670402), 상환 계좌정보, 상담대화 마무리 내용', 'chunks': []}, {'label': 'STT_내용_추가(오전사)', 'action': 'add', 'error_detail': '고객 성함', 'chunks': []}, {'label': '해석_오류', 'action': 'add', 'error_detail': ""STT 전문에 고객 주소지 '경기도 수원시'에 대한 실제 언급은 없고, '십정동'만 언급됨."", 'chunks': [1]}",heeaekwon,2026-03-10T20:58:47.434093,,,,,,,,
23,"상담사: 반갑습니다 입니다 무엇을 도와드릴까요?
고객: 예 수고하십니다.
고객: 그 전에
고객: 3명을
고객: 가입한 사람인데요.
상담사: 어떤 문의 있으실까요?
고객: 네 그
고객: 며칠 전에 삼성병원에
고객: 입원해갖고 수술을 받았거든요?
상담사: 아 그러세요 그럼 고객님 지금 청구를 하셔야 되는데 내용을 먼저 아셔야 되고 청구를 할 수 있는 거라서 저희 지금 연결된 곳은 가입을 권한 영업 센터가 저희는 권한이 없기 때문에 저희 대표 번호 연락을 주셔야 되는데요 제가 계약 건 확인하고
고객: 1888에
상담사: 네 1 5 8 8에 9 8 9 8 제가 계약건 확인하고 해당 부서에서 고객님한테 연락을 달라 그렇게 전달을 1번 해드려 볼게요 전화주신 고객님의
고객: 예 그리 연락 좀 해주세요.
상담사: 예 저희가 본인 확인 이후로 전달이 가능합니다 전화 주신 고객님의 성함이 계약자분 김원동 고객님 분이십니까?
고객: 예 맞아요.
상담사: 네 고객님의 생년월일이 어떻게 되세요?
고객: 예.
고객: 4606
고객: 오늘 1?
상담사: 네 그리고 사용하시는 핸드폰 0103721 뒤에 4자리 몇 번이세요?
고객: 9 6 8 8
상담사: 네 확인 감사합니다 현재 고객님 유지되는 계약이 총 3건 있으시거든요 어 모베 2019년도 7월 17일 무비당 꼭 필요한 건강 갱신 투 그리고 2024년도 12월 4일날 모바랑 백색 건강 갱신 지배 그리고 2025년도 7월 8일날 모바랑 안심 추가법 건강 갱신 이렇게 3건 있으셔서
상담사: 내용을 모르기 때문에 제껀 다 고객님한테
상담사: 안내하고 청구 진행해 달라 그렇게 전달해 드리겠습니다 어 해당 부서에서는 순차적으로 연락을 드리기 때문에 시간이 상당히 중요할 수 있는 거 양해 부탁드리구요 고객님한테 전화 가는 번호가 1, **********************************************************************************
고객: 예 예.
상담사: 네 드리겠습니다 감사합니다.
고객: 끊고 기다려요?
상담사: 예. 통화 종료해주셔야 됩니다.","고객은 계약자 김원동이며, 생년월일은 1946년 6월 1일, 핸드폰번호는 010-3721-****이다. 현재 유지 중인 계약은 총 3건으로, 2019년 7월 17일 가입한 '모바랑 무비당 건강 갱신 투', 2024년 12월 4일 가입한 '모바랑 백색 건강 갱신 지배', 2025년 7월 8일 가입한 '모바랑 안심 추가법 건강 갱신'이다. 고객은 며칠 전 삼성병원에 입원하여 수술을 받았으며, 청구를 위해 관련 정보를 안내받고자 상담을 요청했다. 상담사가 계약 정보를 확인한 후 해당 부서에 고객에게 연락을 요청할 예정이며, 연락은 1, ********************************************************************************** 번호로 진행될 예정이다.","가입관련센터로 연결되었으며 보험금 청구에 대해서는 부서에서 순차적 연락드릴 수 있도록 전달드림 안내
계약건은 총 3건이있으며 1588-9898에서 연락드릴 예정임.","가입관련센터연결
보험금청구 부서
순차적연락
계약건3건
1588-9898연락예정",가능,0.95,"가입관련센터 연결, 청구부서 순차적 연락 전달, 계약 3건, 1588-9898 연락 예정 모두 STT에서 확인됨",가능,,E147381,2026-03-05T14:04:55.083614,,,,,가능,,,,,오답,,STT_내용_추가(정상),"STT_내용_추가(정상): STT에 있는 고객 인적사항(이름, 생년월일, 핸드폰번호)과 계약 3건 상세 명세가 generated에 추가됨",Y,,오답,,"{'label': 'STT_내용_추가(정상)', 'action': 'keep'}, {'label': 'STT_내용_추가(오전사)', 'action': 'add', 'error_detail': '고객 생년월일', 'chunks': []}, {'label': '정보_누락', 'action': 'add', 'error_detail': '- 가입관련센터 연결 사실 누락\n- 전화번호 마스킹됨\n(모델은 올바르게 생성했을 수도 있음. 모델 생성 이후 적용되는 후처리 알고리즘으로 인해 모델 답변이 마스킹 됐을 수도 있음)', 'chunks': [1, 4]}",heeaekwon,2026-03-10T21:13:59.250503,,,,,,,,
25,"상담사: 반갑습니다. 입니다.
고객: 여보세요?
상담사: 네 고객님.
고객: 아 좀 저 카톡으로
상담사: 응
고객: 보험료 미납 됐다고 한 합
고객: 카톡이 왔는데 뭐가 미납이 됐는지.
상담사: 차별이예요.
상담사: 어 결정이 되시는 7월쯤 본인 맞으십니까?
고객: 예 예 예.
상담사: 생년월일은 어떻게 되세요?
고객: 601010
상담사: 휴대폰 번호가 010, *************
고객: 52861548
상담사: 확인해 주셔서 정말 감사합니다. 납입 면제 계약 건 포함해서 유지 계약 건은 총 2건 확인이 되셨고요.
상담사: 미납 문자를 받으신 거예요?
고객: 네 거 미납됐다고 그러던데
상담사: 네 잠시만 기다려
상담사: 네 확인해 보겠습니다. 잠시만 기다려 주시겠습니까?
상담사: 고객님 혹시 문자를 언제 받으셨는지 여쭤봐도 될까요?
고객: 한 며칠 전에
고객: 어저껜가 그저껜가 온 거 같은데.
상담사: 며칠 전에요?
상담사: 민원 문제가 발송이 된 게 없어서요. 제가 어떤 내용으로 문자가 갔는지 확인해 드릴게요.
상담사: 아 고객님 미납 문제가 아니고요.
상담사: 그 납입인임대들 암보험이 있잖아요.
고객: 예.
상담사: 그 암보험이 10월 21일자 인제 만개가 된다라는 만개 문자 발송해 드린 걸로 확인됩니다.
고객: 그럼 납인 납 미납됐다는 건 뭔 얘기예요?
상담사: 미납 문자가 따로 발생이 되지는 않았어요 고객님.
고객: 잠깐만요.
상담사: 네
고객: 여보세요?
상담사: 네.
고객: 제가 읽어드릴게요.
상담사: 네.
고객: 예?
상담사: 네.
고객: 보험료 미납 날 납입 최고 안내
고객: 누락 방지 보험금 지급 계약 갱신 만기
고객: 안내의 정확한 전달 정
고객: 정책 변경 약관
고객: 개정 등 법적 안내 의무 이행
고객: 아래 링크를 통해 간편하게 업데이트 하실 수 있습니다.
고객: 보험 메시지는 고객님의 소중한 정보를 안전하게 보호하기 위해 발송되었습니다.
고객: 이렇게 왔는데
상담사: 고객님 그거 9월 3일날 발송됐던 문자 말씀하시는 거예요?
고객: 옷을 할 것 같을 이게 카톡으로
상담사: 고거는 어떤 거냐면은요.
고객: 네.
상담사: 고객 정보가 변경이 되셨다면 업데이트 해 달라고 문자 보내드린 거거든요. 정보가 업데이가 업데이트가 되셔야 보험료 미납이나 최고 안내장 방지가 되실 거고 또 보험금 지급이나 갱신 안
고객: 아 그럼 미납은 됐다는 거 아니에요?
상담사: 미납은 안 돼 있어요 고객님 미납 전혀 없고요.
상담사: 그다음에 9월 5일날 문자 보시면은 계약 만기 안내문이라고 발송이 됐거든요.
고객: 예.
고객: 예.
고객: 예.
상담사: 그 납입문제 된 안보 1건이 이제 10월 21일자 다음 달에 만기가 될 예정입니다.
고객: 아 그럼 그 보험이 끝나는 거예요 아니면 갱신이 되는 거예요?
상담사: 잉
상담사: 갱신이 안 되고 만기가 됩니다.
고객: 그냥 끝나는 거요?
상담사: 네 맞습니다.
고객: 아 예 알았으 그럼 나는 아무것도 안 해도 되네요.
상담사: 네.
고객: 네 알았어요.
상담사: 네 감사합니다.
고객: 예.
고객: 연결이 아직?
고객: 전화 번호요.
상담사: 네 먼저 종료해 주시겠습니까?
고객: 부탁한다 없다고?
고객: 전화번호
상담사: 말씀이 없으시면 제가 먼저 종료하도록 하겠습니다.
고객: 아 그렇던데.","고객은 60**** 생년월일, 휴대폰 번호 010-5286-****으로 가입된 암보험 계약(납입 면제 계약 포함) 2건을 보유하고 있으며, 카톡으로 보험료 미납 안내 문자를 받았다고 설명함.  
상담사 확인 결과, 고객은 보험료 미납 상태가 아니며, 문자는 9월 3일에 발송된 고객 정보 업데이트 안내문자로, 보험료 미납 관련 내용이 아님.  
또한 9월 5일에 계약 만기 안내문이 발송되었으며, 해당 암보험은 10월 21일자로 만기되며 갱신되지 않고 종료됨.","카톡으로 보험료 미납되었다며 확인요청하였고 
납입면제건 포함 계약건 2건이 있으며 미납은 없음 안내
미납문자가 아니며 납입면제된 암보험이 10/21 만기 안내임.
9월 3일에 발송된 문자 내용인지 재확인하였고 해당 안내는 정보가 변경이 되셨다면 업데이트 해달라 안내드림것임을 안내하고
미납문자가 아님을 재안내드렸음.
갱신되지 않고 만기가 되어 끝나는것임을 안내
별다른 조치를 취하지 않아도 됨 안내하였음","보험료미납 확인요청
납입면제계약 포함 2건
미납 없음
미납문자 아님
납입면제암보험
10/21 만기
9월3일 문자재확인
정보변경 업데이트요청
미납문자 아님 재안내
갱신되지 않음
만기 종료
조치 불필요",판단불가,0.85,대부분 확인 가능하나 '만기'가 '만개'로 STT 인식 오류가 있어 정확한 판정이 어려움. 다만 문맥상 만기임이 유추 가능,가능,,heeaekwon,2026-03-06T17:06:15.355026,,,,,가능,,,,,정답,,"정보_누락, STT_내용_추가(정상)",정보_누락: 별다른 조치를 취하지 않아도 된다는 결론 안내가 generated에서 누락됨; STT_내용_추가(정상): STT에 있는 고객 생년월일(601010)과 휴대폰 번호(010-5286-****)가 generated에 추가됨,Y,,오답,,"{'label': '정보_누락', 'action': 'keep'}, {'label': 'STT_내용_추가(정상)', 'action': 'keep'}",E147381,2026-03-10T09:40:34.453771,,,,,,,,
26,"상담사: 반갑습니다. 김경희입니다.
고객: 어 다름이 아니고 뭐 좀 하나 여쭤보려고요.
상담사: 아 네 근데 어떤 공무원이신지
고객: 어 제가 통원
고객: 청원지르면 이 실비 청구할라믄 서류가 뭐 뭐 필요하죠?
상담사: 아 그러세요. 우영주 고객님 계약자 본인 맞으십니까?
고객: 예예예.
상담사: 네 고객님 생년월일 어떻게 되십니까?
고객: 680214요.
상담사: 네 연락처가 010, *************
고객: 2 9 8 0이요
상담사: 예 실비 통원 치료하신다는 거죠. 질병이신 거예요?
고객: 그냥
고객: 질병으로 들어가는 거예요 통원 치료에
상담사: 아
상담사: 알겠어요. 필요한 서류하고 그 접수할 수 링크하고 문자로 좀 보내드릴 거고요.
고객: 예.
상담사: 예 서류 보내주시고 혹시 뭐 추가 서류 있으면 따로 요청 드릴 거고요.
고객: 그리고 하나 더 여쭤버릴게요.
상담사: 네.
고객: 이게 통원 치료비가 유효기간이 몇 년이에요?
상담사: 소음 치료 3년 이내에 청구 가능하시고요.
고객: 3 3년이 넘으면 어떻게 되는 거죠?
상담사: 많이 넘으신 거예요?
고객: 어
고객: 1달 정도 되는 것 같은데요.
상담사: 아 3년에서요?
고객: 예.
상담사: 아 그 정도는 청구해 보셔도 될 거 같아요 형님.
상담사: 금액 크지 않으면 예 조금 넘으신 것도 심사
고객: 어
고객: 예
상담사: 하는 경우 있으니까
상담사: 안 하신 거 있으면 같이 접수해 보시고요.
고객: 예
상담사: 고객님 국적이랑 실제 거주하신 거 동일하게 한국 맞으시죠?
고객: 예.
고객: 예예.
상담사: 네 서류 보내주시고 혹시 추가 서류 있음 요청드리고요. 지급 여부 심사 후에 결정되십니다.
고객: 예.
고객: 예예 알겠습니다.
상담사: 예 감사합니다 건강하시고요 또 부족한 습관 안내차 연락드렸으니 괜찮으시죠.
고객: 예 예 예.
고객: 예 예 예 예.
고객: 예 예.
상담사: 예 감사합니다.","우영주 고객님은 계약자로서 통원 치료비 실비 청구를 위해 서류를 제출하시며, 생년월일은 1968년 2월 14일, 연락처는 010-****-2980입니다. 질병으로 인한 통원 치료로 인해 실비 청구를 신청하며, 청구 서류와 접수 링크는 문자로 안내될 예정입니다. 통원 치료비는 치료일 기준 3년 이내에 청구 가능하며, 3년을 약간 넘는 경우도 심사 후 지급 여부가 결정될 수 있습니다. 국적 및 거주지가 모두 한국입니다.","보험금 청구 구비서류와 청구가능한 링크 문자발송
추가적인 서류 요청될수있음
보험금청구는 3년이내 가능함
보험금 청구가능기간 1달정도 넘고 청구금액이 소액이면 심사가능함으로 청구해보시라 안내
국적과 실제거주국 한국 확인","보험금청구 구비서류
청구가능 링크 문자발송
추가 서류 요청
보험금청구 3년이내
청구가능기간 1달넘음
청구금액 소액
심사 가능
국적 한국
실제거주국 한국",가능,0.95,"구비서류/링크 문자발송, 추가서류 요청 가능성, 3년이내 청구, 소액 심사 가능 안내, 국적/거주국 확인 모두 STT에서 확인됨",가능,,E147381,2026-03-05T14:10:29.568128,,,,,가능,,,,,오답,,STT_내용_추가(정상),"STT_내용_추가(정상): STT에 있는 고객 이름(우영주), 생년월일(680214), 연락처(010-****-2980)가 generated에 추가됨",Y,,오답,,"{'label': 'STT_내용_추가(정상)', 'action': 'keep'}, {'label': '해석_오류', 'action': 'add', 'error_detail': ""'고객님은 ... 서류 제출하시며'는 고객이 이미 서류를 제출했다는 의미. 실제로는 상담사가 필요 서류를 문자로 안내해드린다는 내용."", 'chunks': [1]}, {'label': '정보_누락', 'action': 'add', 'error_detail': '2) 전체 청크내용 누락\n4) 소액, 청구해보라 안내', 'chunks': [2, 4]}",heeaekwon,2026-03-10T21:21:40.320039,,,,,,,,
28,"상담사: 아 네 고객님 반갑습니다 상담사 전 순이입니다.
고객: 아 제가 카드로 결제가 되나봐요 보험료가
상담사: 아 네.
고객: 카드가 만료돼서 카드가 바뀌어졌거든요.
상담사: 아 네.
상담사: 어 저희가 정보 확인하고 카드 변경해드릴게요 계약자 고객님 본인 맞으시고요?
고객: 네 네.
고객: 네 네.
상담사: 네. 생년월일 어떻게 되세요?
고객: 어 610120
상담사: 아 네.
상담사: 현재 자동 이체 카드는 무슨 카드이십니까?
고객: 비씨카드 아니에요?
상담사: 네 잠깐만 기다려 주시면 감사하겠습니다.
고객: 네.
고객: 매일 좀 많이
고객: 장바구니 들어오셨어요?
고객: 너무 도와도 될까 봐
고객: 운동을 하시라고?
고객: 다시 한번 더 걸려보겠습니다.
상담사: 네 고객님 확인되시고요 3건 있으신데 3건 모두 다 저희가 같이 변경을 해드리면 될까요?
고객: 네. 회원님 성함이랑 생년월일 여쭤볼게요.
고객: 네 네.
상담사: 아 네.
상담사: 카드 번호 말씀 부탁드릴게요.
고객: 네.
고객: 5377
상담사: 네 5377
고객: 일 이
고객: 잠깐만요. 1275
상담사: 네 117호
고객: 6938
상담사: 네 6938
상담사: 네.
고객: 0756
상담사: 네 07 5 6 유효기간이 어떻게 되세요?
고객: 10 10 30
상담사: 네.
상담사: 국적과 실제 거주국 동일하게 대한민국 맞으신 거죠?
고객: 네네.
상담사: 네 번호 맞는지 등록을 해보겠습니다 잠시만 기다려주시면 감사하겠습니다.
고객: 네 네.
상담사: 네.
상담사: 네 고객님 정상 등록되었고요 이번 달부터 이 카드로 네 승인될 예정이세요.
고객: 네 네 밀린 건 없어요?
상담사: 음
상담사: 네.
고객: 예예. 알았습니다.
상담사: 밀린 거 없으시고 네 네 없으시고 8월달까지 납부되어 있는 상태이세요.
고객: 네 네.
상담사: 네 그리고 부족한 보장 관련으로 훨씬 신경 쓰셔서 다음에 연락드려도 괜찮으시죠?
고객: 어 아예 안 하셔도 돼요.
상담사: 네 감사합니다 건강하세요.
고객: 네. 네.
상담사: 아 네 고맙습니다.","고객은 계약자로, 생년월일 61****이며, 기존 비씨카드가 만료되어 카드 변경을 요청함. 현재 자동 이체 카드로 사용 중인 카드 정보(카드번호 5377-1175-6938-****, 유효기간 10/30)를 제공하고, 국적과 거주국이 대한민국임을 확인함. 3건의 보험 계약에 대해 카드 변경을 함께 처리함. 변경된 카드로 이번 달부터 자동 이체가 승인될 예정이며, 8월까지 납부 완료 상태로 밀린 납부 없음.","변경할 계약건 확인
카드번호,유효기간 확인, 
국적과 실제거주국 한국 확인
연체 없음안내","계약건 변경 확인
카드번호
유효기간 확인
국적 한국
실제거주국 한국
연체 없음",가능,0.95,"계약건 확인, 카드번호/유효기간, 국적/거주국 한국, 연체 없음 모두 STT에서 확인됨",가능,,E147381,2026-03-05T14:21:52.462674,,,,,가능,,,,,정답,,STT_내용_추가(정상),"STT_내용_추가(정상): STT에 있는 고객 생년월일(610120), 기존 비씨카드 만료로 교체 사유 등이 generated에 추가됨",Y,,과답,,"{'label': 'STT_내용_추가(정상)', 'action': 'keep'}",E147381,2026-03-10T09:51:51.407111,,,,,,,,
29,"상담사: 네 반갑습니다. 손녀니입니다.
고객: 네 안녕하세요?
상담사: 네 안녕하세요 고객님.
고객: 아 다름이 아니고요 지금 보건
상담사: 네.
고객: 이거
고객: 들어온 것 같은데 보고 지금
고객: 보험 취소할려고요.
상담사: 아 그렇습니까 고객님? 본인 확인하고 계약건 안내해드리겠습니다.
상담사: 네 박희정 고객님 계약자 본인 맞으십니까?
고객: 네.
상담사: 네 휴대폰 번호가 010, *************
고객: 2828285 10 이요.
상담사: 네 고객님 생년월일 말씀 부탁드립니다.
고객: 예 73년 2월 8일이요.
상담사: 네 감사합니다. 고객님 저희 쪽에 계약 건 치아 보험 계약 건 2건이고요.
상담사: 해지하신단 말씀이세요 고객님?
상담사: 저희가 해야군 고객님 신청할 수 있는 부서가 별도로 있는데요. 지금 현재 다른 부서로 연결되셨거든요.
고객: 아 네.
상담사: 상담 가능한 부서에서 고객님께 연락할 수 있도록 요청을 좀 해드릴게요. 고객님
고객: 네 감사합니다.
상담사: 예 오늘 중 전 해지 부서에서 고객님께 전화드릴 건데요 대표번호 1588에 9898번에서 연락을 드릴 거예요 고객님.
고객: 네 네 네.
상담사: 네 전화드리겠습니다 감사합니다.
고객: 네 감사합니다 좋은 하루 되세요.
상담사: 네 네.
상담사: 네 좋은 하루 보내세요 감사합니다.
고객: 네.
상담사: 네.","박희정 고객님(1973년 2월 8일생, 휴대폰 번호 010-****-2828)은 치아 보험 계약 2건 중 해지 신청을 하셨으며, 현재 해지 전담 부서로 연결 요청이 완료되었고, 대표번호 1588-****에서 오늘 중 연락이 있을 예정입니다.",계약건 2건 있다고 안내/ 해지부서에서 연락드릴수있게 요청해드리겠다 안내후 콜백생성,"계약건 2건
해지부서
연락요청
콜백생성",가능,0.95,"계약건 2건, 해지부서 연락 요청, 콜백 안내 모두 STT에서 확인됨",가능,,E147381,2026-03-05T14:21:27.056332,,,,,가능,,,,,정답,,STT_내용_추가(정상),"STT_내용_추가(정상): STT에 있는 고객 이름(박희정), 생년월일(730208), 휴대폰 번호, 치아보험 상품명이 generated에 추가됨",Y,,과답,,"{'label': 'STT_내용_추가(정상)', 'action': 'modify', 'error_detail': 'STT에 있는 고객 이름(박희정), 생년월일(730208), 휴대폰 번호가 generated에 추가됨', 'chunks': [1]}",E147381,2026-03-10T09:52:56.542232,,,,,,,,
31,"상담사: 반갑습니다.
고객: 예 예 보험잔 전기 좀 시킬라 그랬네요.
상담사: 아 네 고객님 제가 정보 확인 후 안내 도와드리겠습니다 전화 주신 분은 이봉수 님 계약자 분이 맞으십니까?
고객: 예.맞아요.
상담사: 생년월일
상담사: 월일이 어떻게 되세요?
고객: 6 4 1 0 7
고객: 6자 1207
상담사: 네 핸드폰 번호는 0105201 뒤에 4자리 어떻게 되세요?
고객: 1885요.
상담사: 네 확인 감사합니다.
고객: 네.
상담사: 지금 유지하고 계시는 보험이 총 2건이신데요. 이 2건에 대한
고객: 예 쪼끔 더 정리하게요.
상담사: 아 네.
고객: 고거 해약 할라 그래 아이 너무 많이 들어가 갖고
상담사: 네
고객: 그것도 없으면서 너무 많이 들어가고 그래서
상담사: 아
고객: 이제 보험 상담해 놔갖고 보고
고객: 좀 고거 넣고 난 뒤에 해약 보고 해약 할라고
상담사: 네. 그러세요?
고객: 일단은 일단 그러니까 일단 전기 2개 다 정지 좀 시켜줘요.
상담사: 네
고객: 네.
상담사: 네 증권번호 2586 2677
상담사: 2590 3266 이 2개의 어 보험에 대해서 자동이체
고객: 네.
고객: 네 감사합니다.
고객: 예.
상담사: 네 제가
고객: 예.
상담사: 해지 요청하겠습니다.
고객: 예 예.
고객: 만약에 살릴라면 그냥 그대로 또 전화하면 돼요 여기요.
상담사: 어 이거는 2달 정도는 이제
상담사: 이게 유지는 될 수 있는데요 2달이 지나면 실효 되시거든요.
고객: 네
고객: 예.
상담사: 그러면
고객: 자동으로 이게 없어져요?
상담사: 네.
상담사: 아 없어지는 건 아니고 이제 다시 부활은 가능하세요. 그런데 만약에 오늘
고객: 예.
상담사: 또 생산품 사는 사람들에게도 필요한 생산품에 대한 것들 여러가지 재료들이 많이 나오는데 그중에 한 가지
상담사: 9월이라면
상담사: 이제 10월 말까지는
고객: 예.
상담사: 이제 유지가 되시는데 11월달에 이제.
상담사: 이거는 실효되는 보험이거든요 근데 실효는 다시 보험료를 납입을 하시면 내가 내지 않은 2달 치의 보험료 납입하시면
상담사: 이제 다시 이거는
고객: 네.
상담사: 어 유지는 되는
상담사: 보험이거든요 그런데 너무 이제 기간이 너무 오래 경과됐다 그러면 그거는 저희가 기간을 보고
상담사: 어 결정을 하는 부분이에요.
상담사: 살 이제 보관이 가능한 보험이 있고 가능 기간에 따라서 너무 유지
고객: 알았어요.
상담사: 그 실효 기간이 너무 오래된 거는 또 가능하지 않은 상품도 있거든요.
고객: 일단 알아서 일단 정지시켜 줘 일단요.
상담사: 네.
상담사: 네 고객님 잠시만 기다려 주세요.
고객: 네 감사합니다.
고객: 예 예 예.","계약자 이봉수 님의 보험 2건(증권번호 2586 ****, 2590 ****)에 대해 자동이체 정지를 요청함. 보험 유지 기간은 10월 말까지이며, 11월부터 실효됨. 실효 후 재가입은 보험료 납입을 통해 가능하나, 기간이 오래 경과된 경우 재가입이 불가능할 수 있음.","고객이 보험이 너무 많은 이유로 정지 요청 함.
자동이체해지 하였고, 2달은 유지될 수 있지만 두달이 지나면 실효되며 부활 가능함 안내.
그러나 너무 기간이 오래 경과되면 부활이 가능하지 않은 경우도 있음 안내.","보험 정지 요청
자동이체 해지
2개월 유지
2개월 경과 실효
부활 가능
오래 경과 부활불가",가능,0.95,"정지 요청, 자동이체해지, 2달 유지, 실효, 부활 가능, 장기경과시 부활불가 모두 STT에서 확인됨",가능,,E147381,2026-03-05T14:25:41.558412,,,,,가능,,,,,정답,,STT_내용_추가(정상),"STT_내용_추가(정상): STT에 있는 증권번호(2586****, 2590****)가 generated에 추가됨",Y,,과답,,"{'label': 'STT_내용_추가(정상)', 'action': 'keep'}",E147381,2026-03-10T09:57:08.898125,,,,,,,,
32,"상담사: 반갑습니다. 주인은 정입니다.
고객: 네 여보세요.
상담사: 네 고객님
고객: 네.
고객: 네 제가 지난달에 그거 자동이체 계좌를 계좌번호를 바꿨는데요.
상담사: 네.
고객: 그게 지난달이랑 이번 달이랑
고객: 안 나가서요 보험료가.
고객: 전화드렸어요.
상담사: 아 그러세요 고객님 문의하실 내용 정보 확인 후 안내해 드리겠습니다 전화 주신 분은 계약자님 김혜정님 본이십니까?
고객: 네.
고객: 네.
고객: 네 네.
상담사: 네 저희 등록된 연락처가 010, **************
고객: 7279요.
상담사: 생년월일은 어떻게 되십니까?
고객: 79년 12월 11일요.
상담사: 네 확인되었습니다.
상담사: 고객님 지금 유지 건 3건 있으세요.
고객: 네 네.
상담사: 지금 1건은 온수 도보 1건을 이제 자동 이체를 해지하셨고.
고객: 네
상담사: 네 지금 뉴 어스트 보험 이건 이제 38040원 이 건에 대해서 지금 7월까지만 납입하셨네요.
고객: 네 네.
상담사: 지금
상담사: 8월까지 1건도 9월 보험료가 납입하지 않으셨고
고객: 네.
상담사: 잠시만요.
상담사: 고기 고기 농협으로 되셨는데 농협 중앙에 장고는 있으신데 지금
고객: 네.
상담사: 익체가 안 되시고 계시는 건가요?
고객: 네 네 저기 뭐지 저번에 8월달에 새로 들었던 거는 5월 날에 잘 나갔거든요.
상담사: 네
고객: 네 근데 이게 안 나갔더라고요 7월에 안 나가고 아 8월도 안 나가고 이번에 9월에도 안 나가고요.
상담사: 이런 게 다행인 것 같아요.
상담사: 3개월로
상담사: 고객님 지금
상담사: 그 8월 9일날
상담사: 가입하신 건
상담사: 그거는 지금 5일자에 자동 이체 지금 청구 중이제 농협 중앙에 잔고 있으시면
고객: 네.
상담사: 5일 단위로 이제 출금이 되시니까 이제 출금되실 거예요.
상담사: 이거는
고객: 근데 안 나갔잖아요.
상담사: 예 근데 자동이체 청구 주부로 뜨시는데.
고객: 네.
상담사: 근데 이제 제가
상담사: 지금 올스톱 보험이 1건이 지금
상담사: 안 나가고 계시네요 잠시만요 여기
고객: 네.
고객: 근데 제가 그거 뭐지 앱으로 들어가서 봤는데
상담사: 네.
고객: 혹시 그 그때 계좌번호 제가 남편 그걸로 바꿨거든요 계좌번호를
상담사: 네.
고객: 근데 이게 보니깐
고객: 계좌번호는 그대로 됐는데 그거 예금주 이름이 안 바뀌'어져 있어서 혹시 안 나간 건가 싶기도 하구요.
상담사: 네 지금 보니까 저도 여기 보니까
상담사: 뉴 온 스톱 보험 1건.
상담사: 안 나가고 7월까지만 나고 안 나가고 있는 건
상담사: 이 건은 지금 예금주가 김 회장님으로 그대로 돼 있으세요.
고객: 네.
고객: 제가 예금주 그거를 안 바꿨나 봐요 그때 해주신 분이
상담사: 잠시만요.
상담사: 음
상담사: 지장 문화학이
상담사: 일하려구요.
상담사: 지금 그전에 상담 내용을 제가 보고 있습니다.
고객: 네.
상담사: 네
상담사: 뭐가 됐어.
상담사: 2일 날 일산
상담사: 전화 받을 때 편해요.
상담사: 아 여기는 예.
상담사: 예금주명이 각 국민으로 돼 있으신데
고객: 네 네.
상담사: 네 하실 때 제가 고객님 이 건은 확인해보고 제가 전화를 드리겠습니다.
고객: 네.
상담사: 다른 방법을 좀 확인을 해 보고 전화를 드릴게요.
고객: 아 네.
고객: 아 네 알겠습니다.
상담사: 감사합니다 네.","고객은 계약자 김혜정으로, 79년 12월 11일생이며, 뉴 어스트 보험(38,040원)의 7월까지 보험료 납입 완료 후 8월 및 9월 보험료가 자동이체되지 않아 문의함. 계좌번호는 지난달에 남편 계좌로 변경했으나, 예금주명은 김회장으로 변경되지 않아 이로 인해 자동이체 미발생 가능성 제기. 상담사가 예금주명 확인 후 추가 절차 진행 예정.",지난달에 자동이체 계좌번호를 변경하였으나 지난달과 이번달 보험료 납부가 되지 않았다며 연락하였고 이전에 배우자 계좌로 변경하였으나 앱으로 확인하니 계좌는 변경되었는데 예금주는 바뀌지 않아 출금이 되지 않는건지 문의 확인 후 재연락드리기로 하고 종결,"자동이체계좌변경
지난달보험료미납
이번달보험료미납
배우자계좌로 변경
앱확인
계좌변경됨
예금주미변경
출금안됨문의
재연락예정
종결",가능,0.95,"자동이체 변경, 미납, 배우자 계좌, 앱 확인, 예금주 미변경, 재연락 약속 모두 STT에서 확인됨",가능,,E147381,2026-03-05T14:26:21.674263,,,,,가능,,,,,정답,,STT_내용_추가(정상),"STT_내용_추가(정상): STT에 있는 고객 이름(김혜정), 생년월일(791211), 보험상품명(뉴 어스트), 보험료(38,040원) 등이 generated에 추가됨",Y,,과답,,"{'label': 'STT_내용_추가(정상)', 'action': 'keep'}",E147381,2026-03-10T10:03:11.596815,,,,,,,,
33,"상담사: 아 네 고객님 반갑습니다 상담사 전선희입니다.
고객: 아 네. 일단 그러시면 저희가 정확한 안내를 위해서 실례지만 학생 회원님 아이디 말씀 부탁드리겠습니다.
고객: 예 저기 보험료가 만개돼 가지고
상담사: 네.
고객: 1묶음 저기 저 저
고객: 보내준다고 계좌번호 좀 알려달라 그러고
고객: 저도 전화했는데 문자가 와서
상담사: 만기요 고객님?
상담사: 네 미리 네 저희가 이 부분 네 계약자 성함이 어떻게 되실까요?
고객: 예 예.
고객: 과곡순
상담사: 네 만기 그 저 봉
상담사: 보험금 아직 고객님 저희가 만기될 때 자동선금 신청하는 부분이신데요.
상담사: 저희가
고객: 예.
상담사: 계약자님께 연락할 수 있도록 해 드릴 테니까 계약자님 잠깐만 바꿔주시겠어요?
고객: 아니 저기 문자가 계 계
고객: 여보세요?
상담사: 아 네 고객님 성함이 어떻게 되세요?
고객: 네.
고객: 화곡선
상담사: 아 네. 생각은 원래 어떻게 되십니까?
고객: 49120
상담사: 아 네 확인 감사하구요 저희가 그 아직 만개일차가 10, **********
고객: 예.
상담사: 아직 네 10월 17일이기 때문에 아직 남아 있어서 미리
고객: 네
상담사: 그때 이제 어
상담사: 금액이 있으면 지급되는 제도인데요 저희가
상담사: 그 부분 저희 부서에서 신청이 가능하지 않고 관련 부서가 따로 있으니까 그 부서에서 전화 갈 수 있도록 해드릴 테니까
상담사: 15889818로 전화 가면 전화 받으셔서
고객: 예.
상담사: 네 등록을 해 달라고 하시면 되세요 자동 송금
상담사: 네 등록
고객: 그럼 얼마나 기다리면 돼요?
상담사: 네 순차적으로 전화 가는 거라 시간 좀 걸리세요.
고객: 예. 그러면 어
고객: 얼마나 걸리는지 모르세요?
상담사: 네 정확한 시간은 저희가
고객: 잠깐만요. 우리 아저씨 바꿔줄게.
고객: 여보세요?
상담사: 아 네 고객님 아직 만개가 안돼서
고객: 예. 주소
상담사: 네 미리
고객: 10월 17일 날이잖아요.
상담사: 네 그니까 고객님 그거 그때 지급될 수 있도록 등록을 하면 되는데
고객: 그 그냥 지급되는 거 계좌번호를 계좌번호가 그
고객: 돈 떨어져 나가는 통장 있잖아요 그 계좌 번호 입금시켜주면 되는데 그거 그
고객: 또 계좌 번호를 아르켜 달라고 그래요.
상담사: 네 그니까 고객님
상담사: 그거 등록할 수
고객: 보험료 나가는 거 통장
상담사: 네 저희가 바로 등록이 안 되고 등록할 수 있는 부서가 전화 갈 거예요 과거 옥수님에게요 그때 말씀해 주시면 되세요.
고객: 예.
고객: 예.
고객: 문자가 왔더라고 계좌번호 좀 저기 할
상담사: 관련 부서에서 전화 갈 거예요 고객님 계좌번호 알려 달라고 전화 갈 거예요 곽옥수님에게요.
고객: 관련 뭐
고객: 그 저기 부서 좀 돌려줄 수 없어요 전화번호 알던가 전화번호 가르켜주던 그 도서 돌려줄 수 없어요?
상담사: 네 지금 연결이 안 되니까 전화 가게끔 저희가 해드릴 테니까 쪼금만 양해 부탁드릴게요. 고객님.
고객: 아 그 전화번호를 좀 가르켜 주실래요 그러면 우리가 직접 해볼게
상담사: 직통 전화가 없어요. 고객님
고객: 예?
상담사: 직통 전화 없고요 전화 갈 겁니다 고객님 조금만 양해 부탁드릴게요.
고객: 그러게 어 그 뭐 덮어놓고 기다리고 뭐 바뻐서 제때 못 받고 그러면
고객: 거 어떻게 하냐고요.
상담사: 시간이 가능한 시간 말씀 말씀해 주시면 그 시간쯤으로 전화 달라고 요청해 드릴까요?
고객: 오전 오전 중에는 이제 오후에는 저
고객: 추석 전화를 못 받는 거 같던데.
상담사: 네 12시 이전으로 저희가 해드릴게요 그러면요.
고객: 언제쯤이요?
상담사: 12시 이전으로 전화 달라고 요청할게요.
고객: 어 언제 할지도 모르잖아요 이건
상담사: 당일 12시 이전 요금 오늘 12시 이전으로는 전화 갈 수 있도록 저희가 전달해드릴게요 관련 부서에다가요.
고객: 아 예.
상담사: 네 감사합니다.
고객: 네.
상담사: 네.
고객: 10시","계약자 곽옥수님의 보험 만기일은 10월 17일이며, 보험금 지급을 위해 관련 부서에서 계약자님께 전화를 걸어 계좌번호 등록을 요청할 예정이다. 관련 부서는 1588-****로 전화하여 등록할 수 있으며, 전화는 당일 12시 이전에 연결될 수 있도록 요청할 예정이다.",계약자 곽 *순의 배우자에게 안내하였음. 10월 17일 만기로 만기보험금 지급받을 계좌번호 확인 문자 받았다고 하며 10월 17일 만기예정으로 만기보험금 지급될 수 있도록 자동송금 상담 가능한 부서로 통화요청전달해드림 안내 및 12시 이전 전화드리도록 전달하였음,"계약자(곽*순)
배우자 안내
10월17일 만기
만기보험금
계좌확인문자
자동송금 상담부서
통화요청
12시 이전전화 전달",판단불가,0.8,"계약자명 STT 인식오류 존재('과곡순'). 10월17일 만기, 자동송금 부서 전달, 12시 이전 전화 등 핵심 내용은 모두 확인됨",가능,,E147381,2026-03-05T14:27:06.745438,,,,,가능,,,,,정답,,"정보_누락, STT_내용_추가(정상)","정보_누락: 배우자에게 안내했다는 핵심 정보가 generated에서 누락됨. generated는 마치 계약자(곽옥수님)에게 직접 안내한 것처럼 서술.; STT_내용_추가(정상): STT에서 언급된 1588-9818 번호를 generated가 추가하였으나 reference에는 없음. STT 전사 정상, 문맥상 자연스러움.",Y,,오답,,"{'label': '정보_누락', 'action': 'keep'}, {'label': 'STT_내용_추가(정상)', 'action': 'keep'}",E147381,2026-03-10T10:05:26.030911,,,,,,,,
34,"상담사: 네 반갑습니다 AI 생명 염 고 운입니다 안녕하세요.
고객: 네 안녕하세요.
상담사: 네 고객님.
고객: 네 네 네 네.
고객: 저기 제가 지방 3일 날
상담사: 네 네
고객: 네 저기 그 방과실에서 하나 들어간 게 있는데요.
상담사: 네 네.
고객: 예 제
고객: 그 순경숙이라고
고객: 뭐 주민 번호 말씀드리면 되나요?
상담사: 아 내가 예 제가 몇 가지 여쭤보겠습니다 계약자님 성함이 신경승 님 본인 맞으시죠?
고객: 신경 쓰
고객: 네.
상담사: 네 생년월일 어떻게 되실까요?
고객: 5 4 0 3 0 6
상담사: 네 휴대전화 019 8464 예약에 자리 어떻게 되실까요?
고객: 2102
고객: 예 8 4 6 4 2 0 2
상담사: 네
상담사: 예.
상담사: 예 자택 주소는 청북 청주시
고객: 네.
상담사: 상당구 용
고객: 상담이 좀
상담사: 용담로
고객: 63분길에 33
상담사: 육 네
상담사: 네
고객: 은평 아파트 106동 205호.
상담사: 네 소중한 정보 확인 감사드립니다. 고객님 네 무엇을 도와드릴까요?
고객: 네.
고객: 네 아 네.
고객: 그런데 그 들고 생각을 해보니까 그때도 생각을 했지만
상담사: 네.
상담사: 네네.
고객: 아 제가 나이가 있잖아요.
상담사: 네 네
고객: 그래서 이자보다는 원금을 찾아 써야 될 저 상황이
고객: 더 많이 될 것 같아가지고 이거를 취소를 할라고요.
상담사: 아 그러셨어요 이 부분 이제 그 설계사님과 만나셔서 결
고객: 네.
상담사: 계약을 하신 건가요?
고객: 저기 저기 뭐죠 우리은행 우리은행 저
고객: 저기 연금주 차장 연금주 과장님하고 통화해서
고객: 아니 그날 가서 인제 얘기를 했는데
상담사: 네.
고객: 어 이렇게 해서 들었는데
고객: 요거를 취소해 주세요.
상담사: 네.
상담사: 알겠습니다 이 부분 저희가 확인해 보겠습니다.
고객: 네 네 네.
상담사: 네. 9월 6일 9월 3일에 가입하셨네요.
고객: 네네 며칠 안 되니까 취소가 될 거예요 아마.
상담사: 네 처리 처리 기간이 조금 남으셨는데 조금 더 고민 안 해보셔도 되겠습니까?
고객: 안 안 해도 돼요 할 저기
고객: 저기 상황이 아예
고객: 그리고 인제 또
상담사: 그렇습
고객: 일도 생겼고 뭐 며칠 사이에 또 또 그런 저기도 있기도 하네.
상담사: 아 그러셨어요.
고객: 네 네 네 네.
상담사: 잠시만 기다려주십시오.
고객: 네네네.
상담사: 청약 자율 접수를 위해서 제가 몇 가지 질문을 드릴 건데요 중복된 부분이 있다라도 양해 부탁드리겠습니다.
고객: 네.
상담사: 네 이 상품 가입하신 네.
고객: 예.
상담사: 네 저희 회사 요청으로 지정된 병원에서 건강 검진 받은 적 있으실까요?
고객: 아니요 그런 거 없어요.
상담사: 네.
상담사: 지금 신청하신 분은 계약자 본인 맞으시죠?
고객: 예 저 본인이에요.
상담사: 네 계약자님 성함과 생년월일 말씀 부탁드립니다.
고객: 예 선생님.
고객: 신정숙
상담사: 예.
고객: 어 4 5 0 3 0 6
상담사: 네 당연하시겠지만 고객님 국적과 실제 거주하시는 곳은 동일하게 대한민국 맞으시죠?
고객: 네 맞아요.
상담사: 네
상담사: 피보험사
상담사: 수인 경수님의 보험 총 1건 신청하신 게 맞으실까요?
고객: 온데로 네네.
상담사: 네 해당 계약의 보험료는 어떤 방법으로 납입하기로 하셨습니까?
고객: 어 그때 납입할 때 그때 저기
고객: 에 정기 예금주는 만기가 돼가지고
상담사: 네.
고객: 어 고걸로 이제 한다고 했는데 생각해 보니까 그거 저 이
상담사: 네.
고객: 안 될 것 같애요 이 이율이 딴 데보다 높긴 한데
상담사: 네 네.
고객: 일보다는 원금이 더 필요할 것 같아요 그래서
고객: 이 나이가 있기 때문에 생각을 해보니까 그래요.
상담사: 네.
상담사: 아 그러셨어요. 네 확인 감사드립니다. 반환 계좌는 고객님 저희가 엇
고객: 네.
상담사: 어디 은행으로 해 드릴까요?
고객: 어 우리은행
상담사: 우리은행이시구요.
고객: 네.
상담사: 네 계좌번호는 어떻게 되실까요?
고객: 네 네 우리은행 1002 다시
상담사: 1002 다시
고객: 이상입니다.
고객: 맞습 908 다시
상담사: 908 다시
고객: 510
고객: 985
상담사: 네
상담사: 510985 맞으세요?
고객: 어 네.
고객: 네 네.
상담사: 예 네 계좌번호 1번 확인 저희가 정확한지 확인해 보겠습니다.
고객: 네 네 네.
상담사: 네 계좌번호 확인되셨고요.
고객: 네.
상담사: 네 계약일자는 2025년
상담사: 9월 3일 맞으시고요?
고객: 아 네 네.
상담사: 네.
상담사: 지금 처리 중입니다.
고객: 네 네.
상담사: 아 제가 우선까지는
상담사: 아들이 있다 그죠?
상담사: 시간이 몇 시까지 소요가 되죠?
상담사: 예 예 얼마 안 남았어요.
상담사: 네 기다려주셔서 감사합니다. 이 부분 제가 해당 부서에 전달할 거구요 다른 문의사항 있으실까요?
고객: 네.
고객: 아 다른 건 없어요 인자 취소만 하면 되니까
상담사: 아
상담사: 아 그러세요.
고객: 시청에 바로 환급이 되죠?
상담사: 네 지금 오늘 이제 오늘 날짜로 접수가 되었구요. 네 평일 기준 3일 이내로 다시 1번 반환 처리되실 겁니다.
고객: 네.
고객: 네.
상담사: 네 감사합니다 늘 건강하시구요 추후에 고객님께 꼭 필요한 마침 상품으로 다시 한번 만나 뵙길 바라겠습니다.
고객: 네 그러면은
고객: 3일 안에 이제 환급이 된다구요?
상담사: 네 맞습니다. 고객님.
고객: 네 뭘 확인하신다고 그 후에?
상담사: 반환 처리가 되시는 거예요? 납입하셨던 보험료가요?
고객: 어 네 맞아요 그렇죠 어 3일 안 되는 거니까 네 알겠습니다.
상담사: 아 네.
상담사: 네.
상담사: 네 네 감사합니다 늘 건강하십시오 고객님 네
고객: 네 네 감사합니다 네 네 네.","고객은 2025년 9월 3일에 계약자 신정숙이 본인으로 가입한 보험 상품을 취소 요청하였다. 계약자 본인은 1954년 3월 6일생이며, 주소는 청주시 상당구 용담로 63분길 33 은평아파트 106동 205호이다. 보험료 납입 방법은 정기 예금 만기 금액을 활용할 예정이었으나, 현재 상황상 원금이 더 필요하다고 판단하여 취소를 결정하였다. 반환 계좌는 우리은행 1002-908-51**** 계좌로 지정하였으며, 청약 자율 접수 절차를 진행 중이다. 보험료는 평일 기준 3일 이내에 반환 처리될 예정이다.",25년 9월 3일 가입한 피보험자 신*숙인 계약건 철회 접수 완료하였고 평일 3일내로 초회보험료는 우리은행 1002** 계좌로 반환예정,"9월 3일 가입
피보험자(신*숙)
계약건 철회
접수 완료
평일 3일내
초회보험료
우리은행 1002** 계좌
반환 예정",판단불가,0.8,"피보험자명이 STT 인식오류('순경숙'/'신정숙')로 정확한 확인 어려움. 9월3일 가입, 철회접수, 평일3일내 반환, 우리은행 계좌 등 핵심내용은 확인됨",가능,,E147381,2026-03-05T14:29:06.517103,,,,,가능,,,,,오답,,"해석_오류, STT_내용_추가(정상)","해석_오류: '철회 접수 완료'를 '진행 중'으로 표현하여 처리 완료 여부가 불분명하게 서술됨.; STT_내용_추가(정상): STT에서 언급된 생년월일, 주소, 취소 사유 등 신상 부가정보를 generated가 추가. reference에는 없으나 STT 전사 정상이고 문맥상 자연스러움.",Y,,오답,,"{'label': '해석_오류', 'action': 'keep'}, {'label': 'STT_내용_추가(정상)', 'action': 'keep'}",E147381,2026-03-10T10:06:39.953926,,,,,,,,
35,"상담사: 몇 번 불러
고객: 네.
상담사: 반갑습니다.
고객: 아 네 여보세요?
상담사: 네 고객님.
고객: 아 네 저기 그 에이치 그 보험 2개 해약하려 그러는데
상담사: 그러세요?
고객: 네. 해야지 해 주세요. 예예.
상담사: 네 그러면 제가 계약금 확인을 위해서 먼저 몇 가지 여쭙도록 하겠습니다.
고객: 예 예 예
상담사: 네 전화 주신 분은 계약자 박선순 고객님 본인 되십니까?
고객: 네 네
상담사: 네 고객님 생년월일 어떻게 되실까요?
고객: 1년 5월 20이요.
상담사: 네.
상담사: 고객님.
상담사: 납부하고 계시는 카드는 어느 카드이십니까?
상담사: 그 송금이요?
고객: 카드요. 하나카드.
상담사: 어 다른 것은 다른 것으로 확인되는데요.
상담사: 네 자택 주소 1번 말씀해 주시겠습니까?
고객: 어
고객: 자택 주소요 성남시 수정구.
상담사: 까만 밥이요.
상담사: 네
고객: 남문로 63, ******
상담사: 네 확인 감사합니다.
고객: 아 그게 예다음 카드로 돼 있나 보구나
상담사: 아
상담사: 아무로 심사
상담사: 어 지금 저희 에이아이 생명 당사에는 네 고객님께서 취하 보험 삼성 카드로 납부를 하고 계시네요.
고객: 예.
상담사: 네
고객: 아 그게
고객: 시아 보험이에요?
상담사: 네.
상담사: 네 AI 에이 생명
고객: 지금
상담사: 네.
고객: 아 전화 잘못 걸었네.
상담사: 아 그러셨어요.
고객: 어 어 어 네 죄송합니다. 예
상담사: 네.
상담사: 아니요 괜찮습니다 고객님 그러면 에이아이 지에
고객: 네.
상담사: AIG로 연락을 하시려고 하셨을까요?
고객: 네 네 네.
상담사: 아 그러셨으면 혹시 고객센터 번호 알고 계세요?
고객: 좀 알려주세요.
상담사: 네 1544에
고객: 일어설 사이.
상담사: 2792번
고객: 720
고객: 네 감사합니다.
상담사: 네 그 번호로 연락하시면 되겠습니다 좋은 하루 되십시오.
고객: 네 네 네.
상담사: 네.","고객은 계약자 박선순이며, 생년월일은 1951년 5월 20일이다. 자택 주소는 성남시 수정구 남문로 63, ****이다. 현재 납부 카드는 하나카드이며, 에이아이 생명 보험을 삼성카드로 납부하고 있다. 고객은 에이아이 생명 보험 2개의 해약을 원하며, 에이아이 지에(AIG)로 연락을 시도했으나 잘못 걸려온 것으로 확인되었다. 고객센터는 AIG 고객센터 연락처(1544-****)를 안내하였다.",계약건 2건 해지요청으로 인입하였고 당사는 치아보험임을 안내하자 전화 잘못걸었다며 AIG 손해보험 고객센터 안내하였음.,"계약건 2건
해지요청
치아보험
전화잘못걸음
AIG손해보험
고객센터안내",판단불가,0.8,"'치아보험'이 STT에서 '취하 보험'으로 인식오류. 나머지(2건 해지요청, 전화잘못걸음, AIG 안내)는 모두 확인됨",가능,,E147381,2026-03-05T14:31:07.572694,,,,,가능,,,,,오답,,"정보_누락, STT_내용_추가(정상)","정보_누락: '당사는 치아보험임을 안내'라는 핵심 정보가 generated에서 완전히 누락됨. 고객이 전화를 잘못 건 이유가 이 안내 때문이었으므로 중요한 맥락 정보임.; STT_내용_추가(정상): STT에서 확인되는 고객 신상정보(생년월일, 주소, 카드 정보 등)를 generated가 추가. reference에 없으나 STT 전사 정상, 문맥상 자연스러움.",Y,,오답,,"{'label': '정보_누락', 'action': 'modify', 'error_detail': '\'당사는 치아보험임을 안내\'라는 핵심 정보가 generated에서 완전히 누락됨. STT 에는 ""취아보험""이라는 전사오류 때문일수도 있음. 고객이 전화를 잘못 건 이유가 이 안내 때문이었으므로 중요한 맥락 정보임.', 'chunks': [2]}, {'label': 'STT_내용_추가(정상)', 'action': 'keep'}",E147381,2026-03-10T10:13:58.832729,,,,,,,,
36,"상담사: 네 반갑습니다 손 나은희입니다.
고객: 아 네 그 제가 납입하고 있는 그게 해약 해약됐 해지됐다 그래 가지고
상담사: 네.
상담사: 아 그러십니까? 고객님.
고객: 연락드렸거든요 네.
상담사: 네 본인 좀 확인하고 안내 도와드리겠습니다. 네 윤남순 고객님 피보험자 본인 맞으십니까?
고객: 윤 양순인데요.
상담사: 고객님
상담사: 그럼 계약 건 저희가 다른 분은 잘못 들으셨는데 고객님 주민번호 모두 말씀해 주시겠습니까?
고객: 어 81년 8월 4일이요.
상담사: 전체 불러주셔야 됩니다. 고객님 81년
고객: 어
고객: 8월 4일
상담사: 8월 4일
고객: 끝에도 얘기해 줘야 돼요.
상담사: 뒷번호까지요 네 네.
고객: 2340 13.
상담사: 2340 113번이구요.
고객: 213
상담사: 213번이에요? 잠시만요.
고객: 네.
상담사: 윤 양순 고객님 맞으세요?
고객: 네 네.
상담사: 네.
상담사: 저희 쪽 번호가 일정으로 돼 있는 것 같고 주소가 고객님 강원도 인제군 이하 주소 어떻게 되십니까?
고객: 어 인재의
상담사: 네.
고객: 어 하 그 가리산리 한석산로
상담사: 네네.
고객: 어 1592
상담사: 아 3번까지만 등록되시셨는데 기존에 보험료 납부 혜택 은행명 아실까요? 고객님.
고객: 네.
고객: 농협이요.
상담사: 어 농협이 아니신데 고객님.
고객: 아니에요?
고객: 아 이게 그러면 어떻게 되어있지?
상담사: 음
고객: 지금 저는 보니까
상담사: 네네.
고객: 증권번호가 10507581, ****
상담사: 네
상담사: 어 네네 맞습니다.
고객: 그리고 25일 날 납입이고
고객: 보험료가 46, **********************
상담사: 990원 어 네 맞습니다 고객님.
상담사: 네. 행 감사드리고요.
고객: 근데 지금 제가 이걸
상담사: 네.
고객: 지금 납입한 일자가 보니까 2002년도거든요.
상담사: 네 네.
고객: 그럼 제가 이거를
고객: 언제까지 내는 거 였던거였죠 지금 보니까 엄청 많이 지나 저거한 것 같은데
상담사: 그때 바로 그냥 고객님
상담사: 네 치료 주셔가지고 해약되신 걸로 확인됩니다 고객님.
고객: 네
고객: 아 그냥 이게
상담사: 그때 딱 3개월 납부하시구요.
고객: 아 그래요 근데 왜 이게 자꾸 뜨지요?
상담사: 네 정사
고객: 저한테?
상담사: 계약 건이신데 잠깐만요 고객님.
고객: 왜 떴지.
고객: 예 그래서 문자가 계속 저한테 왔어요.
상담사: 왔었어요 고객님?
고객: 이게 뭐 9월 말까지 뭐 내세요 뭐 그러게 이게 제께 아닌가요 혹시 그냥 보내신 게?
상담사: 증권 번호는 같거든요 고객님.
고객: 예 근데
상담사: 근데 잠깐만 연락처가
고객: 문자가 지금 해약된 거는 언제 된 거예요?
상담사: 그때 당시에 잠시만 2000
고객: 3년이면은 그러면은
고객: 2.3명
상담사: 아니요 2008년도 해야겠어요.
고객: 지금 제가 지금 제가 들어가서 봤거든요 해약 그 유지를 보니까
고객: 계약 일자가 12, ***********************************
상담사: 아니요 아니요 2008년 1월달이에요 고객님.
고객: 그러면
상담사: 인자 계속 수요 상태에 필요 상태로 있다가 해약을 20 2008년도 1월 2일 날
고객: 네.
상담사: 연락 주셔가지고 그때
고객: 네 감사합니다.
상담사: 그때 해지하신 걸로 확인됩니다 고객님.
고객: 네.
고객: 근데 왜 지금 이게 자꾸 저한테 문자가 와가지고 납입하라고
상담사: 네.
고객: 자꾸 와 와가지고
고객: 도대체 왜 그러지 그러면서 제가 지금 제가 여기 앱에 들어가 가지고 봤거든요.
상담사: 음 그 문자
고객: 근데 또 해약이 됐어.
상담사: 네 맞아요. 문자가 언제 왔을까요 고객님?
고객: 뭐 저 참 이 이전에도 오고
고객: 어 뭐 1달 전에도 오고 뭐 그랬어요.
상담사: 1달 전에도요?
고객: 예.
상담사: 다른 분 연락 고객님 연락처가 현재
상담사: 그 예전에 입원을 안 돼 있고요. 016
고객: 네.
고객: 네 여보세요.
상담사: 366 옛날 번호로 돼 있거든요.
상담사: 잠시만요 선생님.
고객: 이건 저희 아버지가 이제 피보험자는 저고
상담사: 예.
고객: 계약자가 저희 아버지로 되어 있을 거 유명 이슈로
상담사: 아 고객님 계약 건이 아니신 거 같은데 문자 보내드린 거는 6682.
상담사: 4379번 이 증권 번호로 보내드린 거 같습니다 고객님.
상담사: 잠시만요 계약 건 조회 한번 해드릴
고객: 아니에요 저는 지금 문자로 온 거는 저 저
상담사: 게요.
고객: 공일공 사공오오
고객: 하나는 섬으로 왔어요.
상담사: 네 하나 하나 삼 5번 맞으시죠?
고객: 네 네.
상담사: 음 아마 고객님 가족분 계약.
상담사: 어
상담사: 어 잠깐만요.
상담사: 아 계약.
고객: 윤남순도 있나요?
상담사: 계약자분이 김 이순님 어떻게 되세요 김 이순님은요?
고객: 저희 엄마예요.
상담사: 네 계약자님 어머니로 되어 있고 피보험자 고객 계약 건이 다른 거 하나 더 있거든 하나 있거든요?
고객: 뭐 뭐 얼마짜리죠?
상담사: 원스톱 수퍼 암 보험이시구요 4만 3670원으로 확인됩니다.
고객: 아 이게 저한테 돼 있다고요?
상담사: 네 네 그리고 보험료 납입을 고객님의 신한은행으로 납부하고 계신 걸로 확인됩니다. 고객님
고객: 아 이건 저는 모르는 상황인데요 전 신한은행엔 쓰지도 않는데
고객: 그럼 이게 해약된 건가요?
상담사: 아니요. 이 건 정상 계약이세요.
상담사: 피보험자가 고객님이시고요.
고객: 아 이거는 저 김윤남순 아니에요 윤남순?
상담사: 어
고객: 전 지금 제 이름으로 된 게 지금 엄 제가 지금 납부하고 있는 게
상담사: 아 윤남순 님은 다른 분이고 고객님은 윤남순 님이시란 말씀이세요?
고객: 그 개명했어요 저는 또
상담사: 사 어떻게 해요 고객님?
고객: 윤지음
상담사: 음
고객: 그니까 지금 제가 읽는 거는 인정은 되는 거 지금 제가 증권번호 보니까
상담사: 네 네.
고객: 그 제가 저 잠깐만요 다시 그
고객: 문자 온 거를
고객: 말씀해 드릴게요.
상담사: 네.
고객: 아 문자 온 게 아니구나.
고객: 이게 카톡으로 왔는데
상담사: 네 카톡 엘엠에스로
상담사: 최근에 발
고객: 네?
상담사: 카톡 SNS에요 고객님.
고객: 네네 그쪽으로 와가지고
고객: 그게 지금 이 증권번호가 지금 제가 말씀드린 그 증권번호인가요?
상담사: 아니요 달라요.
상담사: 6682
고객: 그니까 이제 제 건 아니라
고객: 네.
상담사: 예 예 그러신 거 같은데 연락처가 여기에 등록돼 있어 가지고 고객님께 문자가 간 거 같습니다 고객님.
고객: 그까 제 건 아닌 거죠?
상담사: 그니까 윤남 스님이 고객님 아니라고 하시면은 아니신데 고객님.
고객: 아 그러면 알겠습니다 제가 저희 그까 저한테는 없는 거죠?
상담사: 계약자분께 1번 확인 전화 주시라고 하셔야 될 것 같습니다. 고객님
고객: 그러니까 김 미술님으로 되어있다는 거죠 신한은행
상담사: 계약자님이 그러시고
고객: 네 네.
상담사: 피보험자가 윤남순 님인데 운남신의 본인 계약 건을 본인께서 그 본인 계좌로 등록이 돼 있어요 신한은행으로.
고객: 아 우선 알겠습니다.
상담사: 네 네
고객: 네네 제가 확인해 볼게요.
상담사: 감사합니다 예 알겠습니다 감사합니다.
고객: 네.
고객: 네 감사합니다.","윤남순 고객님은 피보험자이며, 계약자님은 김이순(고객님의 어머니)으로 되어 있음. 계약 건은 원스톱 수퍼 암 보험으로, 보험료는 43,670원이며 신한은행 계좌로 납부 중임. 증권번호 6682-****번의 계약은 정상 유지 중이며, 고객님의 주소는 강원도 인제군 가리산리 한석산로 1592번지. 문자 메시지가 고객님께 발송된 것은 계약자 김이순의 연락처로 등록된 정보 때문으로 확인됨. 고객님의 본명은 윤지음으로, 윤남순은 개명한 이름임. 카톡으로 발송된 안내는 고객님의 계약 건과 관련 없음.","납입건 해지 문자 받았다며 윤*순 인입하였고 증권번호가 1050***은 이미 해지된 계약건임을 안내
66824*** 증권에 대해 발송되었음 안내. 계약자 김*수 계약건이 있음. 피보험자 윤*순이며 연락주신 분은 윤*순으로 확인됨. 
연락처가 010405***로 등록되어 발송된것 같다 안내드렸고 윤*순으로 된 계약건은 없음을 안내하였음.이에 다시 확인해본다함.","납입건 해지 문자 
윤*순 인입 
증권번호 1050*** 해지 
66824*** 증권 발송 
계약자 김*수 
피보험자 윤*순 
연락처 010405*** 등록 
윤*순 계약건 없음 
다시 확인",가능,0.9,모든 요약 내용이 STT에서 의미적으로 확인됨. 이름 인식 오류(윤남순/윤양순)는 있으나 맥락상 동일 인물로 판단 가능,가능,,E147381,2026-03-05T14:32:37.527743,,,,,가능,,,,,정답,,"정보_누락, 해석_오류, STT_내용_추가(정상)","정보_누락: 1050*** 증권이 이미 해지된 계약임을 안내한 내용이 generated에서 누락됨.; 해석_오류: 66824*** 증권 번호로 문자가 발송되었다는 안내를 '계약이 정상 유지 중'으로 잘못 해석함.; STT_내용_추가(정상): STT에서 언급된 보험 상세정보, 주소, 개명 정보 등을 generated가 추가. STT 전사 정상, 문맥상 자연스러움.",Y,,오답,,"{'label': '정보_누락', 'action': 'keep'}, {'label': '해석_오류', 'action': 'keep'}, {'label': 'STT_내용_추가(정상)', 'action': 'keep'}",E147381,2026-03-10T10:20:46.898919,,,,,,,,
37,"고객: 여보세요.
상담사: 안녕하세요 AI 생명 고객 센터 정낙엽입니다 정그결 고객님 되십니까?
고객: 예 예.
상담사: 다름 아니라 배우자 님 김명희 님께서 전화를 주셨는데
고객: 예.
상담사: 고객님이 약사의 자동차 보험 가입 관련해서 김 위원님의 동의가 필요하시다라고 하시는데 어떤 업무를 하시기를 원하시는 걸까요?
고객: 아 그 저 그거 저 에 저 그 저 롯데에서
고객: 졸업식 카드인데
고객: 거기서 그 저 저 보호자 그거로는 안 된다 그래가지고 그냥 안 해도 되겠어요 그거는.
상담사: 안 해도 된다는 말씀이세요?
고객: 그전에는 그
고객: 예 카드 때문에 그러거든요.
상담사: 아
고객: 보험 자동차 보험 그거 드는데
상담사: 그러면 알겠습니다 업무 안 해도 된다라고 김명희님께 말씀드리겠습니다.
고객: 다른 거는 그럼 뭐 내가 지금
고객: 다른 거는 없습니까?
고객: 이게
고객: 내 놓은 게 돈 내는 거 나는 거 2건뿐이에요.
상담사: 정보 열린 생년월일 6자리 어떻게 되십니까?
고객: 아 *****31094 313
상담사: 지금 김명희 님과 전화 연결하겠습니다.
상담사: 김영희 고객님
상담사: 네 네.
상담사: 지금 배우자님 전국 열림 연결은 되었고 고객님과 상담이 가능한 범위 내에서 전국 열림과 상담하고 업무 진행하는 거에 동의하십니까?
상담사: 네 그럼 전화 종료해 주시고요.
상담사: 네네. 아유 감사합니다.
상담사: 배우자님 정보 편도님
상담사: 네 네.
상담사: 정극해 고객님.
고객: 예 예.
상담사: 지금 계약자 김영희님으로 피보험사 정극 열림 계약 건으로 유지하는 게 지금 납입 면제된 계약 건 빼고 유지하고 있는 계약에 3건이 있구요.
고객: 예.
상담사: 혹시 뭐 카드 발급을 위한 보험료 납입 증명서를 말씀하시는 거예요?
고객: 예 예 예.
상담사: 그런데 이게 계약자로 가입되셔서 고객님은 가입 안 하셔도 된다라는 말씀이신 거죠?
고객: 예 예.
상담사: 그럼 고객님이 계약자로 가입할 때 내용에 대해서 확인할게요.
고객: 예 예.
상담사: 잠시만 기다려 주시겠습니까?
고객: 예.
상담사: 네 감사합니다.
상담사: 김종희님은 전화 종료해 주셔도 되십니다 고맙습니다 감사합니다.
상담사: 네 전국에 고객님 주소가 부산 사구 대필호 59번길에 몇 번이십니까?
고객: 예.
고객: 23 다시 2
상담사: 확인감사드립니다 지금 계약자 정극 열림으로 유지하고 있는 보험이 총 네 가지가 있는데
상담사: 2건은 납입 면제가 된 상태이고 2건은 매달 보험료를 납부를 하고 있는데 오늘 고객님 카드사 제출하기 위해서 2024년 8월부터
고객: 예.
상담사: 2025년 8월까지
고객: 예.
상담사: 보험료 월별 납입증명서 요청하셨던 건 지금 팩스로 발송해드렸던 거 확인이래요.
상담사: 이거는 확인이 됐죠? 고객님?
고객: 예 예.
고객: 예 예.
상담사: 네 그럼 신청되셨어요?
고객: 예.
고객: 예 감사합니다.
상담사: 건강 조심하시구요 참고로 고객님 당사에서 고객님 연령대 부족한 건강보험 상담 전화 드리고 있습니다 편한 시간대 연결되시면 상담 부탁드립니다.
고객: 예.
고객: 예.
고객: 예.
상담사: 감사합니다.
고객: 수고하세요.
상담사: 감사합니다.","고객은 배우자 김명희의 동의를 받아 약사의 자동차 보험 가입 관련 업무를 진행하지 않기로 결정하였으며, 카드 발급을 위한 보험료 납입 증명서 요청이 있었음. 고객은 계약자로 가입되어 있으나 보험료 납입은 본인의 책임이 아니며, 2024년 8월부터 2025년 8월까지의 월별 보험료 납입증명서가 팩스로 발송되어 확인 완료됨.",카드발급을 위한 납입증명서 발송요청으로 계약자 김*희로 가입된 계약건이 아닌 계약자 정*열으로 가입된건 확인하기로함.,"카드발급
납입증명서발송요청
계약자(김*희)
계약자(정*열)
가입확인",가능,0.85,카드발급 위한 납입증명서 발송과 계약자 확인 내용 모두 STT에서 확인됨. 이름 STT 인식 오류(정극열→정극 열림) 있으나 의미 파악 가능,가능,,E147381,2026-03-05T14:33:34.605550,,,,,가능,,,,,오답,,"정보_누락, STT_내용_추가(정상)","정보_누락: '계약자 김*희로 가입된 건이 아닌 정*열로 가입된 건 확인하기로 함'이라는 핵심 내용이 generated에서 누락됨.; STT_내용_추가(정상): STT에서 확인되는 납입증명서 발송 기간, 팩스 발송 완료, 자동차보험 동의 관련 내용을 generated가 추가. STT 전사 정상.",Y,,오답,,"{'label': '정보_누락', 'action': 'keep'}, {'label': 'STT_내용_추가(정상)', 'action': 'keep'}",E147381,2026-03-10T10:26:00.980595,,,,,,,,
38,"상담사: 반갑습니다 입니다.
고객: 예 보상 청구 저 팩스 번호 좀 뭐 알라고 그러는데요.
상담사: 네 저희 간단한 본인 확인 먼저 도와드리겠습니다 지금 전화 주신 분 계약자 강길용 님 본인 맞으시고요.
고객: 예 예 예.
상담사: 네 고객님 생년월일은 어떻게 되십니까?
고객: 580418
상담사: 네 핸드폰 번호가 0103377, **************
고객: 0058
상담사: 네 고객님 저희 이제 청구하실려고 하시는 걸까요?
고객: 예.
상담사: 네 그러시면 고객님 저희 이제 청구 관련해서 상담 받고 팩스 번호 안내까지 받을 수 있는 저희 청구 관련 부서가 별도로 있으세요.
고객: 예 예.
상담사: 네 그러시기 때문에 제가 지금 이쪽 부서로 연락처 전달해 드릴 거고요.
고객: 예예.
상담사: 네 전화 끊고 좀 기다려 주시면 제 대표번호 15889898로 전화 오실 겁니다.
고객: 아 끊으면 돼요?
상담사: 네.
상담사: 네 맞습니다 저희 전화 가시면 청구 관련해서 상담 받으시고 팩스 번호랑 이제 문의하시면 안내 다 도와드릴 거예요.
고객: 네.
고객: 예.
고객: 예 예 예.
상담사: 네 감사합니다.
고객: 예.
상담사: 네.","고객은 계약자 강길용으로, 생년월일 58****, 핸드폰 번호 010******************이며, 보상 청구를 위해 팩스 번호 안내를 요청했다. 상담사가 청구 관련 부서로 연락처를 전달하고, 대표번호 1588****로 전화를 기다리도록 안내했다.",보험금 청구 팩스번호 문의하심에 청구상담받을 수 있는 부서에서 연락드리겠음 안내함,"보험금청구
팩스번호
청구상담부서
연락예정
안내",가능,0.95,팩스번호 문의 및 청구상담 부서 연결 안내 내용 모두 STT에서 명확히 확인됨,가능,,E147381,2026-03-05T14:33:48.831934,,,,,가능,,,,,과답,,STT_내용_추가(정상),"STT_내용_추가(정상): STT에서 확인된 계약자명, 생년월일, 핸드폰 번호 등 신상정보를 generated가 추가. reference에 없으나 STT 전사 정상이고 문맥상 자연스러움.",Y,,과답,,"{'label': 'STT_내용_추가(정상)', 'action': 'keep'}",E147381,2026-03-10T10:26:15.745226,,,,,,,,
39,"상담사: 반갑습니다. 박주영입니다.
고객: 네.
고객: 그 지금 현재 보험이 가입돼있는데요.
상담사: 그러세요.
고객: 그
고객: 예 백내장 수술을 하셔서
고객: 그 뭐야 보험금을 좀 창구할려고
고객: 전화를 드렸는데
고객: 그 본인 좀 확인하고 저는 동생이거든요.
고객: 에 계약사항 조회 좀 할려 그래요.
상담사: 그러세요 네 본인 바꿔주시겠습니까?
고객: 네네 네.
상담사: 네.
고객: 말씀하시면 되셔 언니 잠깐만 통화해.
고객: 네 안녕하세요.
상담사: 네 안녕하세요 지금 전화 주신 번호로는 고객 정보가 확인되고 있지는 않은데 고객님의
상담사: 그 등록된 핸드폰 번호 몇 번이세요?
고객: 910
상담사: 네.
고객: 267에
상담사: 네.
고객: 2367에
상담사: 2367 네.
고객: 3 7 7 4
상담사: 음
상담사: 2367에 33774번이요.
고객: 네 네.
상담사: 이 번호도 등록은 안되어있는데 그럼 고객님 주민번호 13자리 말씀 한번 부탁드릴게요.
고객: 네
고객: 540824
상담사: 네.
고객: 2 5 4 0 6 3 0
상담사: 54년 8월 24일 2540 630 맞으시죠?
고객: 네 네 네.
상담사: 어 죄송합니다만 저희 AI 생명에는 가입권이 없습니다 고객님.
고객: 아 그 제가 네이버에서 AI 기생명을 그 콜센터를 보냈더니 이 번호가 떠서 이쪽으로 한 거거든요.
상담사: 예.
상담사: 예
상담사: 네.
상담사: 아 혹시 AIG세요?
고객: 근데 예.
고객: 네네.
상담사: ARS는 1544 2792번으로 전화 주시면 됩니다.
고객: 네 알겠습니다.
상담사: 네 감사합니다.
고객: 네.","고객은 백내장 수술 후 보험금 청구를 위해 상담을 요청하였으며, 계약자와 피보험자는 동생과 언니 관계이다. 고객은 본인 확인을 위해 계약사항 조회를 원하며, 등록된 핸드폰 번호 2367-****와 주민등록번호 540824-254****을 제공하였다. 그러나 해당 번호와 주민등록번호로는 AI 생명의 고객 정보가 확인되지 않았으며, 고객은 네이버에서 AI 기생명 콜센터로 연락한 것으로 밝혔다. 상담사는 AIG 고객센터로의 연락처 1544-****를 안내하였다.","보험금 청구위해 연락하였으나 당사에 가입건 없음
AIG손해보험 고객센터 번호 안내함","보험금청구
가입건없음
AIG손해보험
고객센터번호
안내",가능,0.9,당사 가입건 없음 안내 및 AIG 고객센터 번호 안내 모두 STT에서 확인됨. REF의 'AIG손해보험'은 STT에서 'AIG'로만 언급되나 맥락상 동일,가능,,E147381,2026-03-05T14:34:05.746984,,,,,가능,,,,,과답,,STT_내용_추가(정상),"STT_내용_추가(정상): STT에서 확인되는 백내장 수술 목적, 동생/언니 관계, 핸드폰 번호, 주민등록번호 등을 generated가 추가. reference에 없으나 STT 전사 정상이고 문맥상 자연스러움.",Y,,과답,,"{'label': 'STT_내용_추가(정상)', 'action': 'keep'}",E147381,2026-03-10T10:27:14.344038,,,,,,,,
40,"상담사: 반갑습니다. 김정희입니다.
고객: 예 저
고객: 대출금 상환하려고 그러거든요.
상담사: 아 그러세요. 모형의 고객님 계약자 본인 맞으십니까?
고객: 네
고객: 예예.
상담사: 네 고객님 생년월일 어떻게 되십니까?
고객: 76년 12월 21일이요.
상담사: 네 휴대폰이 0106660이 몇 번이세요?
고객: 7771요.
상담사: 네 지금 얼마 상환하시는 거예요 어머니?
고객: 편했던
상담사: 전액이요?
상담사: 원금 남으신 게 445만 6천 6백 7십 6원 하구요.
고객: 예.
고객: 음.
상담사: 전일까지 이자 25994원.
상담사: 하시면
상담사: 448만 2670원이시고요.
고객: 근데 왜 저기.
상담사: 네.
고객: 대체 금액이
고객: 뒤에 끝에가 왜 그렇게 붙어요?
고객: 한 뭐고 450이면 50이고 뭐 근데
상담사: 글쎄요 원금이
고객: 600 뭐
상담사: 예 지금 보이시는 게 그렇게 보이시는데요.
고객: 네 네.
고객: 아니 원금을 제가 그렇게 빌릴 수가 없죠.
상담사: 잠깐만요.
고객: 원금은 뭐 500이면 500 450이면 뭐 50인데 뒤에 그렇게 붙는 게 왜 붙는 거예요.
고객: 그렇게 빌린 적이 없는데
고객: 네 그렇습니다.
상담사: 그쵸. 원 단위로 떨어지게
상담사: 받으시긴 하셨는데.
고객: 네.
고객: 왜 그렇게 되는 거예요.
고객: 원금이 어떻게
고객: 대출받은 것보다 더 늘어날 수가 있어요 이자는 이자 대로
고객: 받으면서
상담사: 글쎄요 이거는 저희도 전산 뜨는 거밖에 확인이 안 되시기 때문에
고객: 아니 언급을 그렇게 들린 적이 없는데
상담사: 어
상담사: 그거 확인해서 전화를 다시 한번 드릴까요 어머니?
고객: 예 그렇게 해주세요.
상담사: 저희도 원인은 몰라서요.
고객: 응
상담사: 요고 확인하고 전화드릴 거고 시간 좀 걸릴 수 있으세요.
고객: 네 안녕하세요.
고객: 아 오늘 안으로 나오는 건가요?
상담사: 아유 그럼요 부인.
상담사: 확인되는 대로 연락드리겠습니다.
고객: 네.
고객: 네 알겠습니다.
상담사: 네 감사합니다.
고객: 빨리 좀 부탁드리겠습니다.
상담사: 네 확인해 드릴게요. 네.
고객: 예.","고객은 김정희(1976년 12월 21일생, 휴대폰번호 010-6660-****)로, 계약자 본인임을 확인하고 대출금 상환을 요청함. 현재 원금 잔액은 445만 6천 6백 7십 6원이며, 전일까지 이자 25,994원 포함 총 상환 금액은 448만 2,670원임을 안내받음. 고객은 원금이 대출 당시보다 증가한 점과 금액이 원 단위로 떨어지지 않는 점에 대해 의문을 제기함. 상담사는 전산 시스템 상의 금액 확인만 가능하며 원인을 알 수 없다고 답변하고, 확인 후 전화를 다시 드리겠다고 안내함. 고객은 빠른 확인을 요청함.","대출원금 4,456,676과 전일까지 이자 25,994  포함하여 4,482,670원임을 안내
대출원금이 원단위로 떨어지지 않는 부분에 대해 확인 후 연락드리기로 함","대출원금 4,456,676
전일까지 이자 25,994
총액 4,482,670원
대출원금 원단위 미떨어짐
확인 후 연락",가능,0.95,"대출원금, 이자, 총액 수치가 STT에서 정확히 확인되며, 원단위 문제 확인 후 연락 약속도 확인됨",가능,,E147381,2026-03-05T14:34:47.504599,,,,,가능,,,,,정답,,STT_내용_추가(정상),"STT_내용_추가(정상): STT에서 확인된 고객 이름, 생년월일, 핸드폰 번호 등 신상정보를 generated가 추가. reference에 없으나 STT 전사 정상이고 문맥상 자연스러움.",Y,,과답,,"{'label': 'STT_내용_추가(정상)', 'action': 'keep'}",E147381,2026-03-10T10:28:51.352967,,,,,,,,
41,"고객: 아휴.
상담사: 반갑습니다. 입니다.
고객: 네 안녕하세요 어머니 보험금 청구를 할려고 하는데요.
상담사: 네 안녕하세요.
상담사: 네 어머님
고객: 그 혹시 서류를 보낼 수 있는 팩스 번호를 알 수 있을까요?
상담사: 아 네 혹시
상담사: 혹시 청구서 동의서는 다 작성하신 거예요?
고객: 네 네 네 네.
상담사: 네 그럼 팩스 번호 말씀드릴게요.
고객: 네
상담사: 예.
고객: 네.
상담사: 02
고객: 02
상담사: 2021에
고객: 2021
상담사: 4 5 4 0 입니다.
고객: 4540번이요.
상담사: 네.
고객: 감사합니다.
상담사: 네 감사합니다.",어머니 보험금 청구를 위한 서류 발송을 위해 팩스 번호 02-2021-****을 안내받음.,"보험금 청구서류 발송할 팩스번호 문의하여, 보험금 청구 팩스번호 02-2021-**** 안내함.  ","보험금 청구서류
팩스번호 문의
보험금 청구 팩스번호
02-2021-****",가능,0.9,팩스번호 문의 및 안내 내용이 STT에서 확인됨. 번호가 분산 발화되어 있으나 02-2021-4540으로 재구성 가능,가능,,E147381,2026-03-05T14:35:07.641031,,,,,가능,,,,,정답,,,,N,generated가 reference를 정확히 반영함. 어머니 보험금 청구를 위한 팩스번호 문의 및 안내 내용이 정확하게 요약됨.,정답,,,E147381,2026-03-10T10:33:42.182454,,,,,,,,
47,"상담사: 반갑습니다 박예은입니다.
고객: 아 예 보험을 넣었는데 요거 좀 해지 좀 할려고 하거든요.
상담사: 네.
상담사: 네 저희 간단한 본인 확인 먼저 도와드리겠습니다. 지금 전화 주신 분 계약자 김종수 님 본인 맞으실까요?
고객: 네.
고객: 아 저는 딸이고 엄마 바꿔드릴게요.
상담사: 네 바꿔주세요.
고객: 네 안녕하세요.
상담사: 네 안녕하세요. 고객님 지금 전화받으신 분 계약자 김종수 님 본인 맞으실까요?
고객: 네.
고객: 예 예.
상담사: 네 고객님 생년월일 어떻게 되십니까?
고객: 말씀만 쪼옇 29일
상담사: 네 핸드폰 번호가 0108206, **************
고객: 아 네.
고객: 공중수리
상담사: 네 고객님
고객: 냉동고추
고객: 네 공공 근로
상담사: 네 확인 감사드리고요. 고객님 저희 이제
고객: 맞거든요
고객: 예.
상담사: 전화 좀 죄송하지만 조금만 가까이 받아주실 수 있으실까요 저희가 지금.
상담사: 네 소리가 살짝 안 들려서 전화 가까이 받아주시면 감사하겠습니다.
고객: 네. 확인 되셨고요.
고객: 아 소리가 잘 안 들립니까?
상담사: 네 고객님.
상담사: 네 네 맞습니다.
고객: 아 예.
상담사: 네 아 지금 잘 들립니다 고객님 지금 이제 어 해지하시려고 하시는 게 2025년 8월 8일에 이번 가입하신 34590원 계약금 확인되시는데 청약 철회하시는 걸까요?
고객: 6천만 얼마짜리가?
고객: 이 이거 맞나? 이 탐방을 말하는데
고객: 3만 얼마 말고 9만 얼마믄
고객: 된다 이러던데
고객: 9만 얼마가 되면 받으면
고객: 네 그거를 해갖고 가면 찾아와 봐라 이건
상담사: 아 네.
고객: 이거는 5만 얼마고 이거는 9만 얼마에 최대 1000만 얼마 짜리냐고
고객: 나눴어요.
고객: 차를 팔면 이거 어쨌든 해야 할 거지 일단 해야만 된다 차를 판도 표준이야 응
고객: 어 어.
고객: 8월 8일거
상담사: 네.
고객: 어. 얘기해 주세요.
상담사: 그러면은 고객님께서 이제 말씀하신 게 지금 2025년 8월 8일에 가입하신 월 보험료 34590원 무 배당 에이아이에이 건강 플러스 암 갱신형 보험으로 확인되시는데 맞으실까요?
고객: 뭐 하면 되
고객: 예.
고객: 예.
고객: 중랑천 다시 한번 얘기해달라니까 다시 한번 얘기해 주세요.
상담사: 네 고객님 저희 이제.
상담사: 2025년 8월 8일에 가입하신 월 보험료 34590원 상품명은 무배당 AIA 건강 플러스 암 갱신형 보험이라고 되어 있으신데 이 계약 건 말씀하시는 거 맞으실까요?
고객: 아 예 맞네요.
상담사: 네 저희가 지금 총 3건이 있으셔서 정확하게 말을 말씀해 주셔야 됩니다 혹시나 다른 계약 건이 해지가 되시면
고객: 아니 9만 얼마 나가면 사는 것도 그 있는데 그 혈액형 진단
상담사: 어 고객님
상담사: 네 저희 쪽에 9만 얼마씩 나가시는.
고객: 예 예.
상담사: 계약 건은 없으세요 지금 다른 계약 건은 네 만 6.
고객: 아 몇 개월짜리 기계? 기계를 나가는 거 없습니까?
상담사: 16900원 1건이랑 54939원 이렇게 2건 있으세요.
고객: 그래 이거라니까 고맙지. 말 얼마든 옛날에 젊은 남자한테 하고 이거 한번 저 이 이야기를 하면 얼마짜리
고객: 안 보면 내가 이 해줘야 해야 되겠네.
상담사: 그럼 고객님께서 말씀하신 게 지금 3만 4590원 계약금 맞으시구요?
고객: 예.
상담사: 네 그러면은 저희 이제 추가 신청으로 들어가실 거고요.
고객: 네.
고객: 아니요. 없어요.
고객: 오
상담사: 계약 청약 철회할 거예요 고객님.
고객: 예예예예예예예
상담사: 저희 보험 가입하실 때 저희 회사 요청으로 지정한 병원에서 건강 진단받은 적 없으시고요?
고객: 예.
상담사: 네 청약철회는 2025년 9월 21일까지 가능하신데 실례지만 이제 취소하시려는 사유가 어떻게 되세요?
고객: 다른 폰으로
고객: 아니 내가 보험료가 이게 자꾸 돼 갖고
상담사: 네.
고객: 예 그래 간직 있는데 또 이래 해갖고 내가 마 나이가 있다 보니까는
고객: 자꾸 전화가 오길래
상담사: 네.
고객: 그래 내가 확실히 1달은 얘기를 못하고 성장도 너무 빠르게 못 들어 갖고
상담사: 네.
고객: 그래 내가
고객: 밤에 또 얘기합시다 밤에 얘기합시다 이래 했는데 어떻게 이게 또 날로 왔는거라
상담사: 네.
고객: 확실한 그 내가 한다는 얘기도 안 했는데
고객: 그러면은
고객: 이거 이거 저 주민등록번호 이거 다 가르쳐 주면 1달 이내로 또 해결을 할 수가 있다 이라더라고
상담사: 네.
고객: 그러니까 자꾸 가르쳐 줄라이라는 거야 그러니까 내가 가르쳐 줬거든요.
고객: 그래 딸래미는 와 또 다른 게 있는데 왜 떨렸느냐고 지금 뭐 이래 싸서 내가
상담사: 네.
고객: 안 그래도 이거 말고 9만 얼마짜리로 내가 얘기를 또 한 것도 하나 있었을 건데
고객: 그건 없으니까 5만 원 나오는 거
상담사: 네 고객님 유지하고.
고객: 뇌혈관 뇌출혈 이거
고객: 그거 저기 뭐꼬 그 감정비하고 이래갖고예.
고객: 그건 얼마까지 들어요?
고객: 아 고 고 고거가
상담사: 그거는
고객: 아 그래가 이 요 못해가 그럼 낮 날짜는 틀리네
상담사: 국 네
고객: 네.
상담사: 네 고객님 그러면은 잠시만 기다려 주세요.
고객: 예.
고객: 네.
고객: 차 그
고객: 저희가.
고객: 아 그래요?
고객: 네 감사합니다.
고객: 언제나 지나나
고객: 저기 딴 분이 되어 있어 갖고
상담사: 네 고객님
고객: 예.
상담사: 네 저희 이제 처리 접수 절차를 위해 몇 가지 답변 좀 부탁드리겠습니다.
고객: 예.
상담사: 네 청약철에는 계약자 본인만 신청 가능하시고요 지금 신청하시는 분은 계약자 본인 맞으세요?
고객: 예.
고객: 예예.
상담사: 네 성함과 생년월일 말씀 부탁드립니다.
고객: 예.
고객: 50년 10월 29일 김종순
상담사: 네 실례지만 고객님 국적과 실제 거주하시는 곳은 동일하게 한국 맞으시고요?
고객: 예.
상담사: 네 피부문자 김종순 님이신 무배당 에이아이에이한 건
고객: 예.
상담사: 네 해당 계약의 보험료는 어떤 방법으로 납입하기로 하셨어요?
고객: 그 뭐 뭐 처음에는 뭐 3일 날짜로 온다고 그다음 날은 20일 날짜로 들어온다고 이런 얘기로 들었는데
상담사: 네 고객님 납입 방법 말씀해 주시면 됩니다.
고객: 은행이요. 부산은행이요.
상담사: 보험료 네.
상담사: 네 부산은행에서 자동 출금하시는 걸로 하셨구요 네 납입한 보험료는 청약 시 등록한 반환 반환 계좌로 이제 지급 받으시겠어요?
고객: 예 예 예.
고객: 예.
고객: 예
상담사: 네.
상담사: 단원 계좌는 부산 은행으로 동일하게 되어있으십니다.
고객: 예.
상담사: 네 잠시만요.
고객: 스톱을 못쓰는
상담사: 네 고객님 정상적으로 접수 완료되셨고요 납입하신 보험료는 평일 기준 3일 이내로 이제 반환되실 겁니다 청약철회 처리 잘 되셨습니다.
고객: 네.
고객: 네.
고객: 잠깐만요 잠깐만.
상담사: 네.
고객: 아 예 그리고 좀 문의 좀 드리려고 하는데요 그리고 앞서 7월 달에 넣었던 거
상담사: 네네.
상담사: 네네.
상담사: 네.
고객: 예 거기에 그 우리 엄마가 이번에 이제 수술을 하셔갖고 보험청구를 좀 할려고 하는데 골절로
상담사: 네.
상담사: 네.
고객: 그래서 사고가 가능한지
고객: 한번 확인 좀 해 볼려고 그러거든요.
상담사: 지금 이제 다치신 거예요 골절이?
고객: 예 벌써 수술하고 퇴원한 지가 한 이제 한 열흘 정도 되거든요.
상담사: 네.
상담사: 네.
상담사: 그러신
고객: 그래서 예예 그 7월달에 넣은 보험료 있는데 아 보험이 있는데 고기에도 요거 이제 골자라고 들어가는 거 같아서 1번 청구가 가능한지 확인해 볼려고
상담사: 네.
상담사: 어 네 그러시면 고객님 저희가 이제 청구 관련 부서가 이제 별도로 있으세요 그러시기 그러시기 때문에 저희 이쪽 부서로 이제 연락처를 좀 전달해 드릴 거고요.
고객: 예 예.
고객: 예 예
상담사: 네 지금 이제
상담사: 자녀분이신 거잖아요 자녀분이시면은 같이 어머니랑 지금 계시는 거예요?
고객: 예 예.
고객: 예 예
상담사: 네 그러면은 저희 청구 관련 부서로 연락처 전달해 드릴 거고요. 저희 순차적으로 연락드리고 있기 때문에 좀 기다려 주시면 저희 대표 번호 1 5 8 8 9 8 9 8로 전화 오실 겁니다. 전화 받으셔서 네 청구 관련해서 이제 뭐 만약에 이게 청구가 가능하다고 이제 안내를 받으시면 저희 이제 뭐 필요 서류나 이런 부분도 다 이쪽 부서에서 알려 안내가 가능하시기 때문에 전화 받으셔서 상담 받아보시면 되실 것 같습니다.
고객: 네.
고객: 네 네
고객: 안녕하세요.
고객: 네. 아 지금 어제 학교에서 지금 그 결제를 했는데요. 그 지금 오늘 오류가 났다고요?
고객: 예.
고객: 예예.
고객: 아 예 그리고 방금 그 해약한 그 보험료는 얼마가 입금이 되는 건가요?
상담사: 네.
상담사: 동일하게 3만 4590원이십니다.
고객: 아 예 알겠습니다.
상담사: 네 그리고 자녀분 성함 한번 말씀 부탁드릴게요.
고객: 예 혼 연 수요.
상담사: 다시 한번 말씀 부탁드릴게요.
고객: 어 손 그 손가락 할 때 손 그다음 이제
상담사: 네 수고하십시오.
고객: 그 연꽃 할 때 연 그 다음 수요일 할 때 수 자요 손 연 수
상담사: 연
상담사: 네 네.
상담사: 네 알겠습니다 저희
고객: 예.
상담사: 관련 부서에서 연락하시면 상담 받아보세요.
고객: 네 감사합니다.
상담사: 네 감사합니다.
고객: 네.","2025년 8월 8일에 가입한 무배당 AIA 건강 플러스 암 갱신형 보험(월 보험료 34,590원)의 청약 철회를 신청함. 계약자 김종수, 피보험자 김종순(1950년 10월 29일생), 보험료 납입 방법은 부산은행 자동 출금, 반환 계좌도 부산은행으로 동일. 청약철회 처리 완료되었으며, 납입한 보험료 34,590원은 평일 기준 3일 이내에 반환 예정. 추가로 7월에 가입한 보험에 대해 어머니의 골절 수술에 대한 보험 청구 가능 여부 확인을 요청함. 청구 관련 부서 연락처는 대표번호 1588-****로 전달될 예정.","계약자와 자녀(손*수)같이 인입하였고 보험 해지요청함
25년 8월 8일 가입한 345590원으로 철회하는건지 확인하였고 9만원대로 납부되는 계약건은 없음 안내
총 계약건은 3건이며 25년 8월에 가입한 무배당 aia 건강 플러스 암갱신형이 맞는지 확인 후 청약철회 접수
지정한 병원에서 건강진단 받은 적은 없음
국적, 실제 거주지 한국
반환계좌는 부산은행으로 되어있음. 평일 3일이내로 반환예정안내
골절로 수술했다하였고 7월에 가입한 계약건에서청구가 가능한지 문의하여 부서에서 순차적 연락드림 안내하였음
초회 보험료 34590원 입금 예정임 안내함.","계약자와 자녀(손*수) 인입
보험 해지 요청
25년 8월 8일 가입
보험료 34590원
9만원대 계약건 없음
총 계약건 3건
무배당 aia 건강플러스
암갱신형
청약철회 접수
건강진단 없음
국적 한국
거주지 한국
반환계좌 부산은행
평일 3일 이내 반환
골절 수술
7월 가입 계약청구 문의
부서 순차 연락 안내
초회 보험료
입금 예정",가능,0.9,전체 내용이 STT에서 확인됨. REF의 345590원은 오타로 보이며 STT상 34590원이 정확함,가능,,E147381,2026-03-05T14:45:19.205352,,,,,가능,,,,,오답,,정보_누락,"정보_누락: 계약자+자녀 동반 인입 사실, 9만원대 계약건 없음 안내 내용이 generated에서 누락됨.",Y,,오답,,"{'label': '정보_누락', 'action': 'keep'}",E147381,2026-03-10T10:38:29.183865,,,,,,,,
48,"상담사: 반갑습니다 입니다 무엇을 도와드릴까요
고객: 여보세요.
상담사: 네 고객님 AI 생명입니다. 어떤 분이 말씀이신 거세요?
고객: 아 예 예 여기에 진해구 읍내동
상담사: 네.
고객: 신호 하지예? 여 저번에
고객: 사모님도 전화 와갖고 1번
고객: 전화 드려봤어요.
상담사: 아 설계사님 통화 원하시는 거세요 지금 연결된 이 번호는요 저 AI의 생명 설계사님이 새로운 보험에 가입하세요 하고 안내 전화 드린 번호거든요.
고객: 예
고객: 아니 저기
상담사: 네.
고객: 저기 여 김장 김장 좀 바꿔주죠.
상담사: 여기는
상담사: 아 고객님 저희
고객: 저번에 한번 전화 왔는데 아 얘기 좀 해볼라고요 상의 좀 해볼라고.
상담사: 예.
상담사: 아 그럼 저
상담사: 예 저희가 센터가 다르기 때문에 어 고객님한테 연락을 달라 전달해 드려야 되거든요 그럼 서비스원 전달 위해서 전화 주신 고객님의 성함이 정상열 고객님 본인 되십니까?
고객: 예 예 예 예.
상담사: 네. 고객님의
고객: 저번에 팀장님이
고객: 전화 와갖고 암 보험 때문에 그래서 한번 여쭤볼라고요.
상담사: 네.
상담사: 아 아 뭔 말씀이신 거세요 그럼 제가 센터에 전달을 해드려야 되는데요.
고객: 예 예 예.
상담사: 어 전화 주신 고객님의 그 정성일 고객님의
상담사: 연락 받으실 번호가 010, *********
고객: 7.4
고객: 진해
상담사: 몇 번이세요?
고객: 552
상담사: 네 확인이 안됩니다 그러면
고객: 예?
상담사: 어 고객님 말씀해 주신 이 번호로 해당 설계사님이 고객님한테 연락드릴 텐데 설계사님은 출근 시간이 10시거든요.
고객: 예.
상담사: 그래서 빨라
고객: 아이고 그래요?
상담사: 예 빨라도 10시 이후로 연락이 갑니다.
고객: 음 예 알았습니다 감사합니다.
상담사: 네 감사합니다.
상담사: 알겠습니다.","고객 정상열은 진해구 읍내동 거주자로, 지난번에 팀장이 암 보험 관련 상담 전화를 했으며, 이번에 다시 상의를 위해 전화를 걸었다. 고객은 설계사에게 연락을 받고 싶어 하며, 연락처로 010-****-552를 제시했으나 확인되지 않았다. 설계사의 출근 시간은 10시이며, 이후에 연락이 갈 예정이다.","이전에 연락이 왔었다며 다시 통화요청하였으며 연락드렸던 모집인이 전화드리도록 전달하겠음
10시이후 연락드릴 예정임","이전연락
재통화요청
모집인전화전달
10시이후연락예정",가능,0.95,짧은 상담으로 모든 내용 STT에서 명확히 확인됨,가능,,E147381,2026-03-05T14:45:46.433185,,,,,가능,,,,,오답,,"정보_누락, STT_내용_추가(정상)","정보_누락: '연락드렸던 모집인이 전화드리도록 전달하겠음'이라는 상담사 처리 내용이 generated에서 누락됨.; STT_내용_추가(정상): STT에서 확인된 고객 이름, 주소(진해구 읍내동) 등 신상정보를 generated가 추가. STT 전사 정상.",Y,,오답,,"{'label': '정보_누락', 'action': 'modify', 'error_detail': ""'연락드렸던 모집인이 전화드리도록 전달하겠음'이라는 상담사 처리 내용이 generated에서 누락됨.\nSTT상에서는 설계사로 되어있는 부분이 정답지청크에서는 모집인으로 되어있음."", 'chunks': [2]}, {'label': 'STT_내용_추가(정상)', 'action': 'keep'}",E147381,2026-03-10T10:44:03.981788,,,,,,,,
51,"상담사: 반갑습니다. 입니다.
고객: 네 안녕하세요.
상담사: 네 주무관님 안녕하세요.
상담사: 인당동도
상담사: 지금은 학교가.
고객: 예.
고객: 그 저 보험 계약
고객: 그
상담사: 예 그럼요 선생님.
고객: 계약자 수익자 변경을 할려는데
상담사: 네.
고객: 절차를 좀 알려주실래요 어떻게 해야 되는지.
상담사: 네 지금 전화 주신 분은 계약자 박은배님 본인 맞으세요?
고객: 예.
상담사: 생년월일이 어떻게 되세요?
고객: 네층에 4월 10일이요.
상담사: 네 핸드폰 번호 010 6600 다음 몇 번이세요?
고객: 모르고룩이요.
상담사: 감사합니다 저희 현재 명의 변경 관련 상담 부서가 별도로 마련되어있구요 관련 부서에서 연락드릴 수 있도록 접수 가능하신데 접수를 진행해드릴까요?
고객: 예.
상담사: 이어서 말씀이세요.
상담사: 지금 전화 주신 번호로 발신 번호 1588 9898 해서 순차적으로 연락 드리니 전화 오시면 받아서 다시 1번 말씀해 주세요.
고객: 다시 말해야 된다고요?
상담사: 네네.
고객: 예 알았어요.
상담사: 네 연락드리겠습니다. 감사합니다.","계약자 박은배님께서 계약자 및 수익자 변경 절차를 문의하셨으며, 생년월일은 1944년 4월 10일, 핸드폰 번호는 010 ****으로 확인되었고, 관련 부서에서 전화 연락을 드리기 위해 접수 진행 중입니다.",명의변경상담요청하여 상담가능한 부서에서 연락드린 안내,"명의변경 상담요청
상담가능 부서
연락 안내",가능,0.95,고객의 명의변경 상담 요청과 상담부서 연락 안내가 STT에서 명확히 확인됨.,가능,,hjlee,2026-03-05T13:24:15.053010,,,,,가능,,,,,오답,,STT_내용_추가(정상),"STT_내용_추가(정상): STT에서 확인된 계약자명, 생년월일, 핸드폰 번호 등 신상정보를 generated가 추가. reference에 없으나 STT 전사 정상이고 문맥상 자연스러움.",Y,,과답,,"{'label': 'STT_내용_추가(정상)', 'action': 'keep'}",E147381,2026-03-10T10:44:29.046136,,,,,,,,
52,"상담사: 반갑습니다 상담사 전효순입니다.
고객: 아 예 제가
고객: 좀 전에 그
고객: 계좌번호를 바꿨는데요.
상담사: 네.
고객: 그게 다 1번에 옮겨진 건지 확인 좀
고객: 하수 문화재요.
상담사: 네 계약자 김재경 본인 맞으시고요?
고객: 예.
상담사: 아 네. 생년월일 어떻게 되세요?
고객: 65년 12월 6일이요.
상담사: 네 어디 은행으로 변경하셨던 걸까요 고객님?
고객: 기업은행이요. 같은 은행인데 계좌번호만 바꿨거든요.
상담사: 네.
상담사: 잠깐만 기다리시겠어요?
상담사: 네 고객님 변경 정상적으로 되어있는 걸로 확인되십니다.
고객: 까 5건인가 그런데 그게 다 한꺼번에 묶인 거죠?
상담사: 아 네 그렇게 확인되십니다 고객님.
고객: 아 예 알겠습니다.
상담사: 아 네 감사합니다.
고객: 이게 15일로 변경이 됐나요?
고객: 혹시 날짜가요?
상담사: 아니요 11로 11, **********
고객: 10일이요?
상담사: 네.
고객: 어 15일로 변경했는데.
상담사: 음 15로 되어있는데 그러면 저희가 다시 그럼 변경을 해드릴게요 정보 확인하겠습니다.
상담사: 네 산호 아파트 몇 동 몇 호이세요?
고객: 1410
고객: 차 오염
상담사: 주소가 다르시네요 고객님.
고객: 아 700 700
고객: 12호요.
상담사: 네.
상담사: 잠깐만 기다려 주시면 감사하겠습니다 제가 그러면 다시
상담사: 네 혹시 모르시니까 다시 변경해드릴게요.
상담사: 계약금 모두 다 15일자를 요청하시는 걸까요?
고객: 예.
고객: 예예.
상담사: 아 네.
상담사: 계좌번호 말씀 부탁드릴게요.
고객: 333
상담사: 네.
고객: 031
상담사: 네.
고객: 103
상담사: 네.
고객: 공휴일
상담사: 네.
고객: 029요.
상담사: 5건 모두 요청하시는 거 맞으시죠?
고객: 예예예.
상담사: 아 네 15일자 요청하셨고 국적과 실제 거주국 동일하게 대한민국 맞으시죠?
고객: 예 예.
상담사: 네 출금 동의를 위해서 ARS 연결해 드릴 거구요 들어보시고 맞으면 1번 누르고 제가 나올 때까지 기다려 주시면 되세요.
고객: 예.
상담사: 네.
상담사: 저는 횟수로 지금 4년째 임용고시를 보고 있습니다.
상담사: 저는 고등학교 입학하고 연극 동아리에 가입해서 활동하고 있습니다 그리고 저는 그 때 저보다 1살 많은 동아리 오빠에게 첫 눈에 반하게 됐어요.
상담사: 김재경
상담사: 고객님께서는 AI의 생명으로 요청하신 업무처리를 위하여
상담사: 김재경.
상담사: 니네.
상담사: 기업은행
상담사: 은행 계좌
상담사: 삼 삼
상담사: 산
상담사: 영
상담사: 삶
상담사: 일
상담사: 일
상담사: 영
상담사: 산
상담사: 영
상담사: 예.
상담사: 영
상담사: 예
상담사: 구 로 부터 이체 출금을 신청하셨습니다.
상담사: 동의하시면 1번 취소하시거나 상담사 연결은 1번을 누르고 동의하여 주셨습니다.
상담사: 네. 동의 완료됐고요. 네. 등록하고 있습니다 고객님.
고객: 예.
고객: 예 그럼 요번 달부터 그럼 그렇게 빠져나가는 거죠.
상담사: 아 네 맞아요. 이번 달부터 결제가 될 예정이시고요.
상담사: 네 잠깐만 더 기다려 주시면 감사하겠습니다 지금 5건이라서 시간이 조금 걸리시네요.
고객: 예.
고객: 네.
고객: 예 예.
상담사: 네.
상담사: 아 네 고객님 모두 다 변경처리 완료 됐습니다.
고객: 예 알겠습니다.
상담사: 네 고객님 감사드리구요 네 마지막으로 부족한 문장 관련으로 신규 학습자에서
상담사: 나중에 연락드려도 괜찮으시죠?
고객: 예 예.
상담사: 네 감사합니다. 건강하십시오.
고객: 네.
상담사: 네 고맙습니다.","계약자 김재경(1965년 12월 6일생)이 기업은행 계좌번호를 변경하였으며, 계좌 변경 후 5건의 계약이 한 번에 묶여 처리된 것으로 확인됨. 고객이 요청한 대로 15일자로 날짜 변경 처리 완료. 계좌번호는 333-031-103-029이며, 출금 동의를 위해 ARS 연결 후 1번을 누르는 방식으로 동의 완료. 이번 달부터 변경된 날짜로 결제 예정.","납입계좌 변경하였다며 확인요청하였고 이체일은 15일이 아닌 10일임을 안내
5건에 대해 이체일을 15일로 변경. 당월부터 15일에 출금예정.","납입계좌 변경
확인요청
이체일 10일
5건
이체일 15일 변경
당월부터 15일 출금예정",가능,0.85,"납입계좌 변경 확인, 이체일 안내(10일vs15일), 5건 15일 변경, 당월 출금 모두 STT에서 확인됨. 이체일 10일/11일 부분이 STT 인식 약간 모호하나 맥락상 의미 파악 가능.",가능,,hjlee,2026-03-05T13:27:40.132158,,,,,가능,,,,,오답,,"정보_누락, STT_내용_추가(정상)","정보_누락: 이체일이 15일이 아닌 10일이었음을 상담사가 안내했다는 내용이 generated에서 누락됨.; STT_내용_추가(정상): STT에서 확인된 계좌번호, ARS 동의 절차 등을 generated가 추가. STT 전사 정상.",Y,,오답,,"{'label': '정보_누락', 'action': 'keep'}, {'label': 'STT_내용_추가(정상)', 'action': 'keep'}",E147381,2026-03-10T10:45:34.993859,,,,,,,,
56,"상담사: 반갑습니다. 반 은 화 입니다.
고객: 예 수고하십니다.
상담사: 감사합니다.
고객: 예 그
고객: 뭐 좀 문의 좀 드리려고 전화드렸거든예.
상담사: 네 고객님.
고객: 저 뭐꼬?
고객: 제가
상담사: 네 네.
고객: 그 지난주 금요일날예
상담사: 네.
고객: 이틀 전이지예. 그리고 금요일 오후 2시 조금 넘어서예.
상담사: 네.
상담사: 네.
고객: 보험금 청구서를 갖다 팩스로 보냈거든예.
상담사: 음 그러셨군요. 확인해 보겠습니다. 강성 1리 계약자분은 맞으십니까?
고객: 네 감사합니다.
고객: 예.
고객: 예예 맞습니다.
상담사: 예 자 생년월일 앞에 6자리는 어떻게 되십니까?
고객: 옻칠
상담사: 네.
고객: 12 이룩예.
상담사: 네 휴대폰 번호가 010, *******************
고객: 2577예.
상담사: 감사합니다. 그 꽃피랑 건강보험 가입 되셨고 저 지난주 금요일 날 서로 보내주신 거 확인되셨거든요.
고객: 그 예.
상담사: 근데 예 정보처리 동의서 어 2 다시 2 1장이 누락되시긴 하셨는데 또 핸드폰 모바일로 접수가 또 추가로 보완이 되셔서요 접수되면은 문자가 갈 거니까 참고해 주시면 됩니다.
고객: 예.
고객: 예.
고객: 예.
고객: 어 그러면 그 다시.
고객: 다시 뭐 보내거나 이런 거 안 해도 됩니까?
상담사: 예 모바일로 접수하셨던데요 고객님.
고객: 아 제가 했을 때가 내가 몸 몸이 무들긴 무들렸는데
상담사: 모바일로
고객: 그 할 줄 모릅니다. 내가
상담사: 예.
고객: 아 그럼 뭐 하나 여쭤보입시다.
상담사: 네.
고객: 그 자 그 4장을 원래 보낸다 아닙니까 그지예?
상담사: 네.
고객: 팩스로?
상담사: 네
고객: 그 4장 중에 1장 자체가 안 들어왔다 이 말씀이었습니까?
상담사: 네 맞아요 동의서가 총 3장이셨는데 여기서 2 다시 3 1가 누락이 되셨더라고요.
고객: 예.
고객: 아 그래예?
상담사: 어 네.
고객: 그걸 내가 병원에 재혼하면서예.
고객: 의무과에 그 아가씨한테 부탁을 해가지고 한 게거든예.
상담사: 아 그래 근데
고객: 그 종이가 종이가 딱 붙어 있는 건 아가씨가 모르고 그냥 빠져드는 갑다. 그지예?
상담사: 예.
상담사: 네 근데 핸드폰으로도 모바일로 보안처리가 되셔서 보안 잘해주셨어요.
고객: 그러면 여 뭐 그 지금 하라 해서 할 줄 모르거든요.
고객: 어저께 말했기는 너무 이것 때문에 문자 받고 뭐 못 들은다고 뭐 못 들어도 안 돼서는
고객: 고만 둔 걸로 알고 있는데. 아 그래요?
상담사: 예 보안이 되셔가지 예
고객: 이거 나중에 우리 딸내미가 이거 이거 뭐 하는 게
고객: 현존 번호로 하는 게 어렵습니까?
상담사: 아니요. 아니요. 고객님 동의서 체크하셔 가지고 보완만 해주시면 되셨고 보완 좀 너무 잘해주셨어요. 고객님.
고객: 응.
고객: 그리고 앞으로 다음에 만약에 내가 또 이런
고객: 그 팩스도 안 보내고
고객: 이걸로 할라카면 뭐 어떤 식으로 해야 됩니까?
상담사: 저 에이아이 생명 홈페이지 그 어 에이아이 플러스 웹 설치하셔서요.
고객: 음
고객: 음
상담사: 차후에는 이렇게 팩스 접수 안 하시고 모바일로 접수해 주시면 되거든요. 제가 모바일로 접수할 수 있도록 등기 하나 발송해 놓을게요.
고객: 아 그래야 좀 해주면 내가 그 말만 들으면 몰라서
상담사: 알겠습니다.
고객: 우리 딸내미가 오면 내가 한번 만들어 주라 할라고 하고 있거든예.
상담사: 예 네 고객님
고객: 이거 어디 보내줄 거 있으면 보내줘 보이소.
상담사: 예 알겠습니다. 고객님 요거 따님한테
고객: 그래 그라고
상담사: 예 고객님께서 직접 하셔도 될 텐데 어렵지 않아요.
고객: 예.
고객: 아 그런데 그 어렵던데예 우리가 너무 몰라서 그렇습니까 그래서
상담사: 네.
고객: 그래서 하여튼
고객: 필요한 거 고
상담사: 네.
고객: 고거 내가 이용할 수 있도록 좀 보내줄 수 있으면 보내주이소.
상담사: 네 알겠습니다.
고객: 어 그라고
고객: 그 확인 한번 더 합시다. 그러면 인자 요번 건수는 인자 서류 접수는 정확하게 해야 되는 거지예?
상담사: 어 일단은 아직 접수가 된 거는 아니고 서로는 이제 다 보완 처리가 되셨기 때문에 당일 아마 접수 문자 갈 거고 심사 과정에서 만약에 매개 사항이 있다면 제가 또 연락드리도록 하겠습니다.
고객: 어
고객: 아 그래요?
고객: 예.
고객: 예. 예.
고객: 아 예 알겠습니다 예 예.
상담사: 네 건강하시고요 결제 건 새로운 상품 연락드리고 있어서 편한 시간 연락은 통화 부탁드리겠습니다.
고객: 예 감사합니다. 수고하세요.
상담사: 감사합니다.
상담사: 건강하십시오.
고객: 예.
고객: 예 고맙습니다.
상담사: 네.
상담사: 네.","고객은 지난주 금요일 오후 2시 이후에 보험금 청구서를 팩스로 제출했으며, 계약자 이름은 강성리, 생년월일 앞 6자리는 12이룩, 휴대폰 번호는 010-****-2577이다. 보험금 청구서 4장 중 정보처리 동의서 2장이 팩스로 누락되었으나, 모바일로 보완 접수가 완료되어 접수 문자가 발송될 예정이다. 이후에는 에이아이 생명 홈페이지의 에이아이 플러스 웹을 통해 모바일로 접수할 수 있으며, 필요 시 등기로 안내서를 발송할 예정이다.","보험금청구서 팩스 보냈고 서류를 재발송해야하는지 확인요청
동의서 2-2 누락되었으나 모바일로 보완이 되었음 안내
이후에도  앱 통해  접수할 수 있으며 모바일 링크 발송완료. 심사중 미결사항이있음 연락드림","보험금청구서
팩스보냄
서류재발송여부
확인요청
동의서2-2
모바일보완
안내
앱
접수가능
모바일링크발송
심사중미결사항
연락",판단불가,0.75,동의서 번호가 STT에서 '2 다시 2 1장'으로 인식되어 '2-2' 여부 정확히 확인 어려움. 나머지 내용은 확인 가능.,가능,,hjlee,2026-03-05T13:53:13.349754,,,,,가능,,,,,오답,,"해석_오류, 정보_누락, STT_내용_추가(오전사)",해석_오류: 동의서 누락 건수 해석 오류 - 1장 누락인데 2장으로 요약; 정보_누락: 심사 중 미결사항 있어 연락한다는 내용 누락; STT_내용_추가(오전사): STT 오전사된 생년월일(12이룩)을 그대로 반영,Y,,오답,,"{'label': '해석_오류', 'action': 'keep'}, {'label': '정보_누락', 'action': 'keep'}, {'label': 'STT_내용_추가(오전사)', 'action': 'keep'}",E147381,2026-03-10T10:48:41.809457,,,,,,,,
58,"상담사: 반갑습니다. 김진명입니다. 무엇을 도와드릴까요?
고객: 예 여보세요?
상담사: 네 안녕하세요 고객님.
고객: 예 예 제가 그 보험 들어가는 거를 9월 달부터
상담사: 네.
고객: 저 이 계좌를 옮겨 놨는데 이게 바로 됐는지 확인 좀 할라고요.
상담사: 아 그러실까요?
상담사: 실례지만 고객님께서 계약자님 본인이실까요?
고객: 네
고객: 네 네.
상담사: 네 그러시면 고객님 정보 확인되시지가 않으셔서요 저희가 ARS 연결해드릴 건데요.
상담사: 고객님의 주민등록번호 13자리 입력해 주시겠습니까?
고객: 예 알겠습니다.
상담사: 네 지금 바로 연결하겠습니다 입력해주세요.
고객: 네.
상담사: 감사합니다.
상담사: 네. 받았어요.
상담사: 아니
상담사: 그것만 이제 내용만 정확하게
상담사: 15만 1000
상담사: 예산과세
상담사: 감사합니다.
상담사: 네.
상담사: 내가 그러면
상담사: 아이리스
상담사: 네.
상담사: 참석 1번 더 해주세요.
상담사: 몇 동에 내려가면 검색해서 보이시나요?
상담사: 네. 본인 감사합니다.
상담사: 현재 정확하게 입력이 안 되신 걸로 확인되시는데 입력하신 걸까요 고객님?
고객: 네.
고객: 이게 왜 이리 어렵습니까 6 9 1 0 0 4
상담사: 어 잠시만요. 고객님 다시 1번 말씀해 주시겠습니까? 69
고객: 6 9
고객: 1004
상담사: 1004
고객: 209
상담사: 200
고객: 3215번
상담사: 3215 맞으세요?
고객: 예 예.
상담사: 네 그러시면 제가 확인해 드리도록 하겠습니다.
고객: 예 예.
상담사: 네 말씀하신 주민등록번호로는 저희한테 확인이 안 되시는데요.
상담사: AI AI 생명 쪽에 가입 건 있으신 거 맞으세요?
고객: 아 그럼 또
고객: AI AI
상담사: 네 저희 AI 예의 생명입니다 고객님.
고객: 아 저 아 네 잘  알겠습니다.
고객: 알겠습니다 미안해요.
상담사: 네 괜찮습니다 감사합니다.
고객: 예.
고객: 예.","고객은 9월부터 보험 가입을 진행했으며, 계좌 이체를 완료했으나 처리 여부를 확인하기 위해 상담을 요청함. 계약자 본인임을 확인하고 주민등록번호를 입력했으나, 시스템에 정확한 정보가 등록되지 않음. AI 생명 보험에 가입한 사실이 확인됨.","9월달부터 계좌를 옮겼는데 잘되었는지 확인하고자 연락하였으나 AIA 생명에 가입건은 확인되지 않음
","9월 
계좌 옮김 
확인 
AIA생명 
가입건 
미확인",판단불가,0.75,AIA생명이 STT에서 'AI AI 생명'으로 오인식됨. 문맥상 AIA생명 의미는 유추 가능하나 정확한 회사명 확인 어려움.,가능,AIAI는 AIA생명으로 유추가능할 것으로 보여서 가능,hjlee,2026-03-05T13:58:16.763426,,,,,가능,,,,,오답,,"해석_오류, 사실_오류",해석_오류: 계좌 변경 확인 요청을 신규 보험 가입으로 잘못 해석; 사실_오류: AIA 생명 가입건 확인 불가인데 '확인됨'으로 결론 반전,Y,,오답,,"{'label': '해석_오류', 'action': 'keep'}, {'label': '사실_오류', 'action': 'keep'}",E147381,2026-03-10T10:50:20.401978,,,,,,,,
59,"상담사: 반갑습니다.
고객: 아 네 안녕하세요 저 그 박찬호 고객인데요.
상담사: 네 안녕하세요?
고객: 예 보험금 처리 때문에 그 실비 보험 청구 때문에 전화를 진짜 계속 드리는데 혹시 처리가 되고 있는 건지 확인 좀
상담사: 네
상담사: 네.
고객: 할려고요.
상담사: 아 네.
상담사: 음
상담사: 계약자분이 박용성 님인
상담사: 네 박찬우님이 피보험자시네요?
고객: 네 맞습니다.
상담사: 네.
상담사: 제가 정보 확인하고 안내 도와드리겠습니다. 전화 주신 분은 박차돈 님 피보험자 본인 맞으십니까?
고객: 네.
고객: 네.
고객: 네 네.
상담사: 네 생년월일이 어떻게 되세요?
고객: 네 970630이요.
상담사: 네 핸드폰 번호는 010 7662 뒤 4자리 어떻게 되세요?
고객: 3537이요.
상담사: 네.
상담사: 음
상담사: 지금
상담사: 보험금을 청구하셨어요?
고객: 네네.
상담사: 음
상담사: 어
고객: 팩스 드리고 자료도 보냈는데.
상담사: 네.음
상담사: 9월
고객: 마지막 상담할 때
상담사: 예.
고객: 처리 잘 됐다고 뭐 했는데 핸드폰에 이게
고객: 처리 내용이 안
고객: 조회가 안 된대요 그래가지고.
상담사: 음.
상담사: 아 아 없
상담사: 어플에서
상담사: 이제 고객님께서 조회해 보셨어요.
고객: 네.
고객: 네 네.
상담사: 저희 쪽으로 확인 예.
고객: 그니까 그 전화해가지고.
상담사: 아 저희 쪽에 확인된 거는 9월 2일 자 보완 서류가 이제 필요하다는 그 내용에 대한 부분은 있어요.
고객: 다 해서 다 다시 했는데.
상담사: 네 예.
고객: 전화해서 부족한 분 거 다 팩스 보내드렸는데 뭐가 또 안 됐나요?
상담사: 네 네.
상담사: 아 그 부분이 이제 보안 서류 확인이라고 나와 있고요.
고객: 고객님 죄송하지만 지금 휴대폰 번호가 달린 거거든요.
상담사: 이제 지금 지급은 된 부분은 확인이 되지 않거든요.
고객: 네
상담사: 이제 저희가 보험금 청구 부서가 별도로 있어요. 고객님
고객: 네 네.
고객: 네. 거기로 자료가 다 넘어간 건가요?
상담사: 혹시라도 이 부분
상담사: 어
고객: 그러면
상담사: 저희가 이제 그 부분에 대해서 지금
상담사: 지급 처리가 되는 부분은 보험금 청구 부서에서 확인이 가능해서요.
상담사: 네.
고객: 네 네.
상담사: 네 음
고객: 그러니까 뭐 되고 있는 거예요 그러면?
상담사: 고객님 다른 메시지는 받으신 부분은 없으시다고 말씀하셨죠?
고객: 예 맞아요 전혀 없어요.
상담사: 예.예. 음
상담사: 아직
상담사: 생일이면
상담사: 오늘이
상담사: 이제
고객: 네.
상담사: 아직 월요일이기 때문에
고객: 네.
상담사: 음
상담사: 서류 뭐
상담사: 보내주셨고
상담사: 음.
상담사: 고객님 그러면 저희가
상담사: 보험금 청구부서에서 고객님
고객: 네.
상담사: 다시 1번 연락을 드릴 수 있도록 안내를 할까요?
고객: 아 네 좀 부탁드릴게요.
상담사: 예.
상담사: 그런데 그러면 저희가 이제
상담사: 어
상담사: 오늘은 이제
상담사: 저희가 상담 예약이 좀 밀려있는 편이어서 오늘 이후로 연락을 드릴 거예요 제청구서 1588 저희 대표번호로 연락 가거든요 1588 9898에서 연락 오면 고객님께서 궁금하신 내용 있으시면 상세하게 문의하시면 되겠습니다.
고객: 네.
고객: 네.
고객: 네.
고객: 네 네.
고객: 네.
고객: 아 뭐 더 보완하거나 이런 거는 문제가 있는 게 아니죠.
상담사: 이 그런 부분은
상담사: 그런 부분이 있으면 고객님께 연락을 드렸을 거예요.
고객: 네.
고객: 아 그렇구나 네 한번 전화 기다려볼게요 네.
상담사: 네
상담사: 네.
상담사: 네 감사합니다 네 건강하세요.
고객: 감사합니다 네.","고객 박찬호(피보험자)는 실비 보험금 청구를 위해 9월 2일 보완 서류를 팩스로 제출했으며, 이후 보험금 지급 여부를 확인하기 위해 전화 상담을 진행함. 계약자 박용성, 피보험자 박찬우, 생년월일 97****, 휴대폰 번호 010-7662-****. 보험금 청구 부서로 자료가 이관되었으며, 현재까지는 지급 처리 완료된 내역이 확인되지 않음. 고객은 앱에서 조회 시 처리 내역이 없어 확인 요청. 보험금 청구 부서에서 1588-**** 번호로 연락을 드릴 예정이며, 추가 보완 자료가 필요한 경우 별도 연락이 있을 것임.",보험금 청구건으로 진행사항 및 지급에 대해 문의하였고 보험금 청구 부서에서 연락드릴 수 있도록 콜백 생성함.,"보험금청구
진행사항
지급
문의
보험금청구부서
콜백생성",가능,0.95,보험금 청구 진행사항 문의와 청구부서 콜백 안내 모두 STT에서 명확히 확인됨.,가능,,hjlee,2026-03-05T13:58:32.997541,,,,,가능,,,,,정답,,STT_내용_추가(정상),"STT_내용_추가(정상): 고객 이름, 피보험자, 생년월일, 전화번호, 구체 날짜 등 STT 정보 추가",Y,,과답,,"{'label': 'STT_내용_추가(정상)', 'action': 'keep'}",E147381,2026-03-10T10:52:38.867016,,,,,,,,
60,"고객: 안녕하세요.
상담사: 반갑습니다.
고객: 아빠.
고객: 네.
고객: 수고 많으십니다 뭐 좀 여쭤보겠습니다.
상담사: 네.
상담사: 네 안녕하세요.
고객: 아 내가 넘어져 가지고 넘어져 가지고요.
상담사: 네.
상담사: 네
상담사: 네.
고객: 하여간 내가 여기를 찍었거든요.
상담사: 네.
상담사: 뇌혈관을요?
고객: 네.
고객: 혼자 나와도
고객: 예 예 예.
상담사: 예.
고객: 네.
고객: 코스 번호가
고객: S O 0 6 0 0이거든요.
상담사: 음
고객: 네 안녕하세요.
상담사: 고객님
고객: 네.
상담사: 고객님 제가 정보 확인 후 안내 도와드리겠습니다 전화 주신 분은 김순녀님 계약자 분이 맞으십니까?
고객: 어떤 거요?
고객: 아까 안 받았어요.
고객: 알겠습니다.
상담사: 네 생년월일이 어떻게 되세요?
고객: 저기 저 자리 있고
상담사: 핸드폰 번호는 010 446 뒤 네 자리 어떻게 되세요?
고객: 그거 심사해
상담사: 네 확인 감사합니다.
고객: 근데 왜 이렇게
상담사: 고객님
상담사: 어 네.
상담사: 지금 넘어지셔서 뇌혈관을 다치셨다고요?
고객: 네 여보세요 아이가
상담사: 예.
고객: 그래서 NRI도 찍었거든요.
상담사: 네.
고객: 근데 코드 번호가요.
상담사: 네
고객: SS 0600으로 나왔어요.
상담사: 네.
상담사: 에스 0600이요.
고객: 네 네.
상담사: 네.
고객: 해당이 되는가 싶어서 여쭤보는 거예요.
상담사: 음
상담사: 혹시 어
상담사: 진단명은 뭐라고 나와 있어요?
고객: 담당 아주 서류를 불편하게 냈는데
상담사: 네.
고객: 그건 모르겠고
고객: 코드 번호가 나와 있는데 코드 번호만 물어보고 왔어요.
상담사: 아 그냥 에스 0600으로요?
고객: 예 예.
상담사: 네 고객님 저희가
상담사: 음 이 부분에 대해서
상담사: 어 이제
상담사: 상세하게 상담 가능한 부서가 별도로 있습니다 죄송하지만 해당 부서의 모든 상담사가 통화 중인 관계로 고객님 연락처를 저희가 해당 부서에 전달을 해드릴 거예요 그러면 고객님께서 이제 오늘은 상담 예약이 좀 밀려 있는 관계로 내일 이후로 고객님께 연락을 드릴 예정입니다.
고객: 아 보면 안 되는데 오늘 퇴원하는데.
상담사: 예.
상담사: 아
상담사: 아 그러세요 그래.
상담사: 그 저희가 지금은 이제 바로
상담사: 직통 전화 연결은 좀 어려워요. 그래서 고객님께 이제 양해
상담사: 양해 말씀드리구요 이 부분에 대해서 저희가 상담 예약 신청을 해드릴게요.
상담사: 그래서 고객님께서 이게 해당이 가능한지
고객: 네 네.
상담사: 어 어쨌거나 이제
상담사: 해당이 가능한지
상담사: 어 이제
상담사: 뭐
상담사: 불가능한지에 대한 부분은 이제 고객님께서 상담 통해서
상담사: 이제 전달 어
고객: 네.
상담사: 어 이게 내용 문의하시면 되실 거구요.
상담사: 이 부분
고객: 네.
상담사: 그 넘어져서
상담사: 이제 머리를 다치셨는데 뇌혈관 부분에 대한 이제 어
상담사: 그 부분에 대해서 다치신 부분이니까요 일단 저희가 이 부분 코드번호랑 다 기재해 가지고
상담사: 보부 네.
고객: 지금 당황했어요.
상담사: 청구 부서에 제가 전달해 볼게요 고객님께서 문의 한번 해보세요 1588 9898에서 연락 오면 전화 꼭 받아주세요 전화가 길지 않으니까 바로 받아주셔야 됩니다.
고객: 네.
고객: 네.
상담사: 네 감사합니다.
상담사: 건강하세요.
고객: 예 수고하세요.
상담사: 네.","고객은 김순녀님(계약자)의 아들로, 최근 넘어져 뇌혈관 부위에 부상을 입었으며, 퇴원 예정 상태이다. 진단 코드 번호로 S0600이 나왔다고 설명하며, 해당 코드가 보험 청구에 해당되는지 문의하였다. 상담사가 정보 확인 후, 상담 예약을 신청하여 내일 이후에 연락을 드릴 예정이라고 안내하였다.","넘어져서 뇌혈관을 찍어 MRI 찍었는데 코드번호가 S0600으로 나왔다고 하며 해당이 되는지 문의차 연락하였고
진단명은 모르겠고 코드번호만 물어보고 왔다함. 상담 가능한 부서에서 익일 연락드릴 수 있도록 하겠다 안내하였음","뇌혈관 MRI
코드번호 S0600
해당여부 문의
진단명 모름
코드번호 확인
익일 연락",가능,0.9,"넘어짐, MRI 촬영, S0600 코드, 해당 여부 문의, 진단명 모름, 익일 연락 안내 모두 STT에서 확인됨. MRI/S0600의 경미한 STT 오인식은 의미 파악에 지장 없음.",가능,,hjlee,2026-03-05T14:04:13.846840,,,,,가능,,,,,오답,,STT_내용_추가(정상),"STT_내용_추가(정상): 계약자의 아들임, 퇴원 예정 등 STT 추가 정보 반영",Y,,과답,,"{'label': 'STT_내용_추가(정상)', 'action': 'keep'}",E147381,2026-03-10T10:56:03.240610,,,,,,,,
61,"상담사: 반갑습니다.
상담사: 박근하입니다.
상담사: 네 감사합니다.
고객: 네 담당자님 안녕하세요.
상담사: 네 안녕하세요.
고객: 예.
고객: 지금 저희 아저씨가 요양원에 계셔서 제가 지금 문의하는 건데
상담사: 네.
상담사: 네.
상담사: 네.
고객: 지금
고객: 박정기
상담사: 음 고객님.
상담사: 이제
상담사: 저희가 어
고객: 예.
상담사: 이제 어 계약자분이
상담사: 그 배우자 분이시잖아요.
고객: 예 예.
상담사: 근데 요양원에 계시는데 그러면 요양원에서 아예 의사소통이 안 되세요?
고객: 의사소통도 안 되지만은 그게 요양병원과 다르게 요양원은
상담사: 네.
상담사: 네.
고객: 그 면허 신청을 해 갖고 1층으로 내려오셔 갖고 1 20분 면허가 가능해요.
상담사: 네.
고객: 그러니까 저희
상담사: 예 고객님.
고객: 네 그러니까 그런 부분이
상담사: 그 그렇
상담사: 그렇더라도 저희가 이제
고객: 예.
상담사: 그 저희가 확인이 되지 않잖아요. 그래서 보험 계약자의 동의 없이는 저희가 어떤 것도 안내를 해드릴 수가 없어요.
고객: 예 예.
고객: 아니 그런데 그거 아카신이 저가 그거 뭐고
상담사: 예.
상담사: 예 예.
고객: 담당자 전화 오셔갖고는 해약을 저
상담사: 네.
고객: 그 1 1건 했는데
상담사: 네
고객: 저 앞으로 돼 있는 거
상담사: 네
고객: 그 뭐 서류가 뭔지 말해 준다 하더라고예.
고객: 필요한 서로
상담사: 고객님 보험에 대한 건이잖아요.
고객: 아니요 아니요 저는 보험을 지금 저 그 담당자하고 회계를 했고요.
상담사: 예.
상담사: 고객님 해지되신 부분이 아니거든요 먼저 일단은 고객님 제가 정보 확인하고 안내 도와드릴게요.
상담사: 전화 주신 분은 배 미승인 계약자 분이 맞으십니까?
고객: 네 네.
상담사: 생년월일이 어떻게 되세요?
고객: 6 0 0 7 0이요.
상담사: 네 핸드폰 번호는 010 5658 뒤 4자리 어떻게 되세요?
고객: 1719
상담사: 171
상담사: 구역
고객: 네.
상담사: 네 고객님.
상담사: 어 지금 해지만 접수를 해놓으신 상태지 해지가 처리가 되신 건 아니에요.
고객: 제가 그러니까 신청을 했어요.
상담사: 오늘 오늘 9시 반 오늘 9시 반 정도에 고객님 전화하셔 가지고 내가 해지 접수를 할 하신 부분이지 지금 전화가 와서 해지 처리가 되고 고객님께 해지 환급금이나 이런 부분이 들어간 부분은 아니거든요.
고객: 네 네 네.
상담사: 네.
고객: 그것 때문에 전화 드린 게 아니고예.
상담사: 예 네.
고객: 그 저희 아저씨가 그 요양원에 있으니까 뭐 언어도 그렇고
상담사: 네.
상담사: 네.
상담사: 네
고객: 통화가 또 이 뭐 9898 해갖고 신청해갖고 한참 지금 금요일날 했는데 오늘 왔거든예
상담사: 예.
상담사: 네
고객: 그런 부분에서 어려우니까 저가 할 수 있
상담사: 예.
고객: 배우자가 서류를 뭘 준비해야 가능한지 부산에도 이게 사무실이 있더라고예
상담사: 네.
상담사: 아 부 그 저희는 사무실이 연제구에 있는데 플라자가 있어요.
고객: 네.
상담사: 예 연재구에 있
고객: 그래 그 어디에 있는 거는 알고 있는데 저가 그거 뭐고 서류를 떼가 떼가가지고 신청이 가능하도록 뭐뭐 필요한지 여쭤보라 하더라고요.
상담사: 있기는 네 한
상담사: 네
상담사: 네 보험금 청구
고객: 앞에 앞에 앞에 담당자님은
상담사: 네 고객님 보험금 청구에다
상담사: 대한 거예요?
고객: 아니 인지 그거 저 저희 아저씨가 3, ******
상담사: 네
상담사: 네
고객: 에이씨 그 AI 생명이 1건만 놔놓고 2개는 해지할라고 하는 거거든.
상담사: 네
상담사: 예 그러면 이제 만약에
상담사: 배우자 분이 아예 의사소통이 어려우시면 이 어
상담사: 어렵다는 부분에 대한
고객: 어려운 게 아니고 통화가 뭐 거의 불가능한 거죠 이 바로 뭐 핸드폰으로 아니면 전화로 이리 바로 해갖고 뭐 10에서 20분 이내에
상담사: 네 네.
상담사: 네.
고객: 그기 안 되잖아요 지금 이 시스템이.
상담사: 아
상담사: 그러니까 아 그
고객: 그러니까 저희 저가 말씀한 거 같애
상담사: 배우자분께서
고객: 그거는 담당자님
상담사: 배우 네.
고객: 뭐 필요한 서류로가 뭐 뭐 있다 배우자 그러면 제가 그걸 서류 준비해 가지고
상담사: 네
고객: 그 부산 거기 사무실에
상담사: 네.
고객: 방문하겠다는 거죠.
고객: 그러니까 그 앞에 이 앞에 담당자님은
고객: 저거 접수시켜
고객: 지금 9898 해가지고 서류가 뭐 필요한지 여쭤보라 하더라고요.
상담사: 고객님 그런데
상담사: 아버님이 아예 의식불명 상태나 그런 상태는 아니시잖아요.
고객: 의식 불명 상태는 아니지만은
상담사: 예 그러시잖아요 네 그러면
고객: 저가 전화를 해 갖고 바꿔줄 수 있는 사항이 아니에요 그 언어도 어눌하고
상담사: 저희도 예.
상담사: 음
상담사: 이제 요양원에 계시기 때문에 면회 신청해야
고객: 그러면 거 뭐 그쪽에서 요양원으로 전화해 가지고 뭐 좀 바꿔달라.
상담사: 면회 신청을 해서 그렇게 하셔야 되는 부분이잖아요 예.
상담사: 아 그
고객: 하면 모를까 저가
상담사: 아 저희가
고객: 전화를 해가지고 바로 이게
상담사: 저희가
상담사: 네.
고객: 통화가 안 되잖아요. 담당자님 맞잖아예?
상담사: 네
고객: 저 뭐
고객: 해놔나 놓고 연락 주겠다 하면 뭐 하루 아니면 이틀 뒤에 또 전화오고
고객: 그러니까 필요한 서류는 뭐
고객: 여쭤보라 하던데
상담사: 저희가
상담사: 정말 뭔가 아예 의사소통이 안 되시고 그러신 부분이면 예
고객: 아니 그래 어 뭐 그냥
상담사: 예
고객: 언어도 어눌하고
상담사: 네.
고객: 그 뭐고 자체에 통화가 저가 바꿔줄 수 있는 통화가 어려우니까 지금 이러는 거잖아요 담당자님
상담사: 네 그리고 그러면 그러면 거기에 해당 의사 소견서는 필요한 부분이 있을 수 있어요 그래서 저희가 이제 어 아버님이 어떤 질환으로 고객님 아버지가 어떤 질병으로 지금 입원해 계시는 거예요?
고객: 의사 소개해주세요.
고객: 아 지금 뭐 화채를 못 쓰니까
상담사: 네
고객: 그 뭐 뭐 치매도 있고 두루 뭐 그래가지고
상담사: 아
상담사: 치매도 있으세요?
고객: 여 예 예?
상담사: 네
상담사: 치매도 있으세요?
고객: 요양 약 그 뭐 치매에도 있으니까 요양원 들어갔죠.
상담사: 치매 치매요?
상담사: 예.
상담사: 아 그러세요 그러면 조금 내용이 복잡해질 수 있거든요 일단 저희가 고객님.
상담사: 한번 확인해 보고 다시 연락드릴게요 고객님께.
고객: 예 전화를 주세요 전화 이거 통화 1번 할라면 또 어렵고 하던데
상담사: 예.
상담사: 네 제가 그러면 오늘
고객: 담당자님 저 저 이 번호로 전화 좀 주시면 감사하겠습니다.
상담사: 네 오늘 제가
상담사: 오전 중으로 다시 연락을 드릴게요.
고객: 네 고맙습니다.
고객: 네.
상담사: 네.","고객은 요양원에 있는 아버지(박정기, 1960년 7월 1일생)의 보험 관련 서류 준비 및 접수 절차를 문의함. 아버지는 치매 등으로 인해 언어 능력이 저하되어 있어 직접 통화가 어렵고, 요양원에서 면허 신청 후 1층으로 내려와 10~20분 정도 면회가 가능함. 고객은 담당자로부터 9898 전화로 서류 준비 안내를 받았으나, 직접 연락이 어려워 부산 연제구 사무실 방문을 고려 중이며, 필요한 서류와 절차에 대해 안내를 요청함.","계약자(박*기) 요양원에 있어 배우자가 대신 문의하였고 계약자 동의없이는 안내가 불가함을 안내함
본인(배*수)계약건은 당일 9시경 해지하였고 배우자 계약건 해지를 위한 서류 확인을 위해 연락을 하라고 했다함.
3건 중 2건은 해지하고 1건은 유지할 계획임.
배우자가 대신 해지할 수 있는 서류를 확인하여 부산 고객플라자 내방 예정임.
요양원은 면회신청을 해야하며 10분~20분내에 연결되는 시스템이 아니기때문에 필요한 서류를 확인해주면 방문하겠다는 것임.
의식불명 상태는 아니지만 배우자가 바꿔줄수있는 상항도 아님
언어가 어눌하며 치매 언급하였음. 
서류 확인 후 연락을 드릴 예정임을 안내","계약자(박*기) 
배우자(대신 문의) 
계약자 동의없음 안내불가 
본인(배*수) 계약건 해지 9시 
배우자 계약건 해지 서류확인 
3건 중 2건 해지 
1건 유지 계획 
배우자 대신 해지 서류확인 
부산 고객플라자 내방 예정 
요양원 면회신청 필요 
10분~20분 내 연결 비시스템 
필요 서류 확인 방문 
의식불명 아님 
배우자 연결 어려움 
언어 어눌 
치매 언급 
서류 확인 후 연락 안내",가능,0.85,모든 요약 내용이 STT에서 확인됨. 면허/면회 STT 인식 오류가 있으나 문맥상 의미 파악 가능.,가능,,hjlee,2026-03-05T17:29:03.117646,,,,,가능,,,,,오답,,"정보_누락, STT_내용_추가(정상)","정보_누락: 계약자 동의 없이 안내 불가, 본인 계약 해지 접수, 3건 중 2건 해지 계획, 서류 확인 후 연락 예정 등 다수 누락; STT_내용_추가(정상): 계약자 이름, 생년월일 등 고객 인적사항 추가",Y,,오답,,"{'label': '정보_누락', 'action': 'keep'}, {'label': 'STT_내용_추가(정상)', 'action': 'keep'}",E147381,2026-03-10T11:00:33.775289,,,,,,,,
63,"상담사: 반갑습니다 박근화입니다.
고객: 네 1가지 여쭤보겠는데요.
상담사: 네
고객: 여보세요 예 서류를 띠러 가야 되는데
상담사: 네.
고객: 거기 위치가 어디예요?
고객: 거기 또 서울 노원구 쪽인데
상담사: 어떤 서류를 말씀하세요?
고객: 저기 저기 저기 보험 든 거 옛날 보험 거 보험 든거 황 저기
고객: 저기 뭐지.
고객: 황
고객: 서류가
고객: 저기
상담사: 고객님
상담사: 일단 고객님 정보가 조회가 되지가 않아서요 저희가 주민등록번호 좀 어 제가 ARS 연결해 드릴 테니까 1번
고객: 네 네.
고객: 네
고객: 네네네
고객: 예
고객: 네네네.
상담사: 네 눌러주세요.
상담사: 어 고객님 고객
고객: 여보세요?
고객: 네네. 네.
고객: 예
상담사: 즉 고객님께서 계약자가 맞으세요?
고객: 옛날에 그게 보니까
상담사: 네.
고객: 저기
고객: 울 딸이 안 써 딸거 했거든요?
상담사: 계약자가 누구세요?
고객: 안소연이요.
상담사: 아 그니까 계약자님이 본인 맞으세요?
고객: 제가 저기 부모거든요.
상담사: 고객님
상담사: 고객님 본인이 계약자시냐고 말씀드린 거예요.
고객: 예.
고객: 네 네 네 네 맞아 네 네 네.
상담사: 어
상담사: 조회가 아예 되지가 않는데 혹시 AI A가 맞을까요?
상담사: 고객님이 주민등록번호를 방금 저희 쪽으로 보내주셨을
고객: 네 네 네
상담사: 보내 주셨을 텐데 아예 정보가 조회가 되지가 않거든요.
고객: 아 네 근데 AIG인데
상담사: 아 에이아이 지는 다시 제가 메모 가능하세요 1544 279이에요.
고객: 예
고객: 아 아 저 잠깐만요. 아 그래요?
상담사: 네.
고객: 아이 수고하셨다.
상담사: 네
고객: 잠깐만 잠깐만요.
상담사: 네
상담사: 1544
고객: 잠깐만요.
고객: 1544에
상담사: 2792
고객: 있지.
상담사: 9 2 네.
고객: 구 주류요?
고객: 네 감사합니다 네.
상담사: 네","고객은 계약자 본인으로, 보험 서류 수령을 위해 서울 노원구 소재 지점을 방문해야 하는 상황이며, 서류는 과거에 가입한 보험 관련 서류로 확인됨. 고객은 주민등록번호를 ARS를 통해 전달했으나, 시스템 조회가 되지 않음. 보험사로는 AIG(1544-****)로 확인됨.",서류를 떼러가야하는데 위치가 어디인지 문의하였으며 당사에는 주민등록번호로 조회되는 계약건이 없음. AIG 라고 하여 AIG손해보험사 번호 안내함,"서류발급, 위치문의
주민등록번호조회
계약건없음
AIG손해보험사
번호안내",가능,0.9,모든 요약 내용이 STT에서 확인됨. AIG손해보험사 번호 안내 내용도 확인.,가능,,hjlee,2026-03-05T17:36:20.341461,,,,,가능,,,,,정답,,STT_내용_추가(정상),STT_내용_추가(정상): 계약자 이름 등 STT 추가 정보 반영,Y,,과답,,"{'label': 'STT_내용_추가(정상)', 'action': 'keep'}",E147381,2026-03-10T11:01:28.854805,,,,,,,,
64,"고객: 여보세요?
상담사: 산에구인님 에이아이 생명자원 순입니다 강영진 구인님 맞으십니까?
고객: 예 예 예.
상담사: 네 주소 확인되셨을까요?
고객: 어 예 부산시 사하고 개정동
상담사: 개정동요
고객: 예 계정동
상담사: 네.
고객: 뭐 1295
상담사: 1 2 9 5 5
고객: 예 그럼 놉니까 힐스테이트 타요.
상담사: 네 나옵니다 고객님.
상담사: 네 고객님 나와요.
고객: 예.
상담사: 군님 말씀대로 개정로 166, *************
고객: 거기 벤 예 거기에
상담사: 네 고객님 주소가 맞으시네요 네 확인 되셨구요.
고객: 개정 로로 하면은
상담사: 네.
고객: 번길 주소로 166, **********
상담사: 어 네 맞아요 그런데 아까는 왜 안 나왔을까 네 일단 나와서 제가 확인해서요 동호수만 말씀 부탁드릴게요.
고객: 예 105동
상담사: 네.
고객: 18025
상담사: 네.
상담사: 1100
고객: 1802호
상담사: 1802호요.
고객: 네.
상담사: 네 기다려 주시면 감사하겠습니다.
상담사: 네 105동에 18층 2호 맞습니까?
고객: 예.
상담사: 안녕히 계세요.
상담사: 네 주소까지 변경 처리 다 완료했습니다 고객님.
고객: 예 감사합니다.
상담사: 네 고객님 번거롭게 해드려 죄송합니다 건강하세요.
고객: 예 들어가세요. 예.
상담사: 아 네 감사합니다.","고객은 부산시 사하구 개정동 166, 힐스테이트 105동 1802호에 거주하며, 주소 변경 처리를 요청하였다.",부산시 사하구 계정동 12**로 조회하면 주소 나오는지 확인 후 ***동 ****호로 변경완료,"부산시 사하구 계정동
12**
주소조회
***동
****호
변경완료",가능,0.9,주소 확인 및 변경 완료 내용 모두 STT에서 확인됨.,가능,,hjlee,2026-03-05T18:14:01.366300,,,,,가능,,,,,정답,,STT_내용_추가(정상),STT_내용_추가(정상): 상세 주소(동호수 포함) STT 정보 추가,Y,,과답,,"{'label': 'STT_내용_추가(정상)', 'action': 'keep'}",E147381,2026-03-10T11:05:32.097509,,,,,,,,
66,"상담사: 반갑습니다. 입니다.
고객: 예 수고하십니다.
상담사: 네 안녕하십니까?
고객: 그
고객: 내가
고객: 주소를 안 바꿨네요.
상담사: 정보를 한번 여쭙
고객: 예나
상담사: 네 도와드리겠습니다.
고객: 서울 서울 주소로 돼 있어 가지고
고객: 핸드폰으로 문자 들어온 거 보고 전화하거든요.
상담사: 네.
상담사: 본인 계약서는
상담사: 합칠성 고객님 본인 분 맞으세요?
고객: 예.
상담사: 네 생년월일 말씀 부탁드리겠습니다.
고객: 530915요.
상담사: 네 휴대폰 번호 0104113회 다음 4자리 어떻게 되세요?
고객: 몇 살 쯤에요?
상담사: 확인 감사합니다.
상담사: 지금 뚝섬로로 되어있으신데 변경하실 주소 1번 말씀해주세요. 고객님.
고객: 예 양사시.
상담사: 네.
고객: 물건 뭐
상담사: 물금읍이요?
고객: 예.
상담사: 네.
고객: 오동로
상담사: 오봉로.
고객: 예 29
상담사: 버마떡.
상담사: 범어덕산타운 맞으세요?
고객: 예 예.
상담사: 네.
고객: 백산동 천산대 1호요.
상담사: 네 주소 확인하겠습니다. 경남 양산시 물금읍 오봉로 29, *
상담사: 엄호덕산타운103동에 1301호 맞으시죠?
고객: 예.
고객: 네 예예.
상담사: 네네 확인되셨고요. 변경 처리 도와드렸습니다.
고객: 예.
상담사: 네 다른
고객: 근데 이거 저기
상담사: 네.
고객: 뇌종증 안 걸리면 돈이 안 나오는 거예요.
상담사: 지금 가입하셨던 상품이 하나로 건강보험이라는 상품인데요.
상담사: 이 상품은 이제 급성심근경색증 뇌출혈 진단비 발생하는 상품이세요.
고객: 예.
고객: 네 그냥 수용가 번호를
고객: 상품 없는 경우에요.
상담사: 네 뭐 저축성은 아니기 때문에 따로 뭐 발생하는 금액이 있진 않죠. 고객님.
상담사: 고객님 80세까지 보장 혜택을 받는 거죠.
고객: 40대가 40, ******
고객: 아무 거기 없는 거를
상담사: 이제 종료가 되시는 거예요. 네.
고객: 음
고객: 그 그거는 대출은 안 되는 거예요?
상담사: 대출이요?
고객: 예.
상담사: 대출이 가능하신 상품은 아니세요.
고객: 아니에요.
상담사: 네.
고객: 안녕하세요.
고객: 어 그 첫 번째 거 100년에는
상담사: 보장상 상품이라서 급성 심근경색증 뇌출혈 80세까지 각각 1000만원씩 보장받으실 수 있는 상품이시니까요.
상담사: 잘 유지해주시면 될 것 같습니다. 고객님.
고객: 예.
고객: 배우자가 되려해서는 상관없는 거예요?
상담사: 피바운사님은 고객님이니까요. 고객님에 대한 상품이라고 보시면 돼요.
고객: 네.
고객: 예.
고객: 음 알았어요.
상담사: 네 감사합니다.
고객: 네 수고하세요.
상담사: 네 감사합니다.","고객은 서울 주소로 등록된 계약 정보를 변경 요청하였으며, 현재 주소는 경남 양산시 물금읍 오봉로 29 범어덕산타운 103동 1301호로 변경 처리됨.  
고객은 건강보험 상품을 가입하였으며, 이 상품은 급성심근경색증 및 뇌출혈 진단 시 80세까지 각각 1000만원 보장되는 보장성 상품임.  
이 상품은 저축성은 아니며, 대출이 불가능함.  
고객은 본인 계약자이며, 피보험자는 배우자일 수 있음.","주소변경
하나로 건강보험은 보장성 상품으로 대출 어려우며
급성심근경색증, 뇌출혈 진단비 80세까지 각각 천만원씩 보장되는 상품이며 본인이 해당되는 상품임안내
","주소변경
하나로건강보험
보장성상품
대출어려움
급성심근경색증 진단비
뇌출혈 진단비
80세까지
천만원 보장
본인 해당",가능,0.9,"주소변경, 하나로건강보험 보장성상품/대출불가, 급성심근경색증·뇌출혈 진단비 80세 천만원 보장, 본인 해당 등 모든 내용이 STT에서 확인됨.",가능,,hjlee,2026-03-05T18:16:34.562047,,,,,가능,,,,,오답,,"STT_내용_추가(정상), 해석_오류",STT_내용_추가(정상): 변경 주소 상세 정보 STT에서 추가; 해석_오류: 본인이 피보험자임이 명확한데 '배우자일 수 있음'으로 잘못 해석,Y,,오답,,"{'label': 'STT_내용_추가(정상)', 'action': 'keep'}, {'label': '해석_오류', 'action': 'keep'}",E147381,2026-03-10T11:06:43.922138,,,,,,,,
67,"고객: 네 확인 감사합니다.
상담사: 반갑습니다. 밤토록입니다.
고객: 네 안녕하세요.
상담사: 네 안녕하십니까?
고객: 다름이 아니고 제가 건강보험을 20년 전에 가입을 해서 이제 그 납입기간이 끝났어요.
상담사: 네 정보를 한번 여쭙고 안내 도와드려야 될 것 같은데요 계약자분 정화자 고객님 맞으세요?
고객: 네 뭐
고객: 네 네 네.
상담사: 네 생년월일 말씀 부탁드리겠습니다.
고객: 66010이요.
상담사: 네 휴대폰 번호 010 5676에 다음 네 자리 어떻게 되세요?
고객: 2 5 3 4요.
상담사: 확인 감사합니다.
상담사: 네 아부전 의료보험
고객: 예. 다른 이야기 다른
고객: 다니 네
상담사: 네.
고객: 자보자 어려우고 약간이 어디 가가지고 제가 어제 뭐 확인 좀 할려고 했는데 몰라서 물어보는 건데요.
상담사: 네.
상담사: 네.
고객: 혹시 건강보험에 그 포함된 게 약간의 재해보험이 들어 있나요?
고객: 확인해 주시겠어요?
고객: 재외보험?
상담사: 재해 쪽이라고 하시면은 재해 입원비나 재해로 인해서 수술했을 때 수수료 자본금 청구하실 수 있고요.
고객: 뭐 다쳤을 때 뭐 어디 가서 넘어져 다쳐서 그랬을 때 제어범이 특약에 들어있나요 제거?
상담사: 네
상담사: 네 입원비랑 수술비가 있어요. 고객님
고객: 그게 재해보험에 해당되나요?
상담사: 상위 쪽에 해당되시죠.
고객: 아 아니 어디 그 취업을 하려는데
고객: 재해보험이 들어있는 거 상해보험이 들어있는 있는지
상담사: 네.
고객: 뭐 내 짐작을 가지고 오라고 그래 가지고
상담사: 네
고객: 어 들어있나 확인 좀 해보려고 약간 요리 가버렸어요.
상담사: 네 재해로 인한 입원이나 수술은 청구하실 수 있어요. 실비는 아니기 때문에 일반 통원 치료는 해당 사항 없으시고요.
고객: 오래돼 가지고
상담사: 이번 수술로 청구하실 수 있습니다.
고객: 네.
고객: 이번 수술은 청구할 수 있고 상해는
고객: 안되는 거예요?
상담사: 제가 상해나 동일해요. 고객님
고객: 그죠 재해보험 들어있으면 상해나 동일하죠.
상담사: 네.
상담사: 네.
고객: 네 그러면 혹시 제가 약간의 잊어버렸어요.
상담사: 보장 내용 확인할 수 있는 증권을 말씀하시는 게 맞나요? 고객님.
고객: 저희 주소지를
고객: 네 네 그렇죠 그때 증권 그 보험을 들었다는 확인서를 내야 되기 때문에
상담사: 네
상담사: 네.
고객: 증권을 잊어버렸어요.
고객: 그냥 한번 재발급 신청할 수 있을까 최대한 빠른 시일 내에
상담사: 자택으로 보내드릴까요?
고객: 네네 자택 주소 한번 불러줘 보세요 번거롭
상담사: 네.
상담사: 번호가 대전 유성구 문지로 299, *************************
고객: 네 네 네 네 보험 증권
상담사: 예 등기 발송도 가능하시고 일반 우편으로도 발송 가능하신데 어떻게 받아보시겠어요?
고객: 등기로 해주면 좋지 않나요?
고객: 더 빨리 빨리 받아야
상담사: 등기 같은 경우는 3일에서 5 정도 소요될 수 있고요.
상담사: 등기는 직접 수령
고객: 네.
상담사: 안에 때는 반송처리 되시기 때문에 참고해주시면 될 것 같습니다.
고객: 어 등기를 보내 등기는 며칠 만에 오는 거예요?
상담사: 어.
상담사: 3일에서 5 영업일 정도 소요될 수 있어요.
고객: 일반인이요.
상담사: 5일에서 출력업일 정도 소요될 수 있습니다.
고객: 어 너무 늦는데 그게 산
고객: 3일에서 5일이요?
고객: 등기는
상담사: 네
고객: 아 그게 그러면 빨리 받아볼 수 있는 방법은 뭐예요?
상담사: 팩스라던지 아니면 휴대폰으로 수령하실 수 있고요.
고객: 어떻게 받아야 될지
고객: 아 휴대폰으로 수령할 수 있어요?
상담사: 네 파일로 전송되세요.
고객: 일단 등기로 한번
고객: 신청을 하고요 파일도 한번 보내 줘 볼래요 파일로 가능한지 모르겠네요 파일 열어서 그
상담사: 네 그럼 등기로 전송도 해드리고 휴대폰 발송도 해드려볼게요.
고객: 네네 둘 다 한번 해 줘 보세요 어떤 게 지금 빨리 필요해서 어디 뭐 이력을 아니 응시원서를 내려는데 그걸 필요해서 제가 들어줬나
상담사: 네
고객: 원래 제 들어
고객: 지면은 생애 보험을
고객: 필요하다고 그러는데 저기죠 그게
고객: 해당 되겠죠 쟤네들을
고객: 됐으니까
상담사: 어떤 회사인지 뭐 회사에 마다 다.
상담사: 회사마다 다르겠죠. 고객님 회사에서 필요로 하는 내용이 어떤 건지를 저희가 모르니까요.
고객: 아 그래요?
고객: 음 보편적으로
고객: 모르겠네.
고객: 네네 알겠습니다.
고객: 줍니다 그럼 회사에다 묻어 놔야 되겠네요 그거는요 그죠?
상담사: 네 휴대폰 발송은 10분 15분 정도 소요되시니까 참고 한번 해주시고 휴대폰이랑 우편 발송으로 도와드렸어요.
고객: 예.
상담사: 마산도 부사관 수장님
고객: 네 등기로 해서 우편으로 쫌 등기로 해서 빠른 걸로 해서 쫌 보내줘 보세요.
상담사: 예
고객: 증권이
상담사: 네 등기 발송도 도와드렸고요. 당장 또 무조건 보낼 원서 받으실 수 있도록 신경 전달해 드리겠습니다. 감사합니다.
고객: 예.
고객: 네.
고객: 네.
고객: 네 감사합니다 네 네.
고객: 예.","고객은 20년 전에 가입한 건강보험의 납입기간이 종료되어, 해당 보험에 포함된 재해보험이 있는지 확인 요청함.  
계약자 이름은 정화자이며, 생년월일은 6****, 휴대폰 번호는 010-5676-****.  
재해로 인한 입원비 및 수술비 보장이 있으며, 일반 통원 치료는 해당되지 않음.  
보험 증권을 분실하여 재발급 신청 요청함.  
자택 주소는 대전 유성구 문지로 299이며, 등기 발송 및 휴대폰 파일 전송으로 재발급 요청함.  
등기 발송 소요 시간은 3일에서 5영업일, 휴대폰 발송은 10~15분 소요됨.  
고객은 회사에 제출할 필요가 있어 빠른 수령을 요청함.","재해 입원비, 재해 수술비 청구 가능하며, 재해나 상해는 동일함 안내
증권을 등기 우편과 핸드폰 발송요청하심/ 
등기우편은  3~5일소요, 핸드폰은 15분 소요됨안내 ","재해입원비 청구가능
재해수술비 청구가능
재해와상해 동일
증권 등기우편 발송요청
증권 핸드폰 발송요청
등기우편 3~5일 소요
핸드폰 15분 소요",가능,0.9,"재해 입원비/수술비 청구 가능, 재해=상해 동일, 증권 등기+핸드폰 발송, 소요시간 모두 STT에서 확인됨.",가능,,hjlee,2026-03-05T18:17:21.223654,,,,,가능,,,,,과답,,STT_내용_추가(정상),"STT_내용_추가(정상): 고객 이름, 생년월일, 연락처, 주소 등 STT 추가 정보 반영",Y,,과답,,"{'label': 'STT_내용_추가(정상)', 'action': 'keep'}",E147381,2026-03-10T11:09:35.690492,,,,,,,,
69,"상담사: 더욱 건강하게
상담사: 더 오랫동안
상담사: 더 나은 삶을 위해 함께하는
상담사: AI의 생명입니다.
상담사: 원하시는 업무를 화면을 보고 선택해 주세요.
상담사: 화면을 보고 원하시는 메뉴를 선택해 주세요.
상담사: 상담사를 연결하여 드리겠습니다.
상담사: 반갑습니다. 입니다.
고객: 여보세요?
상담사: 네 안녕하십니까?
고객: 아이 그 보험 예전에 계약 한 게 있었는데
상담사: 네.
고객: 이걸 제가 그
고객: 휴면으로 그걸 전환을 했더라고요.
상담사: 네 정보로 한번 여쭙고 안내 도와드릴 텐데요. 전화 주신 분 계약자분 윤미경 고객님 분은 분 맞으세요?
고객: 네 등록되신 분 생년월일이랑 고등학교 명 확인 부탁드립니다.
고객: 네 네
상담사: 네 생년월일 말씀 부탁드리겠습니다.
고객: 810816
상담사: 네 휴대폰 번호 0108206 다음 네 자리 어떻게 되세요?
고객: 2 8 5 0
상담사: 네 확인 감사합니다.
상담사: 네 피검사님 김진용님 지금 실효된 계약 건 말씀하시는 거 맞으시죠?
고객: 네 네.
상담사: 네 네.
고객: 이거 그 계약이 없어진 거 맞죠?
상담사: 어 2022년도 6월까지 네 납부가 되시고 실효가 되셨어요. 고객님.
고객: 휴면 휴면으로 돼있던데
고객: 예 그러면 이 계약이 없어진 거 맞죠 예를 들어 이제 AI로 보니까 이제
고객: 수면으로 떠가지고 계약이 아예 없어지는 어
상담사: 내년 중에 이제 부활이 가능한 기간은 지나셔서 계약이 없는 계약이라고 보셔야 돼요.
고객: 아 예 알겠습니다.
상담사: 네 감사합니다.
고객: 예.","고객 윤미경은 계약자로, 피보험자 김진용의 보험 계약이 2022년 6월까지 납부되었으며, 이후 휴면 상태로 전환되어 내년 중 부활 가능 기간이 지나 계약이 없어진 상태임을 확인함.","피보험자 김*용님 계약건 최종납월과 실효 상태 안내
부활가능기간 지나서 휴면 상태임안내","피보험자(김*용)
계약건
최종납월
실효상태
부활가능기간
지남
휴면상태",판단불가,0.75,"'피보험자'가 '피검사님'으로 STT 인식 오류. 최종납월(2022년 6월), 실효상태, 부활기간 경과 등 핵심 내용은 확인됨.",가능,이름 *처리에 대해 확인 필요,hjlee,2026-03-05T18:21:05.843349,,,,,가능,,,,,정답,,STT_내용_추가(정상),STT_내용_추가(정상): 계약자 및 피보험자 이름 STT에서 추가,Y,,과답,,"{'label': 'STT_내용_추가(정상)', 'action': 'keep'}",E147381,2026-03-10T11:11:04.954271,,,,,,,,
70,"상담사: 반갑습니다. 입니다.
고객: 여보세요
상담사: 네 안녕하십니까?
고객: 저번에
고객: 저 금요일날 저 돈을 내라고 했는데 비었더니만은
고객: 바로 돈이 빠져나가 버리는 거라 다른 데로예
고객: 그래 갖고
고객: 다시 입금을 해야 될 거 같애예.
상담사: 정보로 한번 여쭙고 안내 도와드리겠습니다. 계약자분 서혜정 고객님 본인분 맞으세요?
고객: 네 네.
상담사: 네 생년월일 말씀 부탁드리겠습니다.
고객: 네 *****0269116
상담사: 네 휴대폰 번호 0102370에 다음 네 자리 어떻게 되세요?
고객: 네.
고객: 근데 이유 어떻게
상담사: 확인 감사합니다.
상담사: 프라임 유니버셜보험 계약 건 부활하신다라는 말씀이신 거죠?
고객: 예예.
상담사: 네 현재 지금 6월까지 납부되어있는데 7월달 대금 8월달 대금 2달분 납부하시는 거 맞으세요?
고객: 네 네.
상담사: 네에
고객: 오늘은
고객: 1달만 좀 할게요.
상담사: 1달분만으로 지정하실 거예요?
고객: 다음 달에 좀 더 해줘.
고객: 예?
상담사: 1달분으로 하신다라는 거예요? 부하를?
고객: 네 네.
상담사: 이번 달에 다시 또
상담사: 8월달 대금 납부하셔야지 실효가 안 되세요. 다음 달에 납부하게 되면 다시 실효되시는 거니까요.
고객: 예 예.
고객: 아 지금은 일을 이제부터 일을 며칠 안 돼 그래 있을 때거든 인제
고객: 돈이 나오지 않아서 그러게 됐네요.
상담사: 그럼 지금 1달분으로 해서 입금하실 거예요?
고객: 네 네.
상담사: 네 91570원 이고요. 저희 고객님의 국적과 실제 거주하시는 곳은 동일하게 대한민국 맞으시죠?
고객: 네 네 다 똑같애요.
상담사: 네.
고객: 계좌번호 좀 다시한번
상담사: 네 고객님 가상계좌랑 금액이랑 문자 발송해드렸구요.
상담사: 금액 정확하게 보내주셔야지 자동으로 입금 반영되실 거예요.
고객: 예 예.
고객: 예예 그럴게예.
상담사: 네 문자 발송해드렸으니까 확인해 주시고요 수간보다는 안내받으실 수 있도록 신경 써서 같이 전달해 드리겠습니다.
고객: 네.
고객: 예.
고객: 예 예 감사합니다.
상담사: 감사합니다.
고객: 예.","계약자 서혜정 고객님께서 프라임 유니버셜보험 계약 건을 부활시키기 위해 6월까지 납부된 상태에서 7월달 대금 9****원을 1달분으로 입금하시기로 하셨으며, 계좌번호와 국적, 거주지는 모두 대한민국으로 일치함.","실효된 계약 1달 보험료로 부활시 당월에 1달 보험료 또 입금하셔야 실효 안됨 안내
국적과 실제거주국 한국 확인
가상계좌와 보험료 문자발송해드림
정확한 금액 입금하셔야 자동입금반영됨안내","실효된 계약 부활
1달 보험료
당월 입금
실효 안됨
국적 한국
실제거주국 한국
가상계좌
보험료 문자발송
정확한 금액 입금
자동입금 반영",가능,0.95,"1달 부활 및 당월 추가납부 안내, 국적확인, 가상계좌 문자발송, 정확금액 입금 자동반영 등 모든 내용이 STT에서 확인됨.",가능,,hjlee,2026-03-05T18:24:01.393866,,,,,가능,,,,,오답,,"정보_누락, STT_내용_추가(정상)","정보_누락: 당월 추가 1달분 입금 필요 안내, 가상계좌 문자 발송, 정확한 금액 입금 자동반영 안내 누락; STT_내용_추가(정상): 계약자 이름, 상품명 STT에서 추가",Y,,오답,,"{'label': '정보_누락', 'action': 'keep'}, {'label': 'STT_내용_추가(정상)', 'action': 'keep'}",E147381,2026-03-10T11:13:04.952768,,,,,,,,
72,"고객: 아 네 여보세요?
상담사: 네 안녕하십니까.
상담사: 애 생명의 지름자입니다 김혜정 고객님 맞으시죠?
고객: 아 네.
고객: 아 네.
고객: 네 네.
상담사: 선생님 제가 확인해 보니까 지금 이제 3월까지만 나가고 있는 계약금 있으시잖아요 오스틴포
고객: 네.
상담사: 이게 자동이체가 이게 그 자 주민번호 오류라고 그래서 지금 이게 등록이 안된 것 같아요. 저희가 보니까 이제 김혜정님 농협중앙회 통장으로 그대로 지금 이게
고객: 아. 네.
상담사: 계획이 있으세요 그래서 이 통장은
고객: 그게 제 게 아니고 내 남편 거예요.
상담사: 다른 분.
상담사: 네 위
상담사: 아 그러시죠 그러면
고객: 네.
상담사: 다시 변경을 해야 되는데 혹시 그 납입자님은 통화가 가능하십니까?
고객: 네.
고객: 네 지금 아마 전화하면 될 거 같고요.
상담사: 아 그러시면요 고객님. 제가 먼저 고객님하고 먼저 자동 이체 변경.
고객: 아 아 잠시만요 근데 제가 지금 자동이체되어있는 거 삭제한 거 있잖아요 그거
상담사: 어 네네.
상담사: 네.
상담사: 직납을 해놓은
고객: 9500원짜리
상담사: 네.
고객: 네 그것도 남편 통장에서 나가게 할려구요.
상담사: 아 그러시면
고객: 그거까지 같이 확인해 주세요.
상담사: 예 9500원 38040원 이 2건이세요.
고객: 네 네 네.
상담사: 맞죠?
고객: 네.
상담사: 지금 푸금만 7월까지만 보험료 납입될 수 있는 겁니다.
고객: 네 네 네.
상담사: 잠시만요.
고객: 네.
상담사: 뭘 필요하지 않을까요?
상담사: 아니죠.
상담사: 아이디가 어떻게 되세요?
상담사: 네 납입방법은 자동이체 통장이십니까?
고객: 네 네.
상담사: 네 그럼 납입일은 언제로 해드릴까요?
고객: 그대로 올려.
상담사: 5일
상담사: 아 오이국수고요 네.
고객: 네.
고객: 네 네.
상담사: 통장은 어디 은행이십니까?
고객: 남편 통장이요 똑같은 거 농협이요.
상담사: 아니 농협 통장이시고 농협이 중앙에서 다 있는 곳이세요?
고객: 네.
고객: 어 그 잘 모르겠는데요.
상담사: 아 잠
상담사: 예 예 예 계좌번호 불러주시겠어요?
고객: 네 네 그 남편하고
상담사: 계좌번호 그면.
고객: 네.
상담사: 예금주님하고 통화
고객: 똑같은 걸로요.
상담사: 아 그러면 예금주님하고 통화해야 될까요?
고객: 네 네 네.
상담사: 그 계좌번호를 그럼 모르시는 거예요?
고객: 아니 아는데 그 똑같은 건데
고객: 또 얘기를 할까요?
상담사: 잠시만요 네 제가.
고객: 네.
상담사: 확인해 주세
상담사: 각 동민이 잠시만 지금
고객: 네.
상담사: 여기
상담사: 8월까지 납입한 거 입건하는 인제
상담사: 확인됐 네. 잠시만요.
상담사: 고객님 정확한
상담사: 아니요 그거는 없
상담사: 네.
상담사: 예 생명 봉 달려야 돼
상담사: 용현중앙이시고 3021095436341이시네요.
고객: 네.
고객: 네 네 네.
상담사: 네.
상담사: 그리고
상담사: 네 고객님 지금 김회장님 지금 현주 현재 국적 거꾸지 하는 곳이 한국 맞으시죠?
고객: 네.
상담사: 네 그러시면 예금주님하고 통화해 보겠습니다. 예금주 성함이?
고객: 곽동민이요.
상담사: 정릿
상담사: 네 각
상담사: 동민님이시고 네 전화번호가 010, ******
고객: 02
상담사: 네.
고객: 5474
상담사: 5474에
고객: 0782요.
상담사: 0781
상담사: 네 지금 전화하면은 전화 받으실까요?
고객: 네.
고객: 아마 받을 거 같구요 그리구요.
상담사: 네 네.
고객: 이렇게 되면 제가
고객: 7월 아 8월 달 안 나간 것도 이번에 바로 나가나요?
상담사: 네 8월 보험료 9월 보험료가 같이 출금될 수 있 승인 출금될 수 있으세요.
고객: 음 네 알겠습니다 이번 달에 나가는 거죠 5일이 지났지만
상담사: 네 네.
상담사: 네. 구월벌.
상담사: 네네 5일 단위로 그냥 계속 청구가 들어갔습니다.
고객: 네.
고객: 네 알겠습니다.
상담사: 네 감사합니다 네.
고객: 네.","김혜정 고객님은 남편 곽동민의 농협중앙회 통장으로 자동이체를 진행하고 있으며, 9500원과 3****원 두 건의 보험료 납입이 남편 통장에서 이루어지도록 변경 요청하셨다. 현재 보험료는 7월까지 납입 완료 상태이며, 8월 및 9월 보험료가 함께 출금될 수 있도록 처리될 예정이다. 납입일은 5일로 유지되며, 예금주 곽동민과의 통화가 필요하다.","주민번호 오류로 자동이체 계좌 미승인되어 보험료 미납되어 전화드림, 
7월까지 납부된 다른계약도 남편계좌로 같이 변경요청 하셔서 예금주와 통화해보겠다 안내
이체일은 그대로 5일유지, 계좌번호 확인
국적과 실제거구국 한국 확인
이번달에 8-9월보험료 출금됨/ 5일단위 재청구됨안내","주민번호 오류
자동이체 미승인
보험료 미납
7월까지 납부된 계약
남편계좌로 변경요청
예금주 통화
이체일 5일유지
계좌번호 확인
실제거주국 한국
국적 한국
8-9월 보험료 출금
5일단위 재청구",판단불가,0.75,대부분 내용 확인 가능. 국적/거주국 관련 STT가 '거꾸지'로 인식되어 STT 품질 문제 있음,가능,국적 확인은 현업이 요약항목에서 제외하기로 하였음,hjlee,2026-03-05T18:33:37.006623,,,,,가능,,,,,오답,,"정보_누락, STT_내용_추가(정상)","정보_누락: 아웃바운드 전화 이유(주민번호 오류 자동이체 미승인), 국적/거주국 확인 내용 누락; STT_내용_추가(정상): 고객 이름, 남편 이름, 계좌 은행 등 STT 추가",Y,,오답,,"{'label': '정보_누락', 'action': 'keep'}, {'label': 'STT_내용_추가(정상)', 'action': 'keep'}",E147381,2026-03-10T11:15:51.737599,,,,,,,,
73,"고객: 네.
상담사: 안녕하세요?
고객: 네.
상담사: AI AI 상담원입니다 고객님
고객: 네 네.
상담사: 방금 어
상담사: 어
상담사: 오전에 전화 주셔 가지고 문의 주신 내용이요 9월 5일날 8월분이 출금되신 거예요.
고객: 네.
고객: 8월분?
상담사: 팔월분 보험료요.
고객: 그러면 저기 카드로 낸 건 7월이고
상담사: 예.
고객: 저기
고객: 통장으로 나간 건 8월분이라고요?
상담사: 예 그래서
상담사: 그 정상적으로 다 출금되신 거예요 7 8월분 보험료가.
고객: 아 네네네 알았습니다.
상담사: 네 감사합니다.
고객: 네.","8월분 보험료가 9월 5일에 카드로 정상적으로 출금되었으며, 고객은 7월분을 카드로 납부한 것으로 확인함.","오전에 문의건 확인후 아웃
9.5일에 출금된건 8월분 보험료 출금된 것이며, 카드로 낸것은 7월분으로 정상적으로 다 출금됨 안내","오전문의
확인
9.5일출금
8월분보험료
카드납부
7월분보험료
정상출금
안내",가능,0.95,"오전 문의 확인, 9.5일 8월분 출금, 카드 7월분, 정상 출금 안내 모두 STT에 명확히 확인됨",가능,,hjlee,2026-03-05T18:34:06.459280,,,,,가능,,,,,오답,,"정보_누락, 해석_오류",정보_누락: 오전 문의 후 아웃바운드 전화라는 맥락 누락; 해석_오류: 카드(7월분)와 통장(8월분) 각각 정상 출금됐다는 내용을 혼재하여 설명,Y,,오답,,"{'label': '정보_누락', 'action': 'keep'}, {'label': '해석_오류', 'action': 'keep'}",E147381,2026-03-10T11:16:18.022514,,,,,,,,
74,"고객: 여보세요.
상담사: 네 인증 번호 몇 번이십니까?
고객: 어 문자가 아
고객: 안 왔는데요 지금
고객: 봤는데.
상담사: 어 들어갔는데 고객님 그러면 신분증으로 인증할게요 주민등록증 앞면에 발급일자 어떻게 되십니까?
고객: 예.
고객: 아이고 재수생인데.
고객: 잠 잠깐만요.
상담사: 네.
고객: 여보세요.
상담사: 네.
고객: 어 2000년 4월 14일인데요.
상담사: 2000년 4월 14일 확인하겠습니다.
상담사: 지금 행안부가 인정하는데 지금 시간이 조금 지체가 되고 있고 어 예 맞아요 본인 인증 완료되었고 미지급된 연금 먼저 접수하겠습니다 고객님의 국적과 거주지가 동일하게 1동 맞으시죠?
고객: 네.
고객: 예.
고객: 네.
고객: 예 예.
상담사: 다른 나라에 세금 납부하는 건 없으시고요?
고객: 네 없는데요.
상담사: 네 증권번호 590000416번에서 미지급된 연금 440.73달러 접수 진행해 드렸고 말씀하신 신한은행 계좌로 저희가 신청을 해드렸어요 오늘 네 당일 중으로 입금 처리가 될 거고 그리고 매달 이제 자동으로 입금 처리될 수 있도록 신청을 해드렸습니다.
고객: 네.
고객: 네.
상담사: 그럼 다시 1번 내년에 제가 문자 받으시면 네
고객: 네 네.
상담사: 내년 8월 31일 이후로 항상 1번 더 신청 부탁드리겠습니다.
고객: 예.
고객: 예예.
고객: 아이고 예 아유 이 참 불쌍하네요.
상담사: 네.
상담사: 아유 불편하시죠 이까 보증 기간이 끝났기 때문에 종신형이라 매년 재신청이 필요한 점 양해 부탁드리겠습니다.
고객: 네.
고객: 예.
고객: 예.
고객: 예.
고객: 예.
상담사: 고객님 건강 조심하세요.
고객: 예 예 수고하세요.
상담사: 네 고맙습니다.
고객: 예 예.","고객은 2000년 4월 14일 발급의 주민등록증을 이용해 본인 인증을 완료하였으며, 국적과 거주지가 동일하고 다른 나라에 세금 납부 이력이 없음. 증권번호 59000****번의 미지급된 연금 440.73달러를 신한은행 계좌로 당일 중 입금 처리 및 매달 자동 입금 신청 완료. 내년 8월 31일 이후 매년 1회 재신청 필요.","sms 인증번호 안왔다고 하여 신분증 인증으로 대체함
국적과 실제거주국 한국 확인, 타국납세여부 아니요 확인
증번 59000***에서 440.73달러 신한계좌로 신청함
당일중으로 입금예정이며 다음달부터는 매달 자동으로 입금되게 신청해드림 안내. 
내년에 문자 받으시면 8.31일이후 한번더 신청해달라고하니 불편하다고하심
보증기간이 끝나서 종신형이라 매년 재신청이 필요한점 양해 부탁드림","sms인증번호
미도착
신분증인증
대체
국적한국
거주국한국
확인
타국납세여부
없음
증번59000***
440.73달러
신한계좌신청
당일입금
예정
다음달부터
자동입금신청
내년에 문자받고
8.31일이후
재신청요청
불편
보증기간종료
종신형
매년재신청
필요",판단불가,0.75,국적/거주지 관련 STT에서 '1동'으로 인식되어 '한국'인지 정확한 확인 어려움. 나머지 내용은 모두 확인 가능,가능,국적확인 요약에서 제외,hjlee,2026-03-05T18:34:56.499034,,,,,가능,,,,,오답,,STT_내용_추가(정상),STT_내용_추가(정상): 신분증 발급일 등 STT 추가 정보 반영,Y,,과답,,"{'label': 'STT_내용_추가(정상)', 'action': 'keep'}",E147381,2026-03-10T11:17:29.454239,,,,,,,,
77,"고객: 네.
상담사: 네 고객님 AI 예의 공단 상담사 철수 정입니다.
고객: 네 네.
고객: 네.
상담사: 아 네 그 해당 햇빛콜 부서 확인을 했더니 저희가 오늘까지는 햇빛콜 진행이 가능하다고 말씀해 주셨고요.
고객: 네.
고객: 네 카카오톡으로요.
상담사: 네 네 아 그렇습니다. 아까 카카오톡 가능한데 여쭸더니 모바일셋팅도 가능하다고 오늘까지 가능하고
고객: 네 네.
고객: 네네.
상담사: 다만 당일까지 완료되지 않았을 경우 이 영업일 날 반송 처리가 된다고 답변이 왔습니다.
고객: 네.
고객: 알겠습니다.
상담사: 네 감사합니다.
고객: 그걸 다시 재발송 여부는 안 물어보셨죠?
상담사: 네.
상담사: 어 네 그렇습니다 이게
상담사: 재발송 1번 요청해놓을까요?
고객: 네 1번만 해달라고 요청 1번만 해주시겠어요 혹시 모릅니까?
상담사: 아우 네 알겠습니다 그럼 아까 확인해 주셨던 그 번호로 요청해 달라고 하면 될까요?
고객: 네.
고객: 네 네.
고객: 어 그 번호를 알려드린데데요. 증권번호에 있는 고객번호요.
상담사: 아 그러네요. 그럼 번호 핸드폰 번호 확인 가능하세요?
고객: 잠시만요.
상담사: 네.
고객: 010
상담사: 010
고객: 3654
상담사: 3 6 5 4
고객: 8 2 9 9 요.
상담사: 8 2 9 2 이에요?
고객: 아이들 구구.
상담사: 아 죄송합니다. 8299
고객: 네네 맞아요.
상담사: 아 네 알겠습니다 해당 부서로 요청하겠습니다.
고객: 네.
상담사: 감사합니다.
고객: 감사합니다.","햇빛콜 부서 확인 결과, 카카오톡을 통한 모바일 설정은 오늘까지 가능하며, 당일 완료되지 않을 경우 영업일 날 반송 처리된다. 고객은 재발송 1번 요청을 요청하였고, 증권번호에 있는 고객번호로 요청할 예정이며, 핸드폰 번호는 010-3654-****이다.","해당 부서 확인 결과, 모바일해피콜 오늘까지 가능하고 다만 당일까지 완료되지 않았을 경우 익영업일날 반송 처리가 된다고 답변받고 전화드림
재발송 요청하셔서 해당부서 요청해드림안내","모바일해피콜
오늘까지가능
당일미완료
익영업일반송
재발송요청
해당부서요청",가능,0.9,"모바일해피콜 가능 기간, 미완료시 반송 처리, 재발송 요청 내용이 모두 STT에서 확인됨. '햇빛콜'/'이 영업일' 등 STT 인식 오류 있으나 문맥상 의미 파악 가능.",가능,,hjlee,2026-03-05T14:10:08.729225,,,,,가능,,,,,정답,,STT_내용_추가(정상),STT_내용_추가(정상): generated가 STT에 있는 고객 핸드폰 번호(010-3654-****)와 재발송 세부 내용을 reference에 없는 정보로 추가함,Y,,과답,,"{'label': 'STT_내용_추가(정상)', 'action': 'keep'}",E147381,2026-03-10T11:19:13.561124,,,,,,,,
78,"상담사: 반갑습니다 정낙엽입니다.
고객: 예 보험금 청구를 제가 직접 했었는데요.
상담사: 네 고객님.
고객: 예.
고객: 그 수술을 뭐 뼈 이식 이빨 뼈 이식 수술 3번을 했는데 1번 한 걸로 수술 확인서에 돼 있어 갖고
고객: 제가 그 병원 막
상담사: 아
고객: 병원으로 인제 전화를 했더니
상담사: 네.
상담사: 예.
고객: 자기네들이 그 3번 한 걸로 고쳐 갖고 이렇게 다 진단 이렇게 해갖고
상담사: 네.
고객: 그쪽으로 팩스로 보낸다고 유식 얘기하는 그렇게 보내도 되는 겁니까?
상담사: 고객님 현재 진행 상황에 대해서 먼저 조금 확인할게요.
고객: 예 예.
상담사: 전화 주신 분 현재 계약자님 최종갑 고객님 본인 맞으십니까?
고객: 예 예 예.
상담사: 생년월일 앞자리 여섯 자리 어떻게 되십니까?
고객: 예 580국력 공력이요.
상담사: 전화번호 010 8952에 몇 번이세요?
고객: 9468이요.
상담사: 확인 감사드립니다 기존의 첨가내역에 대해서 조금 확인하겠습니다.
고객: 예 예.
상담사: 고객님 오늘 추가 접
상담사: 오늘 접수가 되어 있으신데 수술 확인서 1번 볼게요.
고객: 예 예.
고객: 예 예.
상담사: 고객님 2025년 1월 16일 날 상학동 거상술 및 치조골 이식 수술 이거 하나만 적혀 있어서 다시 추가적으로 보낸다라는 말씀이신 거예요?
고객: 예.
고객: 예 그래서 인제 그쪽으로 전화를 했더니 그걸
상담사: 네.
고객: 뭐야 저
고객: 그 수술 확인서에다가 그걸 다 적어야 된다.
고객: 이렇게 이야기를 했더니 자기네들은
상담사: 음
고객: 그 백데이터 있지 않습니까 자기네들이 그렇게 했던 거
상담사: 네.
고객: 어 그 그걸로 이제 대치되는 줄 알았더니 그렇게 하면 긋다 다 적어서 이렇게 다시 보내겠다고 자기네들이
고객: 뭐 이 실수를 했으니까
상담사: 네.
고객: 팩스로 자기네들 그쪽으로 보내겠다 이렇게 얘기를 하거든요 그럼 상관없습니까?
상담사: 음 그러면
상담사: 네 지금 아직 그 심사 전이고 가접수 되어있는 상태이기 때문에
고객: 예 예.
상담사: 그럼 보내셔도 되구요 보내실 때 위에 그까 추가 서류라고 기재하셔서
고객: 예 예.
고객: 예.
상담사: 발송해주시고 고객님의 주민번호 13자리가 다 확인이 되어야 고객님 서류로 보완이 될 거예요 만약
고객: 예예예.
고객: 예.
고객: 예.
상담사: 지금 수술 확인서에는 주민번호가 다 나와있지만
고객: 예.
상담사: 혹시라도 병원에서 보내시는 서류에 고객님의 주민번호가 뒷자리가 다 확인이 안 된다면 위에 상단에다가 주민번호 13자리 기재하셔서 그럼 오늘 발송해주시면
고객: 예.
고객: 예.
고객: 예.
상담사: 기존에 오늘
고객: 예 팩스 번호는 몇 번이에요?
상담사: 네 안내 알겠습니다 오늘 접수한 것과 과제 심사가 될 거고요 메모 가능하세요.
고객: 예 예 그럼 어떻게 다시
상담사: 지역번호 02
고객: 아이 잠깐만요.
고객: 음
고객: 고2
상담사: 2021
고객: 2021
상담사: 4540번입니다.
고객: 4 5
상담사: 40번
고객: 4 5 4 4 5 40이요.
상담사: 네.
고객: 예 그런 식으로 뭐 추가 서류라고 이렇게
고객: 어떻게
고객: 적어서 보내라고요?
상담사: 위에 상단에다가 내 추가 서류라고 그냥 기재하시고요.
고객: 예.
고객: 예 예 예.
고객: 예 예.
상담사: 고객님의 주민번호 13자리가 다 확인되지 않으면 주민번호 적어서 당일 중으로 발송 부탁드리겠습니다.
고객: 예.
고객: 예 주민등록번호 다
상담사: 네.
고객: 예 열 시 지금 현재 제 것 나와 있습니까?
상담사: 지금 수술 확인서 1장에는 나와 있기는 해요.
고객: 예 아 그러면 그건 상관없겠네요 그죠?
고객: 나와 있으니까?
상담사: 네.
상담사: 네.
고객: 예 예 알겠습니다 예 예.
상담사: 네 감사합니다.
고객: 예.","고객 정낙엽(계약자)은 2025년 1월 16일 상학동 거상술 및 치조골 이식 수술 1회를 실시했으며, 병원에서 발행한 수술 확인서에는 해당 수술 1회만 기재되어 있음. 고객은 실제 수술이 3회 실시되었으나, 수술 확인서에 1회만 기재되어 있어 병원에 전화하여 3회 수술 내용을 모두 반영한 서류를 재발행해달라고 요청함. 병원 측은 기존 백데이터를 활용해 추가 서류를 작성하여 팩스로 발송할 예정임. 현재 보험금 청구는 접수 상태이며, 심사 전이므로 추가 서류 발송 가능. 발송 시 상단에 '추가 서류'라고 기재하고, 고객의 주민번호 13자리가 모두 확인되지 않을 경우 주민번호를 별도 기재하여 발송해야 함. 팩스 발송 번호는 02-2021-****.","보험금청구했는데 뼈이식수술 3번했는데 1번한걸로 수술확인서에 있어서 병원에서 3번한걸로 고쳐서 다시 보내준다고하는데 되는지문의
오늘 서류 접수된거 확인되며 수술확인서 보니 2025.01. 16일 상학동 거상술 및 치조골 이식수술 하나만 적혀있음/  
심사 전이고 가접수 상태이기 때문에 추가서류 보내셔도 되며, 보내실 때 서류 위에 고객님의 주민번호 13자리와 추가 서류라고 기재하셔서 발송해 주셔야 보완 가능함안내 
02-2021-**** 팩스번호 안내","보험금청구
뼈이식수술 3번
수술확인서 1번
수술확인서 3번 수정
서류 접수 확인
2025.01.16
상학동 거상술
치조골 이식수술
심사 전
가접수 상태
추가서류 제출
주민번호 13자리
추가서류 기재
보완가능
팩스번호 안내
02-2021-****",가능,0.95,"보험금 청구 관련 수술확인서 오류, 서류 접수 확인, 가접수 상태에서 추가서류 발송 가능, 팩스번호 안내 등 모든 내용이 STT에서 확인됨.",가능,,hjlee,2026-03-05T14:10:27.006644,,,,,가능,,,,,정답,,STT_내용_추가(정상),STT_내용_추가(정상): generated가 STT에 있는 고객명(정낙엽)을 reference에 없는 정보로 추가함,Y,,과답,,"{'label': 'STT_내용_추가(정상)', 'action': 'keep'}",E147381,2026-03-10T11:32:44.271369,,,,,,,,
80,"상담사: 반갑습니다. 입니다.
고객: 아니 어찌 되신다고요?
상담사: 아 고객님.
고객: 여보세요?
상담사: 아 예 생명뿐입니다 안녕하세요?
고객: 네.
상담사: 통화 중에 남겨주셔서 연락을 드렸는데요 고객님.
고객: 예.
상담사: 고객님
고객: 아 예.
상담사: 예 고객님께서 통화 요청을 남겨 놓으셔서 연락을 드렸어요.
고객: 여보세요.
고객: 아 예예 제가 그 카드
상담사: 아 아 아 죄송합니다 지금 전화 연결이 되셨네요 죄송합니다 지금
상담사: 전화 주신 분 계약자이신 반갑습니다 재용종님 본인 맞으실까요 고객님 아 네 핸드폰 번호 010 281에 몇 번이세요?
고객: 예 맞습니다.
고객: 4472
상담사: 생년월일이 어떻게 되세요?
고객: 혹시 그 카드 승인 문자는 못 받았거든요.
고객: 3월 5일이
고객: 60명
고객: 8월 7일
상담사: 확인 감사합니다. AI 생명보험에는요. 현재 유지 계약은 없으신데요.
상담사: 아 오늘 또
고객: 예?
상담사: 고객님께서
상담사: AI 생명보험에 지금 조건을 가지고 계신데요 납부를 하고 계셔요 네.
고객: 2건 있잖아요.
고객: 예.
상담사: 카드가 그럼 교체가 되셔
고객: 그런데 카드 변경해주면은
상담사: 아
고객: 카드 변경을 좀 할라 그러거든요.
상담사: 카드가 지금 결제되신 거세요 고객님? 잠시만 기다리시겠습니까?
고객: 예 예.
고객: 예.
상담사: 네 고객님 기다려 주셔서 감사합니다 그럼 현재 고객님께서 납입자 되시기 때문에요.
상담사: 그 계약자님의 정보 2가지 확인 좀 해볼 텐데요. 잠시만 기다려 주시겠습니까?
고객: 네.
상담사: 예 우선 계약자 성함은 어떻게 되세요?
고객: 이정수
상담사: 어 계약자님 이정수님이시라는 겁니까?
상담사: 아니신데요.
고객: 어 경상도
상담사: 정청후님이세요 두 분 관계는 어떻게 되세요?
고객: 어 그 부분입니다.
상담사: 배우자가 안 계시니까요 고객님.
고객: 예.
상담사: 그 경청님의 생년월일 확인되실까요?
고객: 아 내가 몸이 안 좋아서 지금 말이 제대로 안 나와
고객: 60년 8월 12일
상담사: 예 계약자님 핸드폰 번호 몇 번이세요?
고객: 0 010 2815 8472
상담사: 아니 아니 아니요. 그 핸드폰 번호 아세요?
고객: 아 010
상담사: 네.
고객: 9894 843이
상담사: 아 네 확인 감사합니다 현재 고객님 납입자이시기 때문에 계약자님의 정보 2가지 확인되셔서 바로 업무 도와드릴게요 그럼 변경하실 카드 고객님 카드 배우자이신 채용증 면의 카드이시잖아요 그럼 녹취 진행해드릴게요.
고객: 네.
고객: 예.
고객: 예.
고객: 예 외롭다.
상담사: 계약자이신 정상욱님의 무배당 실속 하나로 건강보험 무배당 원스톱 한법 이렇게 2건입니다 카드변경 관련 항목 업무 및 관련 카드의 예금주 신분 확인을 위해서 회사가 괴어의 성명 관련 카드번호 및 카드명
고객: 예
고객: 네.
상담사: 계약자와의 관계를 수집 이용하는 것에 동의하고 위 정보를 카드사에 제공하며 동의하십니까?
고객: 예.
상담사: 동의하신 사항과 같은 목적으로 귀하여 주민 등록 번호 처리하는데 동의하십니까?
고객: 예.
상담사: 예. 관계는 배우자 관계 최용종 님이시고요.
상담사: 카드는 하셨어요?
고객: 예.
상담사: 카드 번호하고 유효기간 한번 말씀해 주시겠어요.
고객: 예.
고객: 5137
상담사: 5137
고객: 5137
상담사: 네.
고객: 구둘 땡땡
상담사: 9200번.
고객: 4 예 9200번
고객: 9184
상담사: 9184
고객: 예 4179
상담사: 4179요?
고객: 그리고 예.
상담사: 4079
고객: 공부 슬래시 땀기
고객: 네.
상담사: 네.
고객: 09 슬래시 30
상담사: 09332세요? 국적과 실제 거주하는 거 동일하게 한국이실까요?
고객: 예.
고객: 음 예
상담사: 카드 등록을 위해서 고객님 주민번호 13자리 말씀 부탁드리겠습니다.
고객: 6 0 0 8 0 7 1 0 9 0 5 1 2
상담사: 네.
상담사: 국적과 실제 거주하는 거 한국 맞으시죠 고객님?
고객: 예.
상담사: 네 카드 정보 1번만 더 확인하고 종료해 드릴게요.
상담사: 롯데카드이시구요 배우자이신 채용 신용카드입니다.
고객: 네.
상담사: 5137 9200번 9184 479구요 유효기간 30년 9월까지 맞으세요?
고객: 예.
상담사: 예 알겠습니다 고객님 카드는 일괄적으로 20, ***********
상담사: 오늘 신청해 주신 롯데카드에서요 지금 9월 보험료부터
고객: 예.
상담사: 이번 달 부터요.
상담사: 매달 20일인데 이번 달 20일은 휴일이라서 22일날 승인될 예정이니까 참고 부탁드리겠습니다 고객님.
고객: 네.
고객: 예 죄송하지만 상담사 성함이 어떻게 되신가요?
상담사: 네.
상담사: 예 고객센터 상담원 예.
상담사: 소영입니다.
고객: 네 서울 0시요.
상담사: 네 고객님 업무 도와드렸구요
고객: 예 고맙습니다.
상담사: 그리고 오늘 변경해주실 롯데카드는 나비카드가 카드 분실 유효기간 만료 중으로 결제 불가시 재발급된 롯데카드 또는 나비자의 다른 롯데카드로 자동 승인이 됩니다. 다만 각 카드사의 정책에 따라 일부 카드는 자동 승인이 제한될 수 있으니까 참고하시구요.
상담사: 암보험이 15520원 무배당 실속 하나로 건강 보험이 10550원이세요
상담사: 모두 정사공님 계약이거든요 계약자 비보험자 뭐 고객님 납입자이시니까 참고해주십시오.
고객: 예.
고객: 네.
상담사: 업무 좀 하
고객: 예 수고하세요.
상담사: 예 건강 관리 잘 하시고요 감사합니다 네
고객: 네.
상담사: 감사합니다.","고객은 계약자인 정상욱의 배우자로, 납입자로서 2건의 보험 계약(무배당 실속 하나로 건강보험, 무배당 원스톱 한법)에 대해 카드 정보 변경을 요청함.  
카드는 롯데카드로, 배우자인 채용증의 신용카드이며, 카드번호 5137 9200 **** 479, 유효기간 2030년 9월까지임.  
카드 변경 신청은 2024년 9월 보험료부터 적용되며, 22일에 승인 예정.  
카드 정보는 계약자와의 관계 확인 및 카드사 제공을 위해 동의함.  
상담사 성함은 소영이며, 업무 종료.","납입자가 계약 2건에 대해 보험료 자동납부 카드변경을 요청하여, 변경할 카드정보 및 국적, 실제거주국이 한국임을 확인 후 변경처리 진행함.
카드 승인일 20일, 카드분실 및 유효기간 만료 시 재발급된 롯데카드 또는 납입자의 다른 롯데카드로 자동승인되며 카드사 정책에 따라 일부카드는 제한될 수 있음을 안내함.","납입자
계약 2건
보험료 자동납부
카드변경 요청
카드정보 변경
국적 한국
실제거주국 한국
변경처리 진행
카드 승인일 20일
카드분실
유효기간 만료
재발급 롯데카드
자동승인
다른 롯데카드
카드사 정책 제한 안내",가능,0.9,"카드변경 요청, 납입자 확인, 카드정보/국적 확인, 승인일 20일, 분실/만료시 자동승인, 카드사 정책 제한 안내 등 모든 내용이 STT에서 확인됨. '나비자'→납입자 STT 인식 오류 있으나 문맥상 명확.",가능,,hjlee,2026-03-05T14:14:09.051638,,,,,가능,,,,,오답,,"STT_내용_추가(정상), 사실_오류","STT_내용_추가(정상): generated가 STT에 있는 고객명, 카드번호, 유효기간 등을 reference에 없는 정보로 추가함; 사실_오류: ref: 카드 승인일 20일 → generated: 22일로 잘못 기재",Y,,오답,,"{'label': 'STT_내용_추가(정상)', 'action': 'keep'}, {'label': '사실_오류', 'action': 'remove', 'reason': ''}, {'label': '정보_누락', 'action': 'add', 'error_detail': 'STT상에서 원래 승인일은 20일이지만 휴일이라 22일날 승인된다는 부분을 22일 승인예정이라고만 적음', 'chunks': [2]}",E147381,2026-03-10T13:20:04.496798,,,,,,,,
85,"상담사: 네 반갑습니다. 유순입니다.
고객: 네 제가 AI직 보험을 많이 들었거든요.
상담사: 예.
고객: 근데 간병인을 들은 게 있어요.
상담사: 작년에요 고객님?
고객: 네 네 아니요 올해 5월에
상담사: 아 아 예.
고객: 네 근데 그게
고객: 저기 뭐야
고객: 관절 이런 거에 500명 오는 게 있는데
상담사: 네.
고객: 변병이를 빼고 어 그거 관절 나오는 거 이런 거만 놔둘 순 없는 거죠?
상담사: 아 정보 확인 한번 하고 안내드려볼게요 전화 주신 분은 계열사님.
고객: 예.
상담사: 어 부모님 맞으시구요.
고객: 네.
상담사: 사용하시는 번호가 010, ********************
고객: 네 네.
고객: 8837
상담사: 네 생년월일 앞자리 몇 자리 좀 말씀 부탁드려요.
고객: 610219
상담사: 감사합니다 유지 중인 계약 건 총 정상 계약 건 여러 건 있는데 그중에서 작년 5월달에 가입하신 것 중에서
고객: 네.
상담사: 이게 주계약을
고객: 간병인.
상담사: 주계약을 사망보험이 나오시는 건데 여기 이제 간병인이 있구요 그다음에
고객: 네.
고객: 네.
상담사: 골절
상담사: 네 관절염 수술 급여금이 있고
상담사: 그다음에 대인 골절 수술비가 있고
상담사: 그리고 육백아 인공 관절 치열 전체 아니라 부분 치열이
상담사: 있는데요.
상담사: 여기서 뭐 간병인 보험을
고객: 네.
상담사: 그 빼신다는 거예요?
고객: 네 네 그렇게 쌓을 수 있나요?
상담사: 2가지가 있어요 간병비 입원
고객: 네.
상담사: 급여금이랑
상담사: 간병인 사용급여금이 있는데 요게 인제 요양병원 사용하시는 거랑 그냥 그 요양병원 제외한 일반 저희 의료기관에서
고객: 네.
고객: 예.
상담사: 그
고객: 네.
상담사: 위반했을 때 감면 민원 청구되시면 계약 건이 있는데 이거를 이제 특약 삭제를 원하신다는 말씀이신 거잖아요.
고객: 네.
고객: 그냥 간병인만 빼고
상담사: 응
고객: 그 간절 나오고 간절에 500 나오잖아요.
고객: 그런 거만 놔둘 수 있는 거야
상담사: 잠시만요 관절염 출생의매금은 50만 원인데요 고객님 2년 넘어야 1년 넘어야지.
고객: 1년 넘으면 500 나오잖아요.
상담사: 50만 원 나와요.
고객: 1년 넘어서요?
상담사: 그 관절염 수술 급여금은 50만 원이 나오고요.
고객: 네 네.
상담사: 6대인 관 찬
상담사: 그 인공 관절 치환이
상담사: 이제
상담사: 500만 원
상담사: 부분 제한 2500000원 나오시는 게 있어요.
고객: 인공 관절은 뭐예요?
상담사: 인공 관절
고객: 그냥 살 수
고객: 개인 간섭을 넣는다는 거잖아요.
상담사: 네 요거는
고객: 하게 되는 거죠.
상담사: 네 고객님께서
상담사: 피보험자 님께서요 인권과정 치안수술의 대상 질환으로요 진단한 확정을 받고 이 인권과정 치안수술을
고객: 네.
고객: 네.
상담사: 대상자나 치료를 직접적인 목적으로
상담사: 6대 인관 취하 취하 수술 하셨을 때 청구가 되시는 계약 건인데요.
고객: 네.
상담사: 이거 선생님 판단 하에 요게 이
고객: 네.
상담사: 필요하므로
고객: 여보세요?
상담사: 그 학장 밖
상담사: 네
고객: 잘 안 들리는데
상담사: 아 아 소리 안들리세요? 지금은 좀 들리세요?
고객: 네 좀
상담사: 지금 안 들리세요?
고객: 아이 클릭 돼.
상담사: 안 들리세요?
고객: 네 네 됐어요 됐어요.
상담사: 지금 들리세요? 이게 이제 고객님 의사 선생님 판단하는데요 인공 과정 치아 수술 대상 질환으로요.
고객: 네.
고객: 네 네.
상담사: 이 치료를 목적으로.
고객: 네.
상담사: 6대 인공 관절 체험 수술을 전산을 하셨을 경우에는요.
고객: 네.
상담사: 500만 원이 나오시는 게 맞아요.
상담사: 그리고 부분 차감 같은 경우는 250만 원이 나오시는데 연간 1인에서 지급되시는 걸로 확인되고요.
고객: 네.
고객: 예.
고객: 네.
상담사: 근데 이게 이제 저희가.
상담사: 음
상담사: 그
상담사: 개악 1
상담사: 1년 미만이실 경우에는 50%로 나오시는 걸로 확인되거든요. 그래서 요거는 그냥
고객: 아 근데 그게 간병인의 특약이 들어간 거죠?
상담사: 음
상담사: 예 간병인은 특약으로 넘어오신 거예요.
고객: 그죠 그럼 감자회를 없애고 그거만은 들을 순 없는 거죠?
상담사: 아휴.
상담사: 아 구호기도 가능해요. 특약 삭제를 하신다고 하시면.
고객: 아 네. 감사합니다.
고객: 아 그래요 그거만 그러면 넣으면 얼마 정도 들어가요?
상담사: 네.
상담사: 확인 1번 해볼게요.
고객: 어.
상담사: 잠시만요.
고객: 네 감사합니다.
상담사: 요렇게 하시면 고객님 4만 190원씩 납부하셨던 게
고객: 네.
상담사: 5000원 68원으로 줄어들고요 보험료는.
고객: 네.
고객: 음
상담사: 예 그리고 그 반세금이
상담사: 1683원 있어요.
고객: 아 예.
고객: 아 그러면 간병인을 빼는데도 3만 얼마 들어가요?
상담사: 네.
상담사: 아니요 5만.
상담사: 아 그래요?
상담사: 4만 198원에서
고객: 네.
상담사: 5068원으로 줄인다는 거예요. 보험료가.
고객: 아 그니까
고객: 5천 얼마만 들어가면 된다는 소리죠?
상담사: 예 예. 5000.
상담사: 5068억.
고객: 그리고
고객: 그걸 바꿀 수 있나요?
상담사: 아 요거 지금 저희가 삭제 처리해 드릴 수 있어요. 요거 저거 계속 원하신다고 하시면.
고객: 예 그것을 삭제해 주시고 그걸로 좀 해주실래요 고거만?
상담사: 어 그러면 일단은 고객님 저희가 이거는 녹취를 하고 가능하신 부분이셔가지고 녹취를 좀 진행해야 되거든요 고객님 그리고 인증이
고객: 네 네.
고객: 네.
고객: 아 근데 지
상담사: 네.
고객: 그런데 제가 지금 녹취할 시간은 안 되고
상담사: 예.
고객: 이따가 한 2시쯤에 해야 되는데 지금 시간
상담사: 그러면 연락을 주셔야 돼요. 그럼 그때 다시 한번.
고객: 다시 해야 되겠네요.
상담사: 예 예.
고객: 아니 그리고 제가요.
상담사: 네.
고객: 13000 아 근데 27700
고객: 27900원짜리가
상담사: 21000
고객: 한
고객: 27000 7
상담사: 아 이만
상담사: 예 예.
고객: 2만 7900원.
상담사: 27790원짜리가 있어요.
고객: 예예예예 그 보험이 지금 4년 있으면 만기이라고 돼 있는데
상담사: 아 요거는
고객: 만기에
상담사: 아니 만기가 아닌데요. 고객님 이 상품은 10년에 1번씩 갱신대요.
고객: 아 아 근데 갱신인데 그러면 10년 있다가 갱신하면 많이 오르나요?
상담사: 예.
상담사: 이게 30년도에 갱신되는 상품이다 보니까요 고객님.
고객: 네.
상담사: 일단은 요거는 저희가
상담사: 그때 시점이 돼야지 정확하게 확인이 돼요 그래서 저희가 그 30년도에 경신되실 그 1달 전에
고객: 네.
고객: 네.
상담사: 미리 고객님께 안내장을 발송드리고 있구요.
고객: 네.
상담사: 보시고 이제
상담사: 이제 보험료가 너무 많이 올라서 유지가 좀 어렵겠다.
상담사: 하셨을 경우에는요.
상담사: 갱신 불허 신청을 하시면 이제 30년도 6월 3일 내로 계약이 끝나시는 거고
고객: 네.
상담사: 그 안내장을 받고 따로 연락이 없으시면 이제 고객님들 혜택을 보셔야 되는 부분이다 보니까 네 자동으로 갱신이 되는 상품이시긴 해요.
고객: 네.
고객: 그러니까 10년 있다 갱신인데 지금 4년 있으면 갱신인데
고객: 갱신할 때 그게 많이 올라가나 제가 그거를 좀 알아보고 싶은데
상담사: 그 그거는 정확하게 몰라요. 왜냐하면 이게 고객님 그 시점에요 그 연령대랑 의료 개체수를 합쳐서 위험률에 따라서 측정이 되시는 거기 때문에
고객: 네.
고객: 네.
고객: 그것이 문제라고
상담사: 미래이잖아요 그래서 정확한 거는 저희가 지금 바로는 확인할 수 없어요.
고객: 네 회원님 성함이랑 생년월일 여쭤볼게요.
고객: 아 그러면 14000 얼마짜리 있잖아요.
고객: 그죠 또?
상담사: 에 암보험
고객: 그러면 그게 암 보험 1000하고 뭐가 들어가 있는 건지 제가 잘 모르겠어요.
상담사: 아 보장 내용 말씀하시는 거예요 이건 이제 암 진단금이 나오는 건데요. 전체 다.
고객: 네 네 네.
고객: 진단금 1000이잖아요.
상담사: 고객님?
상담사: 일반 암은 2천만 원이고요 고객님.
고객: 네 일반은 2000이에요.
상담사: 예 일반하면 2000원 2000만 원이구요.
고객: 처음이 아니고요?
상담사: 네 2000만 원인데 그 14940원씩 납부하시는 거 말씀하시는 거 아니에요?
고객: 아 그러면 일반 거기에 암만 있는건가요?
상담사: 예 암만 있는 거
고객: 암만 2000 들어가 있는 거예요?
상담사: 일반 암만 2000이 있고요 특정암이 따로 분류가 돼 있는데 특정암은 2가지 암을 말씀드려요 대장암이랑 유방암 요게 인제 400만원 나오고 소액암 기타 피부암이나 갑상선암 대자리암
고객: 예.
고객: 네.
고객: 응
고객: 응
상담사: 경계 통신장 진단금액 및 각각 각각 200만 원 그리고 고액암 특약 넣으신 게 있는데 고액암에 이제 1000만 원 나오시는 거 있어요.
고객: 예.
고객: 아 그럼 거기에 그 암 진단명만 들어있어요 다른건 안 들어있어요?
상담사: 예 암만 있어요.
고객: 아 그러면 또 내가 13000, *****
상담사: 네.
고객: 뇌혈관 심혈관 들어가 있는 게 있는데 그게 어떤 건지 모르겠어요 12000 얼마 다르지 13000
상담사: 13000
상담사: 13710원은 안부금이고
상담사: 12000
고객: 네.
상담사: 490원이 무당 100세의 건강보험이라고
고객: 네 감사합니다.
상담사: 급성심근경색증이랑 뇌출혈 그리고 심뇌혈관 간질 수량 비가뇨술이 나오신 상품입니다.
고객: 아 12000원짜리가
상담사: 네 12490원씩 납부하시는 게요.
고객: 여기로 연결해 주세요.
고객: 예.
고객: 그럼 13000원 하고 14000원은 다 암 진단비네요 2개는?
상담사: 예 암 보험이에요 예.
고객: 아 예 알겠어요.
상담사: 그러면 그 시 편안한 시간에
고객: 거기 12000원짜리는 암 진단비 없죠?
상담사: 12000원짜리는 고객님 아까 말씀드렸던 급성 심계사 뇌출혈 진단금이 나오시는 거고
고객: 그런 거만 있죠 네.
상담사: 거기에 이제 신예방 관할 관할 수술이랑 비관 수술이 나오시는 거여서 따로 암까지는 포함은 안 돼 있어요.
고객: 네.
고객: 그죠 표적 표정함에 3000 나오는 거는 13000 얼마에 들어있나요?
상담사: 어 잠시만요 어 조회 1번 해볼게요.
고객: 네.
상담사: 어 예 표적은 지금 13710원씩 답하신 거에서 있어요.
고객: 아 네 알겠습니다.
상담사: 편안한 시간에 1번 연락 주시구요. 연령대 필요
고객: 네.
고객: 네 거기 표적 하면은 그래도 암 진단비도 1000원 들어있죠?
상담사: 아 그렇죠. 같이 그.
고객: 응
상담사: 암 진단비가 있긴 하고요.
고객: 네.
상담사: 일반 암은 1000만원 나오시는 게 맞아요.
고객: 네 네.
고객: 알겠습니다.
상담사: 됐고요. 연령대
고객: 다 10 몇 만기죠 그게 다 갱신이죠.
상담사: 10년에 1번씩 갱신되는 상품입니다.
고객: 그러니까 다 갱신이라
상담사: 예.
상담사: 네.
고객: 꽤 많이 더워할 거 같아서 지금 생각해 볼려구요.
상담사: 네
고객: 알겠습니다.
상담사: 그럼 연락 1번 주시고요.
고객: 네 알겠습니다.
상담사: 연령대 피란
상담사: 네 감사합니다 오늘 더불어 연령대 필요한 상품으로도 신경 쓰셔서 연락드려요 희망하는 시간을 느지면 간단한 상담 부탁드려요.
고객: 네.
고객: 네.
고객: 네.
고객: 네.
상담사: 감사합니다.","고객은 2024년 5월에 가입한 간병인 특약이 포함된 보험 계약을 보유하고 있으며, 간병인 특약만 삭제하고 관절염 수술 급여금, 인공 관절 치환 수술 급여금 등 다른 특약은 유지하고자 함. 간병인 특약 삭제 시 보험료는 월 4만 190원에서 5,068원으로 감액될 예정. 간병인 특약 삭제는 녹취 후 처리 가능하며, 고객은 2시쯤 다시 연락할 예정. 기타 보험 상품 중 암보험(일반 암 2,000만 원, 특정암 400만 원, 고액암 1,000만 원), 급성심근경색증 및 뇌출혈 진단금, 표적치료비(3,000만 원) 등이 포함되어 있으며, 모든 상품은 10년마다 갱신되는 구조. 갱신 시 보험료는 연령과 건강 상태에 따라 달라지며, 정확한 금액은 갱신 전에 안내될 예정.",간병인특약 삭제 가능여부 및 삭제시 보혐료변경에 대해 확인하였음. 또한 4년뒤 갱신예정의 보험료는 확인어려움을 안내하였으며 그외 암진단급여금 보장금액에 대해 안내함.,"간병인특약 삭제가능여부
삭제시 보험료변경
4년뒤 갱신예정 보험료
보험료 확인어려움
암진단급여금 보장금액",가능,0.9,"간병인특약 삭제 및 보험료 변경 확인, 갱신보험료 확인 어려움 안내, 암진단급여금(일반암 2천만원, 고액암 1천만원) 안내 모두 STT에서 명확히 확인됨",가능,,hjlee,2026-03-05T14:22:40.125075,,,,,가능,,,,,오답,,STT_내용_추가(정상),"STT_내용_추가(정상): generated가 STT에 있는 가입일, 보험료 금액, 구체적 보장금액 등을 reference에 없는 정보로 추가함",Y,,과답,,"{'label': 'STT_내용_추가(정상)', 'action': 'keep'}",E147381,2026-03-10T13:35:13.732616,,,,,,,,
87,"상담사: 네 반갑습니다 입니다.
고객: 네 수고하십니다 저는 저기 이연옥인데요.
상담사: 네 감사합니다.
상담사: 예.
고객: 보 에 보험금 청구 좀 할려 그러는데 가장 첫 소리 좀 부탁할게요.
상담사: 아 그럼 제가 안내는 해드릴 수 있는데요. 고객님 혹시 여쭤볼게 몇 가지 있어서 혹시
고객: 예예.
상담사: 그 청구하실 금액이 500만 원 이상 건은 아니신 거죠?
고객: 네.
상담사: 그럼 혹시 저희가 이렇게 하셨을 경우에요 팩스 하시면 저희 장사 양식이요 보험금 청구서랑 개인 정보 처리 동의서가 같이 들어오셔야 되는데 고거까지 준비가 되셨을까요?
고객: 네. 회원님 기다려주셔서 감사합니다.
고객: 네 네.
상담사: 네 그러면 고객님 사용하시는 번호 알려주시면 문자로 전송 드려볼게요.
고객: 네 네 아니 그냥 불러드려도 돼요.
상담사: 아 불러드릴까요 0 02.
고객: 네 02
상담사: 2021
고객: 2021
상담사: 예. 4540 입니다.
고객: 4 5 4 0
상담사: 네.
고객: 이걸로 넣으면 되죠?
상담사: 네.
고객: 네
상담사: 감사합니다.","고객 이연옥씨가 보험금 청구를 위해 상담 중이며, 청구 금액은 500만 원 이상이 아님을 확인함. 보험금 청구서와 개인 정보 처리 동의서를 팩스로 제출할 예정이며, 고객이 사용하는 번호는 02-2021-****임을 확인함.","고객이 보험금청구 할 팩스번호 문의하였고, 청구할 금액이 500만원 이상이 아님확인 및 보험금청구서와 개인정보처리동의서 준비되었음을 확인 후 문자로 팩스번호 발송함.","보험금청구
팩스번호 문의
청구금액500만원이하
보험금청구서 준비
개인정보처리동의서 준비
문자 발송",판단불가,0.7,"대부분의 요약 내용이 STT에서 확인되나, 핵심 키워드인 '팩스번호'가 '첫 소리'로 STT 인식 오류가 있어 완전한 판단이 어려움.",가능,,hjlee,2026-03-05T14:32:56.142985,,,,,가능,,,,,정답,,"STT_내용_추가(정상), 해석_오류",STT_내용_추가(정상): generated가 STT에 있는 고객명(이연옥)을 reference에 없는 정보로 추가함; 해석_오류: 팩스번호 02-2021-****를 고객이 사용하는 번호로 잘못 기술. 실제로는 팩스번호를 문자로 발송한 것,Y,,오답,,"{'label': 'STT_내용_추가(정상)', 'action': 'keep'}, {'label': '해석_오류', 'action': 'keep'}",E147381,2026-03-10T13:36:32.979157,,,,,,,,
89,"고객: 네 여보세요?
상담사: 아 네. 고객님 AI AI 생명 좋은 스님이다 김옥연 군인 맞죠? 자녀분 맞으시죠?
고객: 네 네.
고객: 네 네.
상담사: 네 어머니께서 전화 여러 번 드려도 전화 받질 않으세요.
고객: 아 그래요?
상담사: 네.
고객: 아 어 몇 시에 전화하셨어요 아까 제
고객: 전화 끊고 밥 하신 거예요?
상담사: 통화 종료 네 끊고 제가 한 3번 정도 시간차 둬서 3번 정도 연락드렸는데 전화 안 받으세요.
고객: 아 아 아 아
고객: 네 네.
고객: 아 그러면 혹시 바로 연락할 수 있는 연락처 같은 건 없어요 다이렉트 번호 같은 거?
상담사: 직통 전화가 없고 네 1588 9888로 전화를 주셔야 되세요.
고객: 예 예.
고객: 어 근데 안내 메세지가 많아가지고 어머니가 전화를 드려서.
고객: 부탁드렸던 건데
상담사: 0번 누르시면 상담사 연결이 가능하고 자동이체 해지는 어느 부서에서도 다 처리가 가능하시니까 메세지나 네
고객: 네 네.
상담사: 하면은 0번 누르면 상담사가 이제 통화 대기하고 있는 상담사가 있으면 연결이 될 거고요 자동이체 해지는 어느 부서에서도 다 업무 처리가 가능하니까 네 전화 주셔서 하시면 될 것 같아요.
고객: 아 0번만 누르라고 할까요?
고객: 네.
고객: 아 네.
고객: 네 네.
고객: 알겠습니다. 그럼 바로
상담사: 제가 통화 종료 후에 혹시 모르니까 1번 더 연락을 드려볼게요 지금요.
고객: 아 알겠습니다.
상담사: 아 네 감사합니다 네.
고객: 네.
고객: 수고하세요 예.
상담사: 네.","고객은 김옥연(자녀)으로, 어머니(계약자/피보험자)에게 전화를 여러 차례 시도했으나 통화되지 않았으며, 상담사가 3회 정도 시간차를 두고 연락을 시도했으나 응답이 없었음. 직통 전화번호는 없으며, 1588-****로 전화 후 0번을 누르면 상담사 연결이 가능함. 자동이체 해지 업무는 해당 부서에서 모두 처리 가능함. 상담사가 통화 종료 후 추가로 연락을 시도할 예정임.","자녀가 모친에게 자동이체 해지차 전화요청건임
시간차를 두고 3번 전화드렸으나 모친 전화안받으심
모친이 전화주셔서 상담사 연결 0번 누르시고 자동이체 해지는 어느부서든 다 가능함으로 모친이 전화주시길 부탁드림
전화 종료후 한번더 모친께 전화드려보기로함","자녀
모친
자동이체해지
전화요청
시간차두고
3번전화
전화안받음
전화주심
상담사연결
0번누름
부서무관가능
다시전화",가능,0.95,"전체 상담 요약의 모든 내용이 STT에서 정확히 확인됨. 자녀-모친 자동이체 해지 전화 요청, 3번 전화 시도, 0번 상담사 연결 안내, 종료 후 재연락 계획 모두 정상.",가능,,hjlee,2026-03-05T14:35:24.741297,,,,,가능,,,,,정답,,STT_내용_추가(정상),STT_내용_추가(정상): generated가 STT에 있는 고객명(김옥연)을 reference에 없는 정보로 추가함,Y,,과답,,"{'label': 'STT_내용_추가(정상)', 'action': 'keep'}",E147381,2026-03-10T13:37:19.594911,,,,,,,,
90,"상담사: 네 고객님 A 생명 전선입니다. 선선자 고객님 맞으세요?
고객: 예
상담사: 네 처리하셨어요?
고객: 아 수리 하고 있으예
상담사: 아 네 알겠습니다. 고객님 그러면 처리가 된다는 말씀이시죠 대리점에서요.
고객: 네 감사합니다.
고객: 없습니다.
고객: 저거 쪽에 요거 연락 가라고 본치라고 그래.
상담사: 네 알겠습니다. 그럼 처리 거기서","고객은 대리점에서 수리 처리 중이며, 관련 연락은 대리점 쪽으로 전달되었다고 설명함.",대리점에서 처리되는지 확인차 아웃함/ 처리중이라고하시며 종료,"대리점 처리 여부 확인
아웃함
처리중
종료",가능,0.9,대리점 처리 확인차 아웃바운드 전화를 한 것과 고객이 처리 중이라 답한 후 종료된 것이 STT에서 확인됨.,가능,,hjlee,2026-03-05T14:35:35.705407,,,,,가능,,,,,정답,,,,N,generated가 reference를 정확히 반영,정답,,,heeaekwon,2026-03-10T21:47:49.482560,,,,,,,,
91,"고객: 여보세요?
상담사: 아 네 여기 AI 생명인데요 이름9 님이 굉장히 피보험자랑 수익자로 되어 있는 계약 건이 있으시잖아요.
고객: 네 네 네 네.
상담사: 네 박 양가 한가님하고도 저희가 이 내용을
상담사: 네 녹취가 진행이 되어야 돼요.
상담사: 박환규님 제가 통화를 진행을 할건데 연락처가 어떻게 되실까요?
고객: 네.
고객: 010
상담사: 네.
고객: 2175
상담사: 이이 최소해
고객: 7656
상담사: 비밀번호는역 번호는역 번호는역 번호는역 번호는역 번호는역 번호는역 번호는역 번호는역 번호는역 번호는역 번호는역 번호는역 번호는역 번호는역 번호는역 번호는역 번호는역 번호는역 번호는역 번호는역 번호는역 번호는역 번호는6번
고객: 근데요 어
상담사: 당 1개
상담사: 네.
고객: 저희가 전화를 내일 오전에 드리면 안 될까요? 지금 통화가 될지 안 될지 모르 몰라서 그러거든요.
상담사: 그러면 괜히 내일 다시 전화 주셔서 네.
고객: 예 예.
고객: 오전 중으로
상담사: 접수를 네 저희가 지금 오늘 그럼 접수가 안 돼요. 저 발한개 님하고 통화가 되어야만이 접수가 가능하니까 그럼 내일 전화.
고객: 일단 1번 해보세요. 안 되면
상담사: 네.
고객: 안 될 가망성이 높아서 제가 지금 말씀드린 거고 오늘 만약에 제가 저녁에 만나서 물어봐서 안 됐다 그러면 내일 오전에 제가 전화를 드릴게요 일단 한번 해보세요 받을지 안 받을지는 저도 몰라서 그러거든요 바빠서
상담사: 아 네.
상담사: 네.
상담사: 네 알겠습니다.
고객: 네 네.
상담사: 연락처가 010, ***************
고객: 네 네 예.
상담사: 네 고객님 오늘 저희가 통화 안되면 접수 안 되니까요 어찌됐든 오늘 저희가 안내 접수를 하든 안 하든 안내한 날로부터
고객: 예.
고객: 네.
고객: 예.
상담사: 결과가 혹시라도 수행이 될 경우에 22일까지 가능하니까 혹시 저랑 박 상무님과 통화 안 되면 내일 꼭 저희한테 다시 전화 주셔야 되세요.
고객: 네네 예 전화 일단 해보세요 네.
상담사: 예.
상담사: 아 네 알겠습니다 네.","고객은 박환규님과의 통화를 통해 계약 관련 녹취를 진행해야 하며, 연락처는 010-2175-****으로 확인됨. 고객은 오늘 통화가 불가능할 수 있으므로 내일 오전 중으로 다시 전화할 예정임. 오늘 통화가 이루어지지 않을 경우 접수가 불가능하므로, 내일 반드시 전화를 다시 드려야 함.","피보+수익자인 박*규님과 통화해야되서 연락처 문의차 아웃
박*규 핸폰번호 말해주시며 오늘 바빠서 통화안될 가망성이 많다며 통화안되면 내일 전화준다고하심
오늘 박*규 미통화시 오늘 접수안됨안내
22일까지 접수가능함으로 오늘 박*규님과 미통화시 내일 꼭 연락주시라 안내","피보+수익자(박*규)
연락처문의
통화불가가능성
내일전화예정
오늘미통화
접수안됨
22일까지접수가능
내일연락요청",가능,0.95,"전체 상담 요약의 모든 내용이 STT에서 명확히 확인됨. 피보험자+수익자 박환규 연락처 문의, 통화 불가 가능성, 접수 불가 안내, 22일 마감 및 내일 연락 요청 모두 정상.",가능,,hjlee,2026-03-05T14:35:45.588693,,,,,가능,,,,,오답,,"STT_내용_추가(정상), 정보_누락",STT_내용_추가(정상): generated가 STT에 있는 박환규 전체 이름과 연락처를 reference에 없는 정보로 추가함; 정보_누락: 22일까지 접수 가능하다는 마감 기한 안내가 누락됨,Y,,오답,,"{'label': 'STT_내용_추가(정상)', 'action': 'keep'}, {'label': '정보_누락', 'action': 'keep'}",E147381,2026-03-10T13:42:48.317597,,,,,,,,
97,"고객: 여보세요.
상담사: 네 고객님 AI의 생명 전선이구요. 도시 정비는 맞으시죠?
고객: 예.
상담사: 네 조금전에 통화했던 상담사인데 은행에서 방문하셔서 계약을 하셨죠 고객님?
고객: 네.
상담사: 네 그 그럴 경우에는 저희가 그 상담했던 분 은행 직원분이시잖아요?
고객: 음
상담사: 네 전화해 달라고 요청이 안돼요 전달이 안돼서 고객님 내일 그 은행 하나은행 지점 전화번호 아시면 전화 연락하셔서 상담을 다시 뭐 궁금하신 점 여쭤보시거나 내방하셔서 문의를 해주셔야 되시는데 아직도 고객님 안되세요?
고객: 응 응
고객: 음
고객: 네 감사합니다.
고객: 안 돼.
상담사: 아 그러세요.
상담사: 네 일단 고객님 기다리실까 싶어서 아 네 네 네.
고객: 아
고객: 알겠어요. 예 내가 이제 전화 걸어 볼게.
상담사: 아 네 알겠습니다. 고객님 불편드려서 죄송합니다.
고객: 네.
고객: 네.
상담사: 네 감사합니다 네.
고객: 네.","고객은 하나은행 지점에서 은행 직원을 통해 계약을 완료했으며, 이후 보험 상담을 다시 진행하기 위해 은행에 전화하거나 내방하여 문의할 예정이다.","은행에서 방문하여 계약한 건으로 전화해달라고 요청 전달이 안됨 안내차 연락드림. 익일 하나은행 지점 연락처 아시면 연락하셔서 상담하시거나 내방해서 문의해야함 
아직도 안되는지 확인하자 아직도 안된다며 내일 물어본다함","은행 방문 계약
전화 요청 전달 안됨
안내 연락
하나은행 지점 연락처
상담
내방 문의
안됨 확인
내일 문의",가능,0.95,"은행 방문 계약 건, 전화 요청 전달 불가 안내, 하나은행 지점 연락 안내, 아직 안 됨 확인, 내일 문의하겠다는 내용 모두 STT에서 명확하게 확인됨",가능,,hjlee,2026-03-05T14:46:38.101509,,,,,가능,,,,,오답,,정보_누락,"정보_누락: 전화요청 전달 안됨 안내 내용, 아직도 안된다며 내일 물어보겠다는 결론 누락",Y,,오답,,"{'label': '정보_누락', 'action': 'keep'}",E147381,2026-03-10T13:43:52.433047,,,,,,,,
107,"상담사: 반갑습니다. 김진명입니다. 무엇을 도와드릴까요?
고객: 아 다름이 아니라 저 뭐 하나 여쭤보려고 전화드렸는데요.
상담사: 네 어떤 문의실까요 고객님?
고객: 네 그 그 저희 누나가 여기 에이아이에이 보험을 들어놓은 게 있는데
상담사: 네.
고객: 그 저희 누나가 저 사망을 해가지고 일주일 전에
상담사: 아 그러셨을까요?
고객: 예 제가 요거 남동생인데 요거 안 그래도 이거 보험 휴면 보험 이렇게 조회를 해보니까 에이아이에이의 보험 가입 내역이 있어서 요거 좀
고객: 해지 좀 할려고 전화드렸거든요. 이거 어떻게 되는 건지 절차가
상담사: 그러시면 해당되시는 내용은 저희가
상담사: 누나분
상담사: 사망 진단서랑 그리고 부모님 기준의 사망
상담사: 가족 관계 증명서 그리고 누나분에 기준에 가족 관계 증명서랑
고객: 어머니 어머니
고객: 어 네 잠
상담사: 그죠?
고객: 가족관계증명서랑
상담사: 부모님 기준에 가족관계 증명서 1부
고객: 네.
상담사: 그리고 누나 사망 사망을 하셨던 누나분의 기준에 가족 관계 증명서 1부
고객: 본인
고객: 네.
상담사: 그리고 사망 진단서
고객: 예.
상담사: 네 이렇게 보내주시고 나서 저희한테 다시 1번 연락 주셔야지 저희가 안내를 해드릴 수가 있는데요.
고객: 요 가까운 지점에 갈 수도 있나요 혹시?
고객: 방문해도 되나요?
상담사: 저희 지점은 이제 영업센터이시기 때문에 내방하실 수는 없으시구요.
고객: 아 그럼 이거를 뭐 팩스나 우편으로 보내드려야 되나요?
상담사: 사진 찍으셔서 문자메시지로 보내주시면 저희가 서류 확인 후에 계약 사항 안내해 드릴 수가 있는데
상담사: 보 서류를 다 준비를 하셨다고 하시면
고객: 네.
상담사: 서류를
고객: 네.
상담사: 1600
상담사: 9393으로
고객: 1600
고객: 잠시만요 1600
상담사: 9393입니다.
고객: 구삼 구삼 여기로 사진 찍어 보내드리면 된다는 말씀이시죠?
상담사: 네. 보내주시고 지금처럼 다시 1번 연락 주시면 됩니다.
고객: 네 16009393
상담사: 네 맞습니다.
고객: 네 알겠습니다 감사합니다.
상담사: 네 감사합니다 다시 연락 주세요 고객님.
고객: 예.
상담사: 네.","고객은 누나가 에이아이에이 보험에 가입되어 있고, 누나가 사망한 지 일주일 전이며, 해당 보험을 해지하고자 전화한 상태이다. 해지 절차를 위해 사망 진단서, 부모님 기준의 가족 관계 증명서 1부, 누나의 기준에 따른 가족 관계 증명서 1부를 준비해야 하며, 서류는 사진을 찍어 1600****으로 문자 메시지로 보내야 한다. 이후 다시 1번 연락을 주면 계약 사항 안내를 받을 수 있다. 지점 방문은 불가능하며, 서류 제출은 팩스나 우편이 아닌 문자 메시지로 사진을 보내는 방식으로 진행된다.","남동생 전화와서 계약자사망으로 휴면보험금신청문의
부모님 기존의 가족관계증명서 1부, 사망자 기준의 가족관계증명서 1부, 사망진단서 발송후 연락주시면 안내가능함안내
당사지점은 영업센터여서 내방어려움으로 서류 사진 찍으셔서 1600-9393으로 문자발송후 연락주시면 서류 확인 후에 계약 사항을 안내해 드릴 수가 있음","남동생 전화
계약자 사망
휴면보험금 신청
부모님 기존가족관계증명서 1부
사망자 기준가족관계증명서 1부
사망진단서 발송
연락 요청
당사지점 영업센터
내방 어려움
서류 사진 촬영
1600-9393 문자발송
서류 확인
계약 사항 안내",가능,0.95,"REF의 모든 내용(남동생, 계약자사망, 휴면보험금, 가족관계증명서, 사망진단서, 영업센터, 1600-9393, 서류확인)이 STT에서 명확히 확인됨.",가능,,hjlee,2026-03-05T14:53:38.603255,,,,,가능,,,,,정답,,STT_내용_추가(정상),"STT_내용_추가(정상): generated에 '일주일 전 사망', '에이아이에이 보험', '팩스나 우편이 아닌' 등 정답지에 없지만 STT에 있는 정상적 내용이 추가됨",Y,,판정불가,"STT 전문을 보면 고객은 보험 해지를 문의, 상담사는 문의답변으로 휴면보험금 신청방법 안내.
즉, STT 내용상 올바르나, 정답지(청크 1번) 기준으로 볼 때 맵핑된 모델 답변(청크 1번)과 같이 작성해도 정답으로 인정될지 모르겠음.","{'label': 'STT_내용_추가(정상)', 'action': 'keep'}, {'label': '해석_오류', 'action': 'add', 'error_detail': '보험해지가 아닌 휴면보험금신청 문의', 'chunks': [1]}",E147381,2026-03-10T11:31:41.129075,,,,,,,,
109,"상담사: 반갑습니다. 전주시청입니다.
고객: 여보세요?
상담사: 네 안녕하세요?
고객: 예 문자 받았는데요.
상담사: 네.
고객: 그런데 이게 그 제가 보험료를
고객: 예?
고객: 신용카드로
상담사: 네 안녕하세요.
고객: 자동이체 하노인데
상담사: 네.
고객: 카드 뭐 뭐
상담사: 없습니다.
고객: 만료 예정일이 25년
고객: 10월로 돼 있어요?
상담사: 아 지금 수업 듣고 있어요.
상담사: 확인하겠습니다 계약자 홍정증 님 본인 맞으세요?
고객: 네.
상담사: 생년월일이 어떻게 되세요?
고객: 54년 4월 2일이요.
상담사: 네 핸드폰 번호 010 9143 다음 몇 번이세요?
고객: 0799요.
상담사: 네 감사합니다.
상담사: 네 지금 등록되어 있는 카드가 25, *************************
고객: 아니 그런데 지금 제가 우리카드로 돼 있잖아요.
상담사: 네.
상담사: 언어와매체요.
상담사: 네
고객: 예.
고객: 그런데 여 우리카드 유효기간이
상담사: 네
고객: 30년인데
고객: 2030년
상담사: 그럼 재발급 받
상담사: 아니세요?
고객: 예?
상담사: 재발급 받으신 적 없으세요?
고객: 이거는?
상담사: 고객님일때
상담사: 없다.
고객: 아니 지금 제가
상담사: 저기
고객: 유효기간이
고객: 2030년
고객: 1월 1월인데
고객: 그런데
상담사: 음.
고객: 올해 10월달로 되어 있다고요.
상담사: 그니까 저희 등록되어 있는 카드는 25년 10월달까지만 되어 있으세요. 고객님 유효기간이 그니까 재발급받으셨던 적 없으신데
고객: 여기 문자에서는
고객: 아 그럼 옛날 거 카드나본데
고객: 여보세요?
상담사: 저는 조금만 할게요.
고객: 그러면 옛날 카드나본데요.
상담사: 네.
고객: 그럼
고객: 그러면
고객: 이거를 어떻게 한다고
상담사: 그니까 카드 변경을 해 드려요?
상담사: 언제 썼는지
고객: 예.
상담사: 그럼 등록돼 있는 핸드폰으로 연락드리겠습니다 지금 이 전화 끊지 마시고 고객님 핸드폰에 전화 오시면 받아주세요.
고객: 네.
고객: 여보세요.
고객: 예.
고객: 아 이거 지금 이거는 일반 전화인데요.","계약자 홍정증 님(1954년 4월 2일생, 핸드폰번호 010-9143-****)은 현재 등록된 신용카드 유효기간이 2025년 10월까지로 되어 있으며, 고객이 사용 중인 카드의 유효기간은 2030년 1월로 되어 있으나, 시스템에 등록된 정보와 다름. 고객은 카드 재발급을 한 적이 없으며, 현재 등록된 카드 정보를 변경하기 위해 핸드폰으로 연락을 드릴 예정.","본인은 카드유효기간 30년 1월로 되어있다고하심
지금 등록되어있는 카드유효기간 25년 10월로 되어있음안내
재발급 받으신거 아닌지 여쭤보니 등록된 카드가 옛날카드인것같다고하심
카드변경차 등록된 핸폰으로 전화드리겠다 안내함","카드유효기간 30년1월
카드유효기간 25년10월
재발급 여부
옛날카드
카드변경 안내
등록핸폰 전화",가능,0.9,"카드 유효기간 불일치(30년1월 vs 25년10월), 옛날 카드 확인, 카드 변경 안내 등 모든 요약 내용이 STT에서 확인됨",가능,,hjlee,2026-03-05T14:55:52.797136,,,,,가능,,,,,정답,,STT_내용_추가(정상),"STT_내용_추가(정상): 계약자명 홍정증, 생년월일 1954년 4월 2일, 핸드폰번호 등 정답지에 없지만 STT에 있는 개인정보가 추가됨",Y,,오답,,"{'label': 'STT_내용_추가(정상)', 'action': 'keep'}, {'label': '정보_누락', 'action': 'add', 'error_detail': '옛날카드', 'chunks': [3]}",heeaekwon,2026-03-10T13:18:42.873270,,,,,,,,
116,"상담사: 반갑습니다. 박주영입니다.
고객: 여보세요.
상담사: 네 안녕하세요.
고객: 아 제가 조금 전에 전화드렸었거든요.
상담사: 네. 안녕하세요.
고객: 예 예.
고객: 근데 그 제가 제가
고객: 부탁한 게 계약상 변경인지
고객: 확인하고 싶어요.
고객: 그 정확한
고객: 이제 그 주소하고
고객: AI 주소하고
고객: 등기를 보낼려면 주소 필요하잖아요.
상담사: 어 그런 부분은 저희는 보험금 청구 부서로 지금 연결하신 거기 때문에 명의 변경 관련해서는 저희가 담당 부서는 아니거든요 고객님
고객: 네.
상담사: 그러면은 혹시 안내받아보실 수 있는 부서에서 다시 연락드릴 수 있도록 통화 요청 해드릴까요?
고객: 네 그래 주시면 감사하겠습니다.
상담사: 네 감사합니다.
고객: 네.","고객은 전화를 통해 계약상 변경 사항(주소 및 등기 발송을 위한 주소) 확인을 요청함.  
상담사는 보험금 청구 부서로 연결된 상황이라 명의 변경 관련 업무는 담당하지 않으며, 고객에게 관련 부서로의 재연락을 요청함.","좀전에 전화해서 계약상 변경하고싶은데 주소 필요하다고하심
보험금 청구부서로 잘못연결되어 명의변경부서에서 다시 연락드릴수있도록 요청해드림안내","전화
계약상변경
주소필요
보험금청구부서
잘못연결
명의변경부서
재연락요청
안내",가능,0.95,"짧은 상담으로 2개 청크 모두 STT에서 명확히 확인됨. 보험금 청구부서 잘못 연결, 명의변경 담당부서 재연락 안내 내용 일치",가능,,hjlee,2026-03-05T19:34:07.543881,,,,,가능,,,,,정답,,,,N,generated가 reference를 정확히 반영,오답,,"{'label': '해석_오류', 'action': 'add', 'error_detail': '상담사가 고객에게 재연락을 요청한 게 아니라, 관련 부서가 고객에게 재연락할 것을 요청할 것.', 'chunks': [2]}",heeaekwon,2026-03-10T13:30:29.099349,,,,,,,,
117,"상담사: 반갑습니다. 김진명입니다. 무엇을 도와드릴까요?
고객: 아 네 제가 거기 재학한
고객: 증권이 2개인데
상담사: 네.
고객: 네 증권 2개를 증권에 상세 내역을 메일로 받을 수 있어요.
상담사: 증권을 이메일로 받으실 수 있냐는 말씀이실까요?
고객: 응 네네
고객: 네.
상담사: 네 그러시면 제가 정보 먼저 확인 후에 증권 재발행해 드리도록 할 건데요.
고객: 네 감사합니다.
고객: 네.
상담사: 현재 전화 주신 분이 계약자 한 지원님 본인 맞으세요?
고객: 네 감사합니다.
상담사: 네 고객님 생년월일은 어떻게 되십니까?
고객: 어 72년 1월 27일
상담사: 네 지금
상담사: 등록돼 있는 휴대폰 번호 010 9500 이하 번호 어떻게 되세요?
고객: 예 05 3학년.
상담사: 네 확인 감사합니다.
상담사: 고객님께서 유지 중인 계약 건이 총 2건으로 확인되시는데요.
상담사: 저희가 증권 이메일로 보내달라고 하셨죠? 고객님?
고객: 네네.
고객: 아 이메일로 예.
고객: 네.
상담사: 네 그러시면 현재 이메일 수지가 등록이 되어있는 걸로 확인되시는데요.
고객: 네 그쪽으로 보내주세요.
상담사: 못
상담사: wan 숫자 2009 골뱅이 함몰지역 넷 맞으세요?
고객: 네 네.
고객: 네 감사합니다.
상담사: 네 증권은 10분에서 15분 후에 도착하실 예정이구요.
상담사: 처음에 비밀번호를 입력하라고 확인되실 건데 고객님의 생년월일을 입력하셔서 열람해 주시면 되겠습니다.
고객: 네.
상담사: 네 발행해드리도록 하겠습니다. 고객님
고객: 네 감사합니다.
상담사: 네 감사합니다.","고객 김진명(계약자)은 현재 2건의 보험 계약을 유지 중이며, 증권 내역을 이메일(wan2009@hanmail.net)로 받고자 요청함. 생년월일은 1972년 1월 27일, 휴대폰 번호는 010-9500-****로 확인됨. 증권은 10~15분 내 이메일로 발송되며, 열람 시 생년월일을 비밀번호로 입력하여 접근함.","계약건 2건 증권 이메일 발송시 15분후 도착예정
비밀번호는 고객님의 생년월을 입력하시면 열람됨","계약건 2건
증권 이메일
15분후 도착
비밀번호
생년월 입력
열람가능",가능,0.9,전체 내용이 STT에서 확인됨. reference에 '15분후'로 기재되어 있으나 STT에서는 '10분에서 15분 후'로 더 상세하게 안내됨,가능,,hjlee,2026-03-05T19:34:30.082815,,,,,가능,,,,,과답,,STT_내용_추가(정상),"STT_내용_추가(정상): 이메일 주소, 생년월일, 휴대폰번호, 고객명(김진명) 등 정답지에 없지만 STT에 있는 정보가 추가됨",Y,,오답,잘못된 내용을 추가,"{'label': 'STT_내용_추가(정상)', 'action': 'keep'}, {'label': '해석_오류', 'action': 'add', 'error_detail': ""계약자 성함은 김진명이 아닌 '한 지원'"", 'chunks': [1]}",heeaekwon,2026-03-10T13:34:48.586730,,,,,,,,
118,"상담사: 반갑습니다. 입니다.
고객: 예 아이 AI 생명보험이죠?
상담사: 네 맞습니다.
고객: 예.
고객: 어 보험금 청구를 할라 그러는데요.
상담사: 네 그러세요?
고객: 네 우리 딸이 이제
고객: 대리 청구를 해줬거든요?
상담사: 네.
고객: 그래 가지고 거기에서 뭐 핸드폰으로 뭘 와가지고
고객: 뭐야.
고객: 핸드폰으로 하라고 그러는데 그 뭐 잘 모르겠어요 그래가지고
고객: 어떻게 해야 되나 몰라서요.
상담사: 지금 고객님 연락 주신 번호로는 고객 정보 확인되고 있진 않은데요. 실례지만 고객님 주민번호 13자리 말씀 한번 부탁드릴게요.
고객: 530420
상담사: 네.
상담사: 네.
고객: 2658816
상담사: 나중 내 고객님이세요.
고객: 예예.
상담사: 프라임 행사 설계 보험에 피보험자 수의자 고객님으로 등록되어 있었던 계약 건이 있어요 요걸로 보험금 청구를 하실 예정이시라는 거죠?
고객: 예.
고객: 예.
상담사: 그런데 이제 그 자녀분께서 대신하여 청구를 하신다는 말씀이신 거잖아요.
고객: 네 저 저
상담사: 그러면 이거
고객: 미성년자가 보험을 들었거든요.
상담사: 계약자는 고객님 그 자녀분이시지만 이 상품의 피보험자와 수입자는 고객님이시기 때문에
고객: 네 네.
상담사: 자녀분께서 대신하여 어플을 통해서 보험금 청구를 하실 수는 없고
상담사: 저희가 이제 다른 방법으로 접수 안내를 한번 드려볼까 하는데 우선은 고객님 주소와 연락처가 당사로 등록이 안 되어 있으셨거든요 요거를 한번 등록 처리를 해드려야 돼요.
고객: 예.
상담사: 여기서 고객님 신분증 인증해 주실 수 있으시죠 지금 주민등록증 가지고 계세요?
고객: 예.
고객: 아이
고객: 예 잠깐만요 그냥 올게요.
상담사: 네.
상담사: 네.
고객: 네 감사합니다.
고객: 그전에는 그냥 깔리네가 해서 해주던데
고객: 인제 바꼈나 봐요.
상담사: 지금은 이제 접수방법이 달라가지고 저희가 어플이 인제 나오면서
상담사: 이게 쪼금 복잡하게 이제 접수를 하실 수 있게 되어 있어가지고요 쪼금 간단하게 접수하실 수 있게 1번 안내를 드릴까 하는데 신분증 인증이 필요하시거든요.
고객: 응 잠깐만요.
고객: 네.
상담사: 네.
고객: 네 주민등록증 가지고 왔는데요.
상담사: 네 발급 일자 어떻게 되세요?
고객: 네?
상담사: 발급일자입니다.
고객: 발급일자에 2000년 4월 19일이요.
상담사: 네 휴대폰이 지금 연락 주신 핸드폰 번호가 고객님 명의로 된 핸드폰이세요.
고객: 네 맞아요.
상담사: 네 휴대폰 본인 확인 서비스 이용과 관련하여 고객님의 정보를 수집 이용 취소 부탁하고 고유 식별 정보 처리하는데 동의하시죠?
고객: 네 뭔 말인가는 몰라도 그래요.
상담사: 휴대폰 번호로 등록하시기 위해서 동의하시는 절차이구요. 주소도 지금 등록이 안 되어 있기 때문에 주소와 연락처는 기본적으로 등록을 해주셔야 되는데 고객님 자택 주소가 어떻게 되세요?
고객: 예.
고객: 예.
고객: 서울시 은평구 가좌로
상담사: 네 네.
고객: 344
상담사: 네.
고객: 111동 609호요.
상담사: 현대 아파트요.
고객: 네.
상담사: 이번에 어떤 내용으로 청구하세요 고객님?
고객: 다음
고객: 시 수
상담사: 질병으로 수술하셨어요?
고객: 질병이요.
상담사: 입원하시거나 그런 건 없으셨고요?
고객: 이번 2막
고객: 아니 2번 3일요.
상담사: 2박 3일 간 입원하셨어요?
고객: 네.
상담사: 그러면 고객님 이번에 보험금 청구하셔서 지급받아보신다면 지난 23년도에는 국민은행 계좌 끝에가 051, ******************
상담사: 이번에도 동일한 계좌로 지급 요청하세요.
고객: 예.
고객: 네 그때 계좌가 국민은행이죠?
상담사: 네네.
고객: 예.
상담사: 네 뭐.
상담사: 고객님이 수의자분이 새 해당 계약 건의 보험금을 지급받으실 수의자가 고객님이셨거든요.
고객: 네.
상담사: 예 당연하시겠지만 고객님 국적과 실제 거주하시는 곳은 동일하게 한국이시죠?
고객: 네.
상담사: 네 그러면
상담사: 혹시 그 님 계약자 분으로 확인되시는데 그분 연락처가 92474, ****************
고객: 네.
상담사: 그러면 이 번호로 제가 카카오톡 메세지로
상담사: 네 보험금 접수팀입니다라고 보내드려요.
고객: 네.
고객: 네.
상담사: 그러면 그 내용에 서류 등록하기라고 있을 거예요.
고객: 예.
상담사: 그걸로 인제 병원 서류를 사진을 찍어서 등록해 달라고 요청해 주세요.
고객: 아 예 그럼 딸내미가 인자 그렇게 병원 서류를 거
고객: 어 띄어서 보내는 거예요 그렇게 하면은?
상담사: 네 그 카카오톡 메시지로 보은군 접수팀입니다라고 보내드렸던 화면에서
상담사: 서류 등록하기 눌러주시고 사진 찍어서 접수해주시면 돼요 이거는 저희가 보험금 청구서를 다 작성해드리고 고객 그 자녀분이 로그인이나 고객님 본인 인증 절차 없이 바로 접수하실 수 있게 1회성으로 발송을 해드린 링크거든요.
고객: 네.
고객: 예.
고객: 예.
고객: 예.
상담사: 네 그쪽으로 바로 접수해 달라고 요청해 주시면 되세요.
고객: 예.
상담사: 네 감사합니다.
고객: 예.
고객: 그냥 거기에서 그거 음 서류 보내라고
고객: 예 거기에서 보낼 거 아니에요 딸내미한테.
상담사: 네 맞아요 네.
상담사: 그러니까 그거를 카카오톡으로 보은군 접수팀입니다라고 도착되셨는지
고객: 그럼 딸내미가 그거 받아
상담사: 그쪽으로 접수를 그쪽 그 인제 그쪽 서류 등록하기라고 있다고 하니까
고객: 예.
상담사: 거기다가 클릭하셔서 접수하라고 말씀해 주시면 돼요 고객님.
고객: 예.
고객: 네 예 그럼 금 거기서 그걸 보내주겠네 딸내미한테?
상담사: 네.
상담사: 네.
고객: 예.
상담사: 감사합니다. 네.
고객: 그럼 되는 거예요?
고객: 네 고맙습니다.
상담사: 감사합니다.
고객: 네.","고객은 프라임 행사 설계 보험의 피보험자이자 수익자로, 2000년 4월 19일 발급된 주민등록증을 소지하고 있으며, 서울시 은평구 가좌로 344 현대 아파트 111동 609호에 거주한다. 계약자는 고객의 딸이며, 미성년자로 보험을 가입한 상태이다. 고객은 질병으로 인한 수술로 2박 3일 입원한 후 보험금 청구를 원하며, 국민은행 계좌(끝자리 051)로 지급을 요청한다. 고객의 휴대폰 번호는 고객 명의이며, 주소와 연락처는 당사에 등록되지 않았다. 보험금 청구를 위해 고객의 신분증 인증과 주소, 연락처 등록이 필요하며, 카카오톡 메시지를 통해 보험금 접수팀이 서류 등록 링크를 발송할 예정이다. 딸은 해당 링크를 통해 병원 서류를 사진으로 등록하여 청구 접수를 진행할 예정이다.","보험금 청구를 딸이 핸폰으로 대리청구하는방법문의/ 
계약자는 딸이고 피보험자, 수익자는 본인이시기 때문에 딸이 대신 어플로 보험금 청구를 할수 없고 간편한 유선접수녹취진행
계약자 김은주님 핸폰 카톡에 보험금 접수팀입니다라고 보내드린 화면에서 서류 등록하기 눌러서 사진 찍어서 접수해 주시면됨/ 
저희가 보험금 청구서를 다 작성해드리고 자녀분이 로그인이나 고객님 본인 인증 절차 없이 바로 접수하실 수 있게 일회성으로 발송을 해드린 링크임안내","보험금청구
핸폰으로
딸대리청구방법문의
계약자딸
피보험자본인
수익자본인
딸어플청구불가
유선접수녹취
계약자김은주
핸폰카톡
보험금접수팀화면
서류등록하기
사진촬영접수
청구서작성대행
자녀 로그인이나 본인인증 없이 접수
일회성링크발송",가능,0.9,"전체 4개 청크 모두 STT에서 확인됨. 계약자명(김은주)은 STT에서 직접 확인되지 않으나(연락처 마스킹), 나머지 내용은 모두 일치",가능,,hjlee,2026-03-05T19:35:51.008822,,,,,가능,,,,,정답,,"정보_누락, STT_내용_추가(정상)","정보_누락: 어플로 청구 불가 안내, 유선접수 진행 안내, 청구서 작성 대행, 로그인/본인인증 불필요, 일회성 링크 안내 등이 누락됨; STT_내용_추가(정상): 보험 상품명, 주민등록증 발급일, 주소, 입원 내역, 계좌정보 등 STT 상세정보가 대량 추가됨",Y,,오답,,"{'label': '정보_누락', 'action': 'keep'}, {'label': 'STT_내용_추가(정상)', 'action': 'keep'}",heeaekwon,2026-03-10T13:45:53.112445,,,,,,,,
119,"상담사: 반갑습니다. 김진명입니다. 무엇을 도와드릴까요?
고객: 네 저희 아버님하고 어머님이 AI 생명에 그 보험이 가입되어 있는데요.
상담사: 그럼 들어가겠
상담사: 네.
고객: 네 아버님 어머님이 지난달에 교통사고로 2, ***********
상담사: 네.
고객: 그 사망보험금 청구라든지 이런 보험금 청구 관련 문의 좀 할려고 합니다.
상담사: 어 그러실까요? 그러시면 저희 당사 측으로 사망자 기준의 가족관계 증명서랑
상담사: 그리고 사망 진단서 보내신 게 있으실까요? 고객님
고객: 네.
고객: 아니요 어떤 거를 어떤 식으로 해야 될지 몰라서 전화를 드린 겁니다.
상담사: 어 그러실까요 우선 저희가 계약 사항을 확인하셔야 되기 때문에
상담사: 인제 부모님 기준에
고객: 네.
상담사: 부모님께서 사망을 하셨다고 하셨잖아요 사망하신 분의 가족관계 증명서랑
고객: 네.
상담사: 그리고 사망 진단서를 저희한테 먼저 보내주시고 나서 다시 1번 연락 주시는데요.
고객: 네.
고객: 네.
상담사: 보내시는 방법은 휴대폰으로 문자 메시지로 사진 찍으셔서 보내시면 되시는데
고객: 네.
상담사: 보내시는 번호는 1600에 9393으로 보내주시면 됩니다. 고객님.
고객: 1600에 933이요?
상담사: 네 그렇습니다.
고객: 네 알겠습니다.
상담사: 네. 보내주시고 다시 1번 연락 부탁드리겠습니다.
고객: 네 감사합니다.
상담사: 네 감사합니다.
고객: 네.
상담사: 네에","김진명 고객님의 부모님(아버지, 어머니)이 AI 생명보험에 가입되어 있으며, 지난달 교통사고로 사망하셨고, 사망보험금 청구 관련 문의를 위해 상담을 요청함. 사망자 기준의 가족관계 증명서 및 사망 진단서를 휴대폰 문자 메시지로 사진 첨부하여 1600-**** 번호로 보내고, 이후 다시 연락할 예정임.","지난달 교통사고로 부모님 두분 모두 사망하셔서 보험금 청구관련 문의
계약 사항을 확인하셔야 됨으로 사망하신 부모님 기준의 가족관계증명서와 사망진단서를 160019393으로 휴대폰 문자메시지로 사진 찍으셔서 보내주시고 연락부탁드림","교통사고
부모님 사망
보험금청구
사망하신 부모님 기준의
계약사항확인
가족관계증명서
사망진단서
휴대폰문자메시지
사진전송
연락요청
160019393",가능,0.9,모든 요약 내용이 STT에서 확인 가능. 번호 '160019393'은 STT의 '1600에 9393'과 동일한 정보,가능,,hjlee,2026-03-05T19:36:20.763295,,,,,가능,,,,,정답,,STT_내용_추가(정상),"STT_내용_추가(정상): AI 생명보험 가입 사실, 상담사명(김진명) 등 STT에 있는 내용 추가",Y,,오답,,"{'label': 'STT_내용_추가(정상)', 'action': 'modify', 'error_detail': 'AI 생명보험 가입 사실 등 STT에 있는 내용 추가', 'chunks': [1]}, {'label': '해석_오류', 'action': 'add', 'error_detail': '상담사의 성함을 고객의 성함으로 잘못 해석 ', 'chunks': [1]}, {'label': '정보_누락', 'action': 'add', 'error_detail': '계약 사항 확인', 'chunks': [2]}",heeaekwon,2026-03-10T14:57:43.774136,,,,,,,,
120,"상담사: 반갑습니다. 입니다.
고객: 아 뭐 좀 물어보겠는데요 그 보험금 청구할 때
상담사: 네.
상담사: 네.
고객: 지금 진료 확인서가 우편으로 왔는데 그거를
고객: 우편으로 붙여야 되나요?
상담사: 확인해보겠습니다. 계약자 김금홍님 본인 맞으세요?
고객: 예.
상담사: 네 생년월일이 어떻게 되세요?
고객: 예 63년 4월 29일입니다.
상담사: 네 핸드폰 번호 010 3252 다음 몇 번이세요?
고객: 3252 3 9 3 7입니다.
상담사: 감사합니다.
상담사: 지난주에 저희 9월 2일자에 통화하셨을 때 치과 치료 확인서를 발송해 드렸었는데 그걸 들고 치과에 방문해 주시면 치과 선생님께서 작성을 해 주시고요 나머지 병원 구비 서류와 함께 모바일로 사진 찍어서 제출하는 방법이 있으신데 모바일 청구는 어려우세요?
고객: 네
고객: 네.
고객: 아니요 모바일 하면 되거든요.
상담사: 네 그러시면 모바일로 제출해 주시면 되세요.
고객: 아마 진료확인서 그것도 모바일 나오면 되나요?
상담사: 네 진료 확인서랑 그리고 진료 기록지 그리고 세부 내역서를 다 발급받으셔서 1장씩 사진 찍어서 제출해 주시면 되세요.
고객: 알겠습니다. 감사합니다.
고객: 어
고객: 네.
고객: 예
고객: 아 예 알겠습니다.
상담사: 감사합니다. 아동 포장으로도 신기하게 전화드리고 있으니 편한 시간대 연결되시면 상담 부탁드립니다.
고객: 네.
상담사: 감사합니다.","고객은 계약자 김금홍(1963년 4월 29일생)으로, 치과 치료 확인서를 우편으로 받았으며, 모바일로 사진 촬영하여 진료 확인서, 진료 기록지, 세부 내역서를 제출하는 방법을 문의함. 상담사가 모바일 청구 가능함을 안내함.","보험금 청구할 때 진료 확인서가 우편으로 왔는데 그거를 우편으로 보내야되는지문의 
9.2일에 통화하셨을 때 치과치료 확인서를 발송해 드림
양식가지고 치과 선생님께 작성요청/ 
진료확인서, 진료기록지, 세 분의 역서를 1장씩 사진 찍어서 모바일로 제출하는 방법이 있음","보험금청구
진료확인서우편도착
우편전송여부문의
9.2일통화
치과치료확인서발송
양식 치과가서 작성요청
진료확인서사진제출
진료기록지사진제출
역서사진제출
모바일제출방법",판단불가,0.8,"대부분 내용이 STT에서 확인되나, 고객 발화 중 '우편으로 붙여야'가 STT 인식 문제로 '보내야'와 차이 있음. ref의 '세 분의 역서'는 '세부 내역서'의 오기",가능,,hjlee,2026-03-05T19:37:55.659822,,,,,가능,,,,,오답,,"정보_누락, STT_내용_추가(정상)","정보_누락: 9월 2일 치과치료 확인서 발송 이력(chunk2)과 양식을 치과에 가져가 선생님이 작성해주는 절차(chunk3)가 누락됨; STT_내용_추가(정상): 고객명 김금홍, 생년월일 1963년 4월 29일 등 개인정보 추가",Y,,오답,,"{'label': '정보_누락', 'action': 'modify', 'error_detail': '보험구 청구(chunk1), 9월 2일 치과치료 확인서 발송 이력(chunk2), 양식을 치과에 가져가 선생님이 작성해주는 절차(chunk3)가 누락됨', 'chunks': [1, 2, 3]}, {'label': 'STT_내용_추가(정상)', 'action': 'keep'}",heeaekwon,2026-03-10T15:02:08.035457,,,,,,,,
122,"상담사: 반갑습니다. 전 수정입니다.
고객: 네 내가 집 주소가 바뀌어서요 주소변경 할려구요.
상담사: 그러세요 지금 전화 주신 분은 계약자 박혜림님 분은 맞으세요?
고객: 네 맞아요.
상담사: 네 생년월일이 어떻게 되십니까?
고객: 59년 6월 12일
상담사: 네 핸드폰 번호가 010, ***************
고객: 8063
상담사: 확인 감사합니다 변경하실 주소지가 어떻게 되십니까?
고객: 인천시 연수구 송도문화로
상담사: 네.
고객: 28번길 81, ******
고객: 그린 스퀘어 아파트
상담사: 네.
고객: 109동 1101호
상담사: 네 확인하겠습니다 인천 연수구 송도 문화로 80, *******************
상담사: 80일
상담사: 송도동 송도 더샵 그린스퀘어
상담사: 109동 1115
상담사: 맞으세요?
고객: 네 네 맞아요.
상담사: 주소지는 바로 변경해드렸고요 앞으로 발송되는 모든 우편물은 변경되신 주소지로 발송이 됩니다.
고객: 네 네 알았습니다.
상담사: 네 감사합니다.","계약자 박혜림님(1959년 6월 12일생)이 인천시 연수구 송도문화로 80번길 81, 그린스퀘어 아파트 109동 1101호로 주소를 변경 요청하셨으며, 변경된 주소로 향후 모든 우편물이 발송될 예정이다.","집주소 변경요청
앞으로 발생되는 모든 우편물은 변경된 주소지로 발송됨","집주소 변경
우편물
변경된 주소지 발송",가능,0.95,모든 요약 내용이 STT에서 명확히 확인됨. 단순 주소변경 상담으로 내용이 명확함,가능,,hjlee,2026-03-05T20:17:02.735949,,,,,가능,,,,,정답,,STT_내용_추가(정상),"STT_내용_추가(정상): 고객명 박혜림, 생년월일, 변경 주소(인천시 연수구 송도문화로...) 등 정답지에 없지만 STT에 있는 정보 추가",Y,,판정불가,추가된 주소지가 올바른지 판단불가(정답지에 내용이 없기 때문),"{'label': 'STT_내용_추가(정상)', 'action': 'modify', 'error_detail': '고객명 박혜림, 생년월일이 정답지에 없지만 STT에 있는 정보 추가', 'chunks': [1]}, {'label': 'STT_내용_추가(오전사)', 'action': 'add', 'error_detail': ""변경된 주소지 중 '80번길 81' 부분이 모호함."", 'chunks': [1]}",heeaekwon,2026-03-10T15:06:36.301626,,,,,,,,
128,"상담사: 반갑습니다. 경시장입니다.
고객: 네 여보세요?
상담사: 네 선생님
상담사: 있으니까
고객: 보험료가 미납이 돼 있을 건데 지금 가상 계좌하고 보험료 좀 알라고 전화드렸어요.
상담사: 네.
상담사: 네 계약자 님 본인 맞으세요?
고객: 예예.
상담사: 네 생년월일이 어떻게 되세요?
고객: 620 703이요.
상담사: 핸드폰 번호 010 9245 다음 몇 번이세요?
고객: 6 9 9 0
상담사: 확인 감사합니다 현재 저희 당사에 가입되어 있는 계약건 원스톱 암 보험 상품 1건에 가입되어 있고 지금 8월 보험료를 어떤 방법으로 납입하시겠어요?
고객: 가상 계좌로요.
상담사: 네 음 고객님께선 가상계좌 입금시에는 자동이체 할인되지 않은 영업보험료로 60730, *
상담사: 입금해 주셔야 되신데 괜찮으세요?
고객: 예.
고객: 예예.
상담사: 고객님 국적과 실제 거주하신 곳은 동일하게 한국 맞으시죠?
고객: 네.
상담사: 네 그럼 가상계좌번호와 고객님 보험료를 고객님 문자로
고객: 영역으로요?
상담사: 신한은행이에요. 고객님.
고객: 아 요거는 신한은행인가 고정인가?
상담사: 네 맞습니다.
고객: 아 그래 맞네 그러네
상담사: 네 문자 발송해 드릴 테니 오늘까지 정확한 금액 입금해 주시면 되겠습니다.
고객: 그래요.
고객: 예.
고객: 60730원이요.
상담사: 네.
상담사: 감사합니다.
고객: 예 저 문자하고 카톡으로 좀 넣어줘요.
상담사: 2월입니다.
상담사: 문자 혹은 카톡으로 발송되실 겁니다.
고객: 예예.
상담사: 네 감사합니다.
고객: 네.","고객은 계약자 본인으로, 생년월일 620 703, 핸드폰 번호 010 9245 ****이며, 현재 신한은행 가상계좌를 통해 8월 보험료 6****원을 납부할 예정이다. 국적과 거주지는 모두 한국이다. 보험료는 문자 및 카카오톡으로 발송될 예정이다.","보험료 미납으로 가상계좌와 보험료 문의
원스톱 암보험 1건 가입, 8월보험료 가상계좌 입금 시 영업 보험료로 60700 30 원 입금해 주셔야함
신한 가상계좌와 보험료를 문자 혹은 카톡으로 발송해드림
오늘까지 정확한 금액 입금부탁드림","보험료 미납
가상계좌 문의
보험료 문의
원스톱 암보험 1건
8월 보험료
영업보험료
60700원30원
신한 가상계좌
문자 발송
카톡 발송
오늘까지 입금
정확한 금액",가능,0.9,모든 청크가 STT에서 명확히 확인됨. 금액 '60700 30원'은 STT '60730'과 동일하며 표기 차이만 있음.,가능,,hjlee,2026-03-06T10:37:11.142310,,,,,가능,,,,,오답,,"정보_누락, STT_내용_추가(정상)","정보_누락: 보험료 미납 문의 취지, 원스톱 암보험 상품명, 정확한 보험료 금액(60730원), 오늘까지 입금 요청 안내 등이 누락됨; STT_내용_추가(정상): 생년월일, 핸드폰번호, 국적/거주지 등 개인정보 추가",Y,,오답,,"{'label': '정보_누락', 'action': 'modify', 'error_detail': '보험료 미납 문의 취지, 원스톱 암보험 상품명 및 계약 건수, 정확한 보험료 금액(60730원), 영업보험료, 오늘까지 입금 요청 안내\n\n누락', 'chunks': [1, 2, 4]}, {'label': 'STT_내용_추가(정상)', 'action': 'modify', 'error_detail': '핸드폰번호, 국적 및 거주지', 'chunks': [1]}, {'label': 'STT_내용_추가(오전사)', 'action': 'add', 'error_detail': '생년월일', 'chunks': [1]}",heeaekwon,2026-03-10T15:13:08.139037,,,,,,,,
130,"상담사: 반갑습니다. 전주시청입니다.
고객: 아 예 수고하십니다 제가
상담사: 네.
고객: 보험료 자동 이체를 했는데 카드를 분실해 가지고 새로 발급받았거든요.
상담사: 네
상담사: 네 네
고객: 어 그래서 그 그 카드로
고객: 자동이체 되게 할라면 어떻게 해야 돼요?
상담사: 네 확인하겠습니다.
고객: 예 맞습니다.
상담사: 생년월일이 어떻게 되세요?
고객: 471012
상담사: 네 핸드폰 번호 010 7702 다음 몇 번이세요?
고객: 0357
상담사: 아 감사합니다.
상담사: 가입되어 있으신 개월 건 2건 가입되어 있으시고요 2건 모두 하나카드로 등록되는데 카드 변경 진행해드릴까요?
고객: 예 예.
상담사: 네 그럼 변경 진행하겠습니다 변경하실 카드도 고객님 본인 명의의 카드 맞으세요?
고객: 예 예.
상담사: 네 어디 카드이십니까?
고객: 음
고객: 네 하나카드인데요 제가 분실해가
상담사: 네.
고객: 재발급 받았거든요.
상담사: 네 카드 번호가 어떻게 되세요?
고객: 5181
상담사: 네.
고객: 80000
상담사: 네.
고객: 5079
상담사: 네.
고객: 6620
상담사: 네.
상담사: 유효 기간은 어떻게 되세요?
고객: 아
고객: 0830
상담사: 네 확인하겠습니다. 고객님 명의 하나카드 카드번호가 5181, *********
상담사: 5079
상담사: 6620번
상담사: 유효 기간은 30년 8월 맞으세요?
고객: 예 6 마 마지막이 6620입니다.
상담사: 네 고객님 국적과 실제 거주하시는 곳은 동일하게 한국 맞으세요?
고객: 예.
고객: 예?
상담사: 국적과 실제 거주하시는 곳은 동일하게 한국 맞으세요?
고객: 네 맞습니다.
상담사: 네 2건 모두 다 카드 변경 진행해 드렸고요 이번 9월 보험료부터 매월 20일자에 승인되실 건데요 이번 달 20일은 토요일이시기 때문에 그 다음 영업일자에 승인되실 거고요.
상담사: 보험료는 49500원과 23260원이 각각 승인되실 겁니다.
고객: 어
고객: 2만 686원이 아니고요?
상담사: 네 23260원과 4만 9500원이요.
고객: 하천 한다라는 2만 686원인데요.
상담사: 2만 6086원이요?
고객: 이만
고객: 20686
상담사: AI 예의 생명이 맞으신가요?
고객: AI 지소를
고객: 아
상담사: 저희는 AI의 생명이에요.
고객: 아
고객: 1만 얼마라고요?
상담사: 23260원과
고객: 아 예 예 알겠습니다.
상담사: 49500원입니다.
고객: 아 예 알겠습니다 다른 다른
고객: 그 회사 꺼래요. 예 알겠습니다.
상담사: 네 가족 보장으로 또 신기하게 전화 드리고 있으니 편한 시간대 연결 되시면 상담 부탁드립니다.
고객: 예 예 이제 변경됐죠.
상담사: 네 감사합니다.
고객: 예예 수고하세요.
상담사: 감사합니다.","고객은 하나카드를 분실 후 재발급받아 자동이체 카드를 변경 요청함.  
생년월일은 1947년 10월 12일, 핸드폰 번호는 010-7702-****.  
기존에 가입된 2건의 보험 계약 모두 하나카드로 등록되어 있으며, 변경할 카드는 고객 본인 명의의 재발급 카드로, 카드번호는 5181-********-5079-****, 유효 기간은 2030년 8월.  
국적과 실제 거주지가 모두 한국임을 확인함.  
2건의 보험료 자동이체 카드 변경 완료됨.  
9월 보험료부터 매월 20일자에 승인되며, 20일이 토요일이므로 다음 영업일에 승인됨.  
보험료는 49,500원과 23,260원이 각각 승인될 예정임.","카드분실로 새로 발급받아서 계약건 2건 모두 하나카드 본인카드로 변경요청
9월보험료부터 매월 20일에 승인되는데 이번 달 20일은 토요일이여서 다음 영업일에 승인됨
20,686원건 문의하셨으나 당사는 aia생명임안내/ 
다른회사라며 종료","카드분실
새로운카드발급
계약건2건
하나카드본인카드
변경요청
9월보험료부터
매월20일승인
이번달20일토요일
다음영업일승인
20,686원
문의
AIA생명
다른회사
종료",가능,0.9,"카드분실 재발급, 2건 하나카드 변경, 9월 보험료 매월 20일 승인(토요일→다음영업일), 20686원 타사 건 확인 등 모든 내용이 STT에서 확인됨. 다만 reference에서 'aia생명'이라 했으나 STT에서는 'AI의 생명'으로 표기(STT 인식 차이이나 의미 동일)",가능,,hjlee,2026-03-06T10:47:50.874075,,,,,가능,,,,,오답,,"STT_내용_추가(정상), 정보_누락","STT_내용_추가(정상): generated가 reference에 없는 생년월일, 핸드폰 번호, 카드번호, 유효기간, 국적/거주지 확인, 보험료 금액(49,500원/23,260원) 등 STT 정보를 추가함; 정보_누락: 청크3(20,686원건 문의→당사는 aia생명 안내)과 청크4(다른회사라며 종료)가 generated에서 완전히 누락됨",Y,,오답,,"{'label': 'STT_내용_추가(정상)', 'action': 'keep'}, {'label': '정보_누락', 'action': 'keep'}",heeaekwon,2026-03-10T15:16:52.671737,,,,,,,,
135,"상담사: 반갑습니다. 김 수장입니다.
고객: 아 예.
상담사: 네.
고객: 저기
고객: 그 보험료 청구 있잖아요 링크 하나만 주실래요?
상담사: 네 확인하겠습니다 지금 계약자 오 금장님분이 맞으세요.
고객: 네 네.
상담사: 네 생년월일이 어떻게 되십니까?
고객: 아 6주째는 10월 5일이요.
상담사: 네 핸드폰 번호 0104015 다음 몇 번이세요?
고객: 자살일 수
상담사: 고객님 핸드폰으로 링크 발송해드릴까요?
고객: 예예.
상담사: 다른 문의사항은 없으시구요?
고객: 네 없어요.
상담사: 아니요.
상담사: 알겠습니다. 바로 발송해 드릴 거고요. 가족부장으로도 신기하게 전화드리고 있으니 편한 시간대 연결되시면 상담 부탁드립니다.
고객: 네 감사합니다.
상담사: 네 감사합니다.","계약자 오 금장님(생년월일: 1960년 10월 5일)의 보험료 청구 링크를 핸드폰번호 010-****로 발송할 예정이며, 가족부장으로부터 편한 시간대에 연락이 있을 예정이다.",핸드폰으로 바로 링크발송 해드림 ,"핸드폰
링크발송",가능,0.95,상담사가 핸드폰으로 링크를 바로 발송해드리겠다는 내용이 STT에서 명확히 확인됨,가능,,hjlee,2026-03-06T18:45:41.037520,,,,,가능,,,,,오답,,STT_내용_추가(정상),"STT_내용_추가(정상): generated가 reference에 없는 계약자명(오금장), 생년월일(1960.10.5), 핸드폰번호, 가족부장 연락 안내 등 STT 정보를 추가함",Y,,오답,,"{'label': 'STT_내용_추가(정상)', 'action': 'modify', 'error_detail': 'generated가 reference에 없는 계약자명(오금장), 핸드폰번호, 가족부장 연락 안내 등 STT 정보를 추가함', 'chunks': [1, 1]}, {'label': 'STT_내용_추가(오전사)', 'action': 'add', 'error_detail': '생년월일 ""6주째는 10월 5일이요."",\n마무리 멘트 ""가족부장으로도...""', 'chunks': []}",heeaekwon,2026-03-10T15:20:52.051087,,,,,,,,
139,"상담사: 반갑습니다. 입니다. 무엇을 도와드릴까요?
고객: 아이
고객: 이거는
상담사: 네 고객님 AI 생명입니다.
고객: 그래서 뭐
고객: 보험들은 제가 지금 며칠 됐는데요.
상담사: 예.
고객: 아 이게 업무 보니까 영 마음에 안 들어서 그냥 해제하고 싶은데
상담사: 아 그러세요 그럼 고객님 지금 연결된 곳은 가입을 권한 영업센터에 전혀 해지 권한이 없어 저희 대표번호 1 5 8 8에 9 8 9 8로 연락을 해주셔야 해지가 가능합니다.
고객: 예 알겠습니다.
상담사: 네 감사합니다.
고객: 이게 여보세요.
상담사: 네. 외국인이
고객: 아 거기에 뭐라 다 알 수 있나 보죠?
상담사: 어떤 곳 말씀이세요?
상담사: 내용도 지금 세부 보장 내용도 이제 해지하는 곳도 저희 대표번호 1 5 8 8에 9 8 9 8로 연락을 해주셔야 됩니다.
고객: 아 이
고객: 예 알겠습니다.
상담사: 네 감사합니다.","고객은 현재 보험 가입 후 며칠이 지난 상태이며, 보험 해지 의사가 있어 대표번호 1588-****로 연락하여 해지 절차를 진행해야 함을 안내받음.","보험 맘에 안들어서 헤딩하고싶다고문의
지금 연결된 곳은 영업 센터로 해줄 권한이 없어서 대표번호 1588-9898로 연락을 해주셔야 세부 보장 내용및 해제도 가능함","보험 불만
해지 요청
영업센터 권한없음
대표번호 1588-9898
연락 필요
세부 보장 내용
해제 가능",가능,0.95,"해지 희망 문의와 상담사의 대표번호 안내(1588-9898), 세부 보장 내용 확인 가능 안내 모두 STT에서 명확히 확인됨",가능,,hjlee,2026-03-06T18:56:38.026304,,,,,가능,,,,,오답,,정보_누락,정보_누락: 청크2에서 '영업센터로 해줄 권한 없음'과 '세부 보장 내용' 안내가 generated에서 누락됨. 대표번호도 마스킹 처리됨,Y,,오답,"+ 정답지 오탈자 수정 필요(""헤딩"")","{'label': '정보_누락', 'action': 'keep'}",heeaekwon,2026-03-10T15:24:26.974718,,,,,,,,
146,"상담사: 반갑습니다.
고객: 예 사고 본 거 좀 팩스 질문에 이런데 팩스 번호 좀 부탁해요.
상담사: 네 청구 금액이 500만 원 이하 건 맞으세요.
고객: 네 네.
상담사: 예 청구서랑 동의 사항 식도 4장 발송 아 받으셨나요?
고객: 네네 네네
상담사: 네 팩스 번호 불러드리겠습니다 02
고객: 네.
고객: 네.
상담사: 2021
고객: 예.
상담사: 4 5 4 0 입니다.
고객: 4 5 4 0
고객: 예 감사합니다.
상담사: 네 감사합니다.
고객: 네","청구 금액이 500만 원 이하인 사고 건으로, 청구서와 동의 사항 서류 4장이 발송되었으며, 팩스 번호는 02-2021-****이다.","보험금청구 팩스번호 문의
청구금액 500만원이하이고 청구서,동의사항 준비되어있음
팩스번호 02-2021-**** 안내","보험금청구
팩스번호문의
청구금액500만원이하
청구서준비
동의사항준비
팩스번호02-2021-****",가능,0.95,"보험금청구 팩스번호 문의, 청구금액 500만원 이하 확인, 청구서/동의사항 준비 확인, 팩스번호 02-2021 안내 모두 STT에서 확인됨",가능,,hjlee,2026-03-09T10:42:24.858431,,,,,가능,,,,,정답,,,,N,generated가 reference의 핵심 내용을 정확히 반영함. 문의 목적 미기재는 문맥상 파악 가능,판정불가,문의 목적 미기재는 문맥상 파악 가능,"{'label': 'STT_내용_추가(정상)', 'action': 'add', 'error_detail': '서류 4장', 'chunks': [2]}, {'label': '정보_누락', 'action': 'add', 'error_detail': '고객 문의사항', 'chunks': [1]}",heeaekwon,2026-03-10T15:26:25.721165,,,,,,,,
148,"상담사: 반갑습니다. 박근화입니다.
고객: 네 안녕하세요.
상담사: 네
고객: 어 제가 프라임 평생 설계 계약이 인제는 제가 다 분 건가요 이제 만기가 된건가요?
상담사: 음.
상담사: 제가 정보 확인하고 안내 도와드리겠습니다 전화 주신 분은 조옥진 님 계약자분이 맞으십니까?
고객: 네.
고객: 네 맞아요.
상담사: 생년월일이 어떻게 되세요?
고객: 65년 9월 4일이요.
상담사: 핸드폰 번호는 010 4905 뒤 4자리 어떻게 되세요?
고객: 3545
상담사: 확인 감사합니다.
상담사: 프라임 평생설계 말씀하셨죠?
고객: 네 네 맞아요.
상담사: 저.
상담사: 고객님 아직.
상담사: 이제
상담사: 이번 달까지는 납입을 하셔야 돼요.
고객: 어 근데 어 근데 제가
상담사: 네.
고객: 어 돈이 들어가 있는데 왜 이게 빠져나가지를 않아서 제가 전화를 더 한 거거든요?
상담사: 아
상담사: 일체일이 20일이거든요.
고객: 아 그래요?
상담사: 예.
고객: 음 그럼 이게 환불이 되는 거죠?
상담사: 아 고객님
고객: 음 그럼 20 날 빠져나간다는 건가요?
상담사: 어.
고객: 네.
상담사: 네.
상담사: 20일
고객: 음
상담사: 국제 국
상담사: 보험료를
고객: 네.
상담사: 만약에 고객님이 이제 어
상담사: 얘가 납입 기간이
상담사: 이번 달 9월까지만 납부하시면 종료가 되는 완납이 되는 부분이긴 하지만 고객님께서 만약에 보험료를 어 1달 정도
고객: 네.
상담사: 만약에 납부를
상담사: 미루실 경우에는 또 이게 10월까지 넘어가잖아요.
상담사: 이제 그런 부분은 있어요 예 예 그런 부분은 있으니까 예 예 네.
고객: 아니요. 없어요.
고객: 이루진 않아요.
고객: 아 그럴 일은 절대 없고요 네.
상담사: 네
고객: 아 아니 그래서 제가 뭐 하나 여쭤보려고요.
상담사: 네.
고객: 아
고객: 제가 여기 이 보험 저기 가
고객: 제가 저는
고객: 3년이 조금 더 되고 3년하고 2달이 됐는데 제가 여기 뭐지 그 뭐 그거 뭐죠 대장 내시경 할 때 용종을 떼냈거든요 그런 것도 거기에 해당이 되나요?
상담사: 아
상담사: 고객님 제가 어 죄송한데 혹시 제가 정보 확인해드렸나요?
고객: 어떤거요?
상담사: 제가 고객님 정보 확인했나요?
고객: 정보확인이라는 게 뭐죠?
상담사: 네
상담사: 아 제가 고객님께
상담사: 어 지금 뭐 핸드폰 번호라든지 이런 부분 여쭤봤었나요?
고객: 네 예예예예 맞아요 뒷자리 사무사와 헤서
상담사: 아 그러셨어요?
상담사: 왜 그러셨 아 제가 갑자기 아 잠
고객: 네
상담사: 잠시 기억이
상담사: 음
고객: 아 그런 건 다 했어요.
상담사: 네네네.
상담사: 아우
상담사: 제가 깜짝 놀랐어요.
상담사: 정보 확인 안 했나 그러고 네
고객: 어 아이 그래서
고객: 어 다 하셨어요 근데
상담사: 어 용종 용종제거 수술 하셨어요.
고객: 네.
고객: 네.
상담사: 음
상담사: 1종부터 3종까지 수술에 대한 보장 내용은 있으시거든요.
상담사: 근데 이제 고객님
고객: 네.
상담사: 어 같은
상담사: 저희 회사에 당사의 보험이 여러 개의 보험이 있는데 용종도 이게
고객: 네.
상담사: 어 모든 용종이 다 해당이 되는 부분 보험마다 다 용종에 대한 부분도 좀 범위가 달라요 그래서
고객: 네.
상담사: 고객님께서 이제 예.
상담사: 예 가입하신 보험에 대해서 용종 제거 수술에 대한 보장이 되는지 여부는 보험금 청구 부서에서 정확하게 알아보시면 좋으실 것 같아요 그래서
고객: 네
상담사: 어 이렇게
고객: 네.
상담사: 저희가 이제 모든 상담원이 통화 중인 관계로 고객님 연락처를 저희가 해당 부서에 전달을 해드리면 그 부서에서 고객님께 다시 연락을 드리는 부분이거든요.
고객: 네.
고객: 네.
고객: 네 네.
상담사: 오늘은 상담 예약이 좀 밀려 있는 관계로
고객: 네.
상담사: 이제 오늘은 좀 어려우실 것 같구요 내일 이후로 고객님께서
고객: 네.
상담사: 궁금하신 부분 문의 문의하실 내용 적어주셨다가
상담사: 전화
고객: 네.
상담사: 전화하실 전화가 만약에 오면은 다 물어 이제 다 문의해보세요.1588 9898 해서 연락 가면은 전화 받아주시구요.저희 전화 통화가 이렇게 길지 않아요.
고객: 네.
고객: 네.
상담사: 전화 그
상담사: 그 벨이 길지 않으니까 바로 올리면 바로 받아주셔야 됩니다.
고객: 아우 네 네 네.
상담사: 네 그때
상담사: 고객님 연락처 제가 등록해 드릴게요.
고객: 아 네. 일단 그러시면 저희가 정확한 안내를 위해서 실례지만 학생 회원님 아이디 말씀 부탁드리겠습니다.
고객: 네 네 알겠습니다.
상담사: 네 감사합니다 네
고객: 네.","고객은 조옥진(1965년 9월 4일생)이 계약자인 프라임 평생설계 계약을 보유하고 있으며, 9월까지 보험료 납입이 완료되면 완납 상태가 된다. 고객은 3년 2개월 전에 대장 내시경을 통해 용종을 제거한 경험이 있으며, 해당 사항이 보장 범위에 포함되는지 문의함. 보험금 청구 부서에서 정확한 확인이 필요하며, 고객 연락처가 해당 부서에 전달되어 내일 이후에 연락이 올 예정임.","프라임평생설계보험 완납문의
이번 9월까지 납부하면 완납되며 이체일 20일임안내
용종제거술 보장문의/ 1~3종까지 수술에 대한 보장있음
용종제거술 보장여부는 보험금 청구부서로 메모전달
내일 전화오면 전화벨이 길지 않으니까 전화 울리면 바로 받으시라 안내","프라임평생설계보험
완납문의
9월까지
납부
완납
이체일
20일
용종제거술
보장문의
1~3종
보장
보험금청구부서
메모전달
내일
전화
전화벨짧음
전화받기
안내",가능,0.9,"완납 문의, 9월 납부/이체일 20일, 용종제거술 1~3종 보장, 보험금 청구부서 전달, 전화벨 안내 등 모든 내용이 STT에서 확인됨",가능,,hjlee,2026-03-09T10:44:38.201265,,,,,가능,,,,,오답,,"정보_누락, STT_내용_추가(정상)","정보_누락: 청크2(이체일 20일), 청크3(1~3종 보장있음 안내), 청크5(전화벨 짧으니 바로 받으라) 누락; STT_내용_추가(정상): 생년월일(1965.9.4)이 STT에서 추가됨",Y,,오답,,"{'label': '정보_누락', 'action': 'modify', 'error_detail': '청크1(완납문의), 청크2(이체일 20일), 청크3(1~3종 보장있음 안내), 청크5(전화벨 짧으니 바로 받으라) 누락', 'chunks': [1, 2, 3, 5]}, {'label': 'STT_내용_추가(정상)', 'action': 'modify', 'error_detail': '고객명, 생년월일(1965.9.4)이 STT에서 추가됨', 'chunks': [1]}",heeaekwon,2026-03-10T15:32:00.315941,,,,,,,,
154,"상담사: 반갑습니다 입니다.
고객: 네 안녕하세요 뭐 좀 여쭤보려고 하는데요.
상담사: 네 안녕하세요 고객님?
상담사: 어떤 내용 말씀이십니까?
고객: 네 네.
고객: 아 다름이 아니라 치아보험 관련된 건데요.
상담사: 그래요 정보 확인 먼저 진행하겠습니다 전화 주신 분은 계약자님 신선형 고객님 본인 맞으십니까?
고객: 네. 네.
고객: 네 맞습니다.
상담사: 생년월일 앞자리 6, ************
고객: 96년 7월 12일이요.
상담사: 전화번호 010 2058에 몇 번이십니까?
고객: 3835요?
상담사: 네 확인 감사드립니다 어 취업은 네 어떤 내용 말씀이십니까?
고객: 어
고객: 그 이제
고객: 예전에 은미 은미로 씌웠는데
상담사: 네 네.
고객: 이제 치아색이랑 똑같은 걸로 다시 할려고 하거든요.
고객: 그게
상담사: 그 사유가
상담사: 새롭게 충치나 잇몸질환의 원인이신 거예요?
고객: 네.
고객: 어 안쪽에 충치가 있어서요.
상담사: 아 그러셨어요.
상담사: 그렇다면
상담사: 지금 보험 가입하신 건 1년이 지났잖아요.
상담사: 1년이 지난 이후에 충치나 치주질환의 원인으로
상담사: 또 이제 최초로 충전 치료 진단 확정 하에 충전 치료를 하는 경우에 이제 청구는 가능은 하세요 고객님.
고객: 네 네 네.
상담사: 그러니까 재료별로 각각 이제 가입 금액이 정해져 있고요.
상담사: 금이나 도제 세라믹 같은 경우는 때우는 경우가 12, *******
상담사: 이제 아마감이 은으로 때우는 거 지금 10000원
고객: 네.
상담사: 금 도제 세라믹 아말감 이외에 다른 재료로 때우는 경우는 5만 원 가입되신 내용인데요.
상담사: 네 이 금액으로 청구가 될 거고 지금 치료를 받으신 건 아니고 받으실 예정이신 거예요?
고객: 네.
고객: 네 맞습니다.
상담사: 그럼 치료 받으시면 제가 필요한 서류하고
상담사: 보험금 접수 후 휴대폰으로 진행할 수 있기 때문에
상담사: 보험금 접수 바로 할 수 있도록 경로를 문자로 보내드릴 거예요.
상담사: 그리고 혹시라도 병원에서 보험사의 양식을 받아오라고 하시면
고객: 네.
상담사: 그 덴탈 진료 확인서라고 문자 내용에 있는데 이건 저희 홈페이지에서 출력을 하시거나
고객: 네 감사합니다.
상담사: 아니면 저희가 팩스나 메일 우편으로 보내드릴 수가 있으므로 필요하시면 전화 주셔서 요청 부탁드리겠습니다.
고객: 아
고객: 아 네 알겠습니다.
상담사: 그럼 문자 내용 꼼꼼히 잘 확인하시구요 모든 보험금은 다 서류가 들어가야 이제 심사 후에 지급 여부 결정이 될 겁니다.
고객: 예.
고객: 네 감사합니다.
상담사: 감사합니다. 치료 잘 받으세요. 고객님
고객: 예.
고객: 네 감사합니다.
상담사: 감사합니다.","고객은 계약자인 신선형(1996년 7월 12일생)으로, 치아보험 가입 후 1년이 경과한 이후 충치로 인한 치료를 예정하고 있으며, 기존에 은으로 치료한 내용을 금이나 도제 세라믹 등 다른 재료로 재치료할 예정이다. 보험금 청구는 치료 후 진단 확정 시점부터 가능하며, 금·도제 세라믹 재료 사용 시 12만 원, 은 재료 사용 시 1만 원, 기타 재료 사용 시 5만 원이 가입 금액으로 적용된다. 치료 후 보험금 접수를 위해 문자로 경로를 안내받으며, 필요 시 덴탈 진료 확인서를 홈페이지에서 출력하거나 팩스·메일·우편으로 요청할 수 있다.","충치가 있어 다시 충전치료예정으로 보장문의
보험 가입후 1년이 이후에 충치나 치주 질환의 원인으로, 최초로 충전치료 진단 확정하에 충전치료를 하는 경우에 청구가능
금 도제 세라믹은 12만원, 아말감 은은 1만원, 금 도제 세라믹 아말감 이외에 다른 재료는 5만원으로 재료별로 각각 가입 금액이 다름/ 
필요한 서류와 휴대폰으로 보험금접수 바로 할수있는 경로를 문자로 보내드림
덴탈진료확인서를 병원에 가져가셔야하며 홈페이지 출력, 팩스, 메일, 우편으로 발송가능함으로 필요하시면 전화 주셔서 요청하시라 안내
문자 내용 꼼꼼히 잘 확인하시고 모든 보험금은 서류가 들어간후 심사 후에 지금 여부 결정됨","충전치료 예정 
보장문의 
보험가입 1년후 
충치 치주 질환 원인 
최초 충전치료 진단 
청구가능 
금도제세라믹 12만원 
아말감 1만원 
기타재료 5만원 
재료별 가입금액 
필요한 서류 
휴대폰 보험금접수 
문자 경로 
덴탈진료확인서 
병원 제출 
홈페이지 출력 
팩스 발송 
메일 발송 
우편 발송 
전화 요청 
문자 내용 확인 
서류 심사 후 결정",판단불가,0.8,"대부분의 내용이 STT에서 확인되나, 아말감->아마감 STT 인식 오류 존재. REF 자체에도 '지금 여부'(지급의 오기) 등 오류 있음",가능,전사 오류가 있으나 맥락 파악이 가능,E147381,2026-03-06T13:14:08.939393,,,,,가능,,,,,정답,,"정보_누락, STT_내용_추가(정상)","정보_누락: 서류 제출 후 심사 후 지급 여부 결정 안내 누락; STT_내용_추가(정상): 계약자 이름, 생년월일 추가",Y,,오답,,"{'label': '정보_누락', 'action': 'modify', 'error_detail': '2) 치주, 최초 충전치료\n6) 필요한 서류\n7) 병원\n8) 전체 청크 내용', 'chunks': [2, 6, 7, 8]}, {'label': 'STT_내용_추가(정상)', 'action': 'keep'}",heeaekwon,2026-03-10T17:46:04.963391,,,,,,,,
157,"상담사: 반갑습니다. 박근하입니다.
고객: 아 네 약관 대출 받을 수 있는 금액이 얼만지
고객: 확인하고 좀 받을려고 하는데요.
상담사: 네.
상담사: 어 제가 정보 확인하고 안내 도와드리겠습니다 전화 주신 분은 민영인 계약자 본인 맞으십니까?
고객: 네네.
고객: 네네
상담사: 네 생년월일이 어떻게 되세요?
상담사: 생년월일이 어떻게 되세요?
고객: 70 하면 5월 8일이요?
상담사: 네.
상담사: 핸드폰 번호는 010 2200 뒤에 4자리 어떻게 되세요?
고객: 필증서하고요.
상담사: 네 확인 감사합니다.
상담사: 고객님 오늘 제가 어
상담사: 어 조회를 해봤는데요.
고객: 네.
상담사: 유지하신
상담사: 보험 중에 증권번호 21340278 프라임 평생 설계
상담사: 보험에서요?
고객: 네네.
상담사: 이율은 5.5프로
상담사: 99만 원 대출 가능하거든요.
고객: 네 그럼 99만 원 해주세요.
상담사: 네 이자가 어제까지 이자가 8459, ***************************
고객: 네 네.
고객: 네네.
상담사: 예?
고객: 네.
상담사: 예.
상담사: 잠시만 기다려 주세요.
고객: 네.
상담사: 고객님 인증이 필요해서요. 고객님 쓰고 계시는 통신사가 어떻게 되세요?
고객: 네.
고객: LG 유플러스요?
상담사: 네.
고객: 아 네 알겠습니다.
상담사: 휴대폰 본인 확인 서비스 이용과 관련하여 고객님의 정보를 수집 이용 취급 위탁하고 고유 식별 정보를 처리하는 것에 동의하십니까?
고객: 네.
상담사: 인증번호 6자리 부탁드립니다.
상담사: 불러주세요.
고객: 잠깐만요.
상담사: 네.
고객: 어디로 보냈어요 인증번호가요 아직 안 왔는데?
상담사: 뭐
상담사: 어 고객님 핸드폰 번호로 보내드렸는데요.
고객: 문자로 왔어요?
상담사: 어 문자로 보통 가는데 혹시 LG 맞으시죠?
고객: 네 네 일지 맞아요.
상담사: 다시 한번 보내드릴까요?
고객: 네 네 안 왔어요.
상담사: 네.
상담사: 네.
상담사: 아니면 고객님 스팸 등록돼 있을 수도 있어요.
상담사: 그래서 안 올 수도 있어요.
고객: 아 스팸 등록은 왜 했지?
상담사: 아.
고객: 안 왔을 텐데
상담사: 뭔가
상담사: 그런 경우에
고객: 받은 거는
고객: 할까요?
상담사: 지금
상담사: 아직도 안 갔어요?
고객: 예.
상담사: 아 그러면 신분증 있으세요?
고객: 네 있어요 운전면허증 있어요.
상담사: 아 운전면허증 있으시면
고객: 네.
상담사: 면허 번호 불러 주세요.
고객: 아 그거 그
고객: 그 자동차 면허번호요?
상담사: 예 뭐 11 다시 이렇게 시작하는 거요.
고객: 네. 13 다시
상담사: 네
고객: 00 다시
상담사: 네.
고객: 062
상담사: 공
상담사: 06이요?
고객: 062
상담사: 네.
고객: 네 062151
상담사: 네.
고객: 다시 00이요.
상담사: 네.
상담사: 인증됐어요.
상담사: 네
고객: 아 네.
상담사: 99만 원 전액 대출 신청해 드리면 될까요?
고객: 네 네.
상담사: 네에
상담사: 증권번호 21340278에서 99만 원 전액 대출 신청하겠습니다.
상담사: 접수 취소는 가능하지 않습니다.
고객: 네.
고객: 네.
상담사: 좋은 헤어만 하시면
상담사: 실례지만 고객님 국적과 실제 거주하시는 곳은 동일하게 한국이시죠?
고객: 네 네
상담사: 다른 날에 세금 납부 하시는 것 있으십니까?
고객: 아니요 없습니다.
상담사: 네.
상담사: 총 공개자는
상담사: 예 안녕하세요?
상담사: 9 1 1 9로 끝나는 국민은행 계좌로 네.
고객: 네네.
고객: 맞아요.
고객: 네 맞아요.
상담사: 네
상담사: 대출 이자는 국민은행
상담사: 동일한 계좌 맞으실까요?
고객: 네네.
상담사: 25일에 이체되고 있습니다 이 계좌로 등록해 드리겠습니다.
고객: 네네.
상담사: 받은 뒤에
상담사: 아니요.
상담사: 알겠습니다.
상담사: 이제 한 7000명
상담사: 네.
고객: 다 됐나요?
상담사: 아 고객님 제가 아 잠시만 기다려주세요 시간이 조금 걸리거든요.
고객: 네.
고객: 네.
상담사: 제가 출금동의 에이알에스 연결해드릴 텐데요 계좌 확인하시고
상담사: 1번 눌러주시기 바랍니다.
고객: 네.
상담사: 김기녕
상담사: 고객님께서는 AI의 생명으로 요청하신 업무 처리를 위하여
상담사: 긴린양
상담사: 니누이
상담사: 국민은행
상담사: 은행 계좌 예
상담사: 유 우
상담사: 구 사
상담사: 영
상담사: 2 0
상담사: 10
상담사: 구
상담사: 구
상담사: 예.
상담사: 예
상담사: 구 로부터 이체 출금을 신청하셨습니다.
상담사: 동의하시면 1번 취소하시거나 상담사 연결은 1번을 누르고 동의하여 주셨습니다.
상담사: 고객님 확인 감사합니다 저희가 어
고객: 네.
상담사: 대출 낼정서 에이알에스 연결해 드릴 거예요 네 안내 끝나면 저하고 다시 연결되구요 끝까지 들어주시고 어
고객: 네.
고객: 네 네.
고객: 네.
상담사: 기다려 주세요 저희 이게 중간에 끝내 버리시면 제가 다시 트리머 돌려야 돼요.
상담사: 네.
고객: 네 알겠습니다.
상담사: 네.
상담사: 보험계약 대출은
상담사: 보험계약의 해지환급금 법인회에서
상담사: 회사가 정한 방법으로
상담사: 금전을 채용하는 것으로
상담사: 대출 약정 기간은
상담사: 해당 보험 계약의 보험기관으로
상담사: 보험 기간 내에 언제라도 상환할 수 있습니다.
상담사: 대출 이자율은
상담사: 세차가 정한다에 따르고
상담사: 이자율이 변경되는 경우
상담사: 변경일 이후부터는
상담사: 변경된 이자율을 적용합니다.
상담사: 이자는 은행 자동납부를 원칙으로 하고
상담사: 일 단위로 계산하여
상담사: 매월 대출한 날짜를 기준으로 정해진 입체일에 납입하며
상담사: 계약자가 요청할 경우
상담사: 이자 납입일 이전에도 납부 가능합니다.
상담사: 납입일을 지나서 납부하는 경우 대출 이율을 월복리로 분리해 미납된 이자에 부과합니다.
상담사: 계약자가 약정한 시기에 대출 원금 또는 이자를 납입하지 않거나
상담사: 이 계약에 해지환급금 등이
상담사: 가압류나 압류 등의 사유가 발생한 경우
상담사: 즉시 기한의 이익을 상실하며
상담사: 보험계약 대출원리금을 변제하기 위해 회사는 임의로 보험계약을 해지하여 해조 환급금으로
상담사: 보험계약 대출원리금을 차감할 수 있습니다.
상담사: 보험약관에 의거하여 보험금 또는 환급금의 지급 사유가 발생하면
상담사: 별수의 통제 없이 회사가 지급할 금액에서
상담사: 보험계약 대출원리금을 우선 회수 후 지급할 수 있으며
상담사: 충당 순서는 이자 원금의 순서에 따릅니다.
상담사: 주소가 변경된 경우에는
상담사: 회사에 즉시 알려주셔야 하며
상담사: 만약 주소 변경 사실을 알리지 않아 발생되는 문제는
상담사: 회사가 책임을 지지 않습니다.
상담사: 고객님께서는 보험계약 대출약정서 내용에 대해 설명을 받으셨고 약정서의 내용과 같이 약정됨에 동의하십니까?
고객: 네.
상담사: 보험계약 대출의 체결 및 이행을 위해 고객님의 고유식별정보 보험계약 대출정보 등을 수집 이용하고 제삼자인 신용정보 집중기관 등에 제공하며 금융거래 안심차단 신청정보 등을 조회하여 거래 종료 후 최대 5년까지 보유 이용하는 것에 동의하십니까?
고객: 네.
상담사: 접수가 완료되어 2시간 이내에 지급될 예정입니다 대출 이자는 매월 25일에 국민은행에서 자동 이체되겠습니다.
고객: 네 알겠습니다 됐나요 인제?
상담사: 네 감사합니다.
고객: 네.","민영인 고객이 계약자로서 증권번호 2134****의 프라임 평생 설계 보험에서 99만 원 대출 신청을 하였으며, 이자율은 5.5%로, 대출 이자는 매월 25일에 국민은행 계좌(9119로 끝나는 계좌)로 자동 이체된다. 대출 신청은 2시간 이내에 지급 예정이며, 접수 취소는 불가능하다.","약관대출가능금액 전체신청
증권번호 21340278 프라임 평생설계보험 이율은 5.5% 99만원 대출가능
어제까지 이자 공제후 2시간이내 지급되며 
대출이자는 국민은행에서 매월 25일 자동이체됨
접수후 취소가능하지않음","약관대출가능금액
전체신청
증권번호
21340278
프라임 평생설계보험
이율
5.5%
대출가능
99만원
이자공제
2시간이내지급
대출이자
국민은행자동이체
매월25일
취소불가",가능,0.95,"약관대출 관련 모든 정보(증권번호, 상품명, 이율, 금액, 이자공제, 지급시간, 자동이체, 취소불가)가 STT에서 정확히 확인됨",가능,,E147381,2026-03-05T17:35:13.550789,,,,,가능,,,,,정답,,"정보_누락, STT_내용_추가(정상)","정보_누락: 이자 공제 후 2시간 내 지급, 접수 후 취소 불가 안내 누락; STT_내용_추가(정상): 고객 이름 추가",Y,,오답,,"{'label': '정보_누락', 'action': 'modify', 'error_detail': '이자 공제 후 2시간 내 지급', 'chunks': [3]}, {'label': 'STT_내용_추가(정상)', 'action': 'modify', 'error_detail': '고객 이름 추가', 'chunks': []}",heeaekwon,2026-03-10T17:50:01.431355,,,,,,,,
159,"상담사: 반갑습니다.
고객: 여보세요?
고객: 예 폐전 며칠을 하면서
상담사: 네 안녕하세요?
상담사: 네.
고객: 그 정량 절제 수술을 했는데요.
고객: 용종
상담사: 종양 종 예 용종이요 네.
고객: 영양 네.
고객: 예.
고객: 이게 보험
고객: 청구가 되는지 확인하려고 전화했거든요.
상담사: 네.
상담사: 제가
고객: 그 확인 좀 부탁해요.
상담사: 네 정보 확인 후 안내 도와드리겠습니다 전화 주신 분은 이 전봉인 계약자 본인 맞으십니까?
고객: 아 네. 일단 그러시면 저희가 정확한 안내를 위해서 실례지만 학생 회원님 아이디 말씀 부탁드리겠습니다.
고객: 예.
상담사: 생년월일이 어떻게 되세요?
고객: 060 720
상담사: 핸드폰 번호는 010 2546 뒤에 4자리 어떻게 되세요?
고객: 0713
상담사: 네 확인 감사합니다 고객님
상담사: 고객님께서는 이제 수술
상담사: 그 1종부터 3종까지 수술비는 있으시거든요.
상담사: 이제 예 저희가 보험금 청구 부서는 별도로 있어요.
고객: 예.
상담사: 곧 고객님께서 이제
고객: 예.
상담사: 어 용종 제거 수술한 부분에 대해서 내가 보장이 되는지 여부는 청구 부서에서 고객님께서 이제 문의 한번 해보시구요.
고객: 예.
상담사: 보장이 돼 청구가 돼 가능하면 청구하시면 되는 부분이거든요 그런데 저희 해당 부서의 모든 상담사가 통화 중인 관계로 고객님 연락처를 저희가 해당 부서에 전달을 해드릴게요 부서에서 다시 고객님께 연락을 드리는 부분이에요 다만 저희가 전화 상담 예약 건이 많아서 순차적으로 연락드리고 있어서 오늘은 조금 어려우시고요 내일 이후로
고객: 예.
고객: 예.
고객: 예.
고객: 예.
고객: 네.
고객: 네
상담사: 연락이 가면 고객님께서 전화
고객: 네 감사합니다.
상담사: 상담해 보시고 청구하시면 될 거예요.
고객: 예 알겠습니다.
상담사: 네 네 감사합니다.
고객: 예.","고객 이전봉인은 2006년 7월 20일생으로, 계약자 본인임을 확인하였으며, 용종 제거 수술을 받았고, 해당 수술비가 보험 가입 내역상 보장되는지 확인을 위해 전화를 걸었다. 고객은 수술비 청구 여부를 보장부서에서 확인해보는 것이 필요하며, 해당 부서에서 연락을 드릴 예정이나, 상담 예약 건이 많아 내일 이후에 순차적으로 연락이 갈 예정이다.","용종절제술 보장문의/ 수술 1~3종 수술비 가입되어있음
용종제거수술 보장여부는 보험금 청구부서에 문의하고 청구가능하면 청구하면됨
해당부서 메모전달/ 내일 이후로 연락이 가면 전화 상담해보시고 청구하시라 안내 ","용종절제술보장
수술비1~3종
가입
용종제거수술보장여부
보험금청구부서문의
청구가능
청구
메모전달
내일이후연락
전화상담
청구안내",가능,0.9,"모든 청크가 STT에서 명확하게 확인됨. 용종절제술 보장문의, 수술비 가입, 청구부서 안내, 메모전달, 내일 이후 연락 안내 모두 STT 내용과 일치.",가능,,E147381,2026-03-05T17:37:20.450560,,,,,가능,,,,,오답,,"정보_누락, STT_내용_추가(정상)","정보_누락: 수술 1~3종 수술비 가입 사실 누락; STT_내용_추가(정상): 고객 이름, 생년월일 추가",Y,,오답,,"{'label': '정보_누락', 'action': 'modify', 'error_detail': '2) 수술 1~3종 수술비 가입 사실\n3) 전체 정답지 청크내용\n5) 전화상담하고 청구하라는 안내\n', 'chunks': [2, 3, 5]}, {'label': 'STT_내용_추가(정상)', 'action': 'keep'}, {'label': '해석_오류', 'action': 'add', 'error_detail': ""'보장부서'가 아닌, '청구부서'에 문의해야 됨"", 'chunks': [3]}",heeaekwon,2026-03-10T17:55:27.011432,,,,,,,,
160,"고객: 잠시만요.
상담사: 반갑습니다. 박근하입니다.
고객: 네 수고하십니다.
상담사: 네
고객: 네 요번에 그
고객: 보험 신청해가지고 보험 지급 급이 나왔는데 좀 궁금한 게 있어서 전화드렸습니다.
상담사: 네
상담사: 네
고객: 어 그
고객: 전립선 암이
고객: 혹시 그
고객: 뭐로 되어 있나요?
고객: 일반 암이에요?
상담사: 어
상담사: 고객님
고객: 네
고객: 여보세요?
상담사: 예 예 고객님 어 지금
상담사: 제가 보조
상담사: 어 정보 확인하고 안내 도와드리겠습니다 전화 주신 분은 이 종수님 계약자 분이 맞으십니까?
고객: 네.
고객: 네.
상담사: 네 생년월일은
상담사: 어떻게 되세요?
고객: 어린이집
고객: 560 120
상담사: 네 핸드폰 번호는 010 662요 뒤 4자리 어떻게 되세요?
고객: 저기 잠깐 보키니
고객: 3830
상담사: 네.
상담사: 지금 납입 면제된 보험 말씀하시죠?
고객: 네.
상담사: 예.
상담사: 남 그
고객: 아니
상담사: 신현식 님이 피보험자인 껀이요.
고객: 네 네.
상담사: 예 예.
상담사: 어 유방암 그까 전립선 암에 대한 진단금은
상담사: 이제
상담사: 아
상담사: 100만 원이시거든요 지
상담사: 지금 100만원이라고 나와 있
상담사: 있는 보험이에요.
고객: 원래요?
고객: 아니요 500으로 돼 있었는데 왜 그러냐고
상담사: 네?
상담사: 아 그건 고객님 일반 암에 대한 진단 급여금이에요.
고객: 500원
상담사: 여기는
고객: 그러면 이거는 일반화는 아니고 뭘로 빠져있나요?
상담사: 요게 나뉘 나뉘어 있어요.
고객: 아 네. 확인해 주셔서 감사합니다.
상담사: 이거는
고객: 네.
상담사: 유방암 여성의 경우는 유방암 남성의 경우는 전립선암에서 1000000원 지급 1000000원으로 지급된다고 나와 있어요.
고객: 그면 소외감으로 빠졌네요.
고객: 아 근데 왜 우리 증권에는 500으로 나와 있을까요 일반 암이었을 때
상담사: 예.
상담사: 네.
상담사: 어
고객: 그런데 딱 그것만 나와있어서 500이 나올 줄 알았는데
상담사: 예. 네.
고객: 100만 원만 나오니까 이게
상담사: 예.예.
고객: 원래 비뇨기가 그쪽으로는 우리가 전립선암이 옛날부터 일반암이었잖아요.
상담사: 왜 보험마다 조금 보장 내용이 다 달라요.
고객: 그래서
고객: 아 그래요?
상담사: 그래서 예 막 이제 우리 TV에서 고예감
상담사: 이런 부분은
상담사: 다 이렇게 보장이
고객: 음
상담사: 다 되는 것 같지만 또 이게 또 보험마다 조금씩 다 달라서
고객: 네.
고객: 나쁜 개인데.
고객: 아 네.
상담사: 고액 하면 딱 생각하고 보상 되겠지 하고
상담사: 신청하시면은 좀 안 되는 부분도 있으니까 자기 보험 약관하고 예 약관도 잘 보셔야 돼요.
고객: 네.
고객: 아
고객: 그러면
고객: 네 네.
상담사: 네.
고객: 네 그러면 한 가지 더 물어볼게요.
상담사: 네.네.
고객: 그러면 이게 우리가 일반 암이었을 때 나이 면제잖아요.
상담사: 네.
고객: 근데 이게 그러면 소외감으로 떨어져서 저기
고객: 혹시 나이 면제가 되는가요 안 되는가요?
상담사: 고객님 월 지금 이 보험은 이미 납입 면제 상태예요.
고객: 아 그러면 더 이상 그 보험 안 넣고
고객: 어 보장만 볼 수 있겠네요.
상담사: 이제 납입 면제가
상담사: 그 되셨거든요.
고객: 아
상담사: 예.
고객: 아 일반 저기
고객: 저기요도 소외감이어도 저기 우리 나이 면제가 됐다는 얘기죠.
고객: 앞으로 돈 나이 면제라 돈 안 내고
고객: 포장을 볼 수 있겠네요 표적 항암 같은 거는?
상담사: 어
상담사: 잠시만요 이게 근데.
상담사: 보장의
상담사: 음
고객: 음
고객: 캐드가 3000, ******
상담사: 아 표적 항암도 있으시긴 하네요?
고객: 네 네 네.
상담사: 예.
고객: 그러니까 우리가 이게 저기 나이 면제가 보험료를 안 내고
상담사: 예.
고객: 우리가 포장만 보면 되잖아요 표적 항암 이런 것들을
상담사: 이 이 납입 면제는 되어 있는 상태예요.
고객: 네 네.
고객: 네네 알겠습니다.
상담사: 네.
상담사: 네.
고객: 네 네.
고객: 너 얘기할 필요 없어.
고객: 아니 낮에는
고객: 네. 회원님. 우선은 지금 수강하신 이력이 좀 있으시기 때문에 저희가 전액 환불 도와드리고 있는데 어 지금 수강하신 이력이 좀 있으셔서 저희가 전액 환불 도와드리고 있는데요.
고객: 나중에","고객은 종수님의 계약자로서, 전립선 암 진단에 따른 보험 지급 금액이 100만 원으로 안내받았으며, 이는 일반 암 진단금 500만 원이 아닌 전립선암 전용 보장임을 확인함. 전립선 암은 일반 암이 아닌 별도 보장 항목으로, 100만 원 지급. 현재 보험은 납입 면제 상태이며, 나이 면제도 적용되어 보험료 납부 없이 보장 내용을 유지 가능함. 표적 항암 치료도 보장됨.","전립선암의 지급항목과 납입면제 해당 문의
피보험자 신현식님의 전립선암에 대한 진단금 100만원으로 가입되어 지급됨/ 일반암은 500만원임/ 보험마다 달라서 약관을 확인하셔야됨
표적항암 가입되어있으며 현재 납입면제 상태임/ ","전립선암의 지급항목
납입면제 해당여부
피보험자(신현식)
전립선암 진단금 100만원
일반암 진단금 500만원
보험마다 다름
약관 확인
표적항암 가입
납입면제 상태",가능,0.9,"모든 청크가 STT에서 명확하게 확인됨. 전립선암 진단금 100만원, 일반암 500만원, 보험별 약관 차이, 표적항암 가입, 납입면제 상태 모두 STT와 일치.",가능,,E147381,2026-03-05T17:37:59.772273,,,,,가능,,,,,정답,,"정보_누락, STT_내용_추가(정상)","정보_누락: 보험마다 약관 확인 필요, 표적항암 가입 및 납입면제 상태 안내 누락; STT_내용_추가(정상): 계약자 이름 추가",Y,,오답,,"{'label': '정보_누락', 'action': 'modify', 'error_detail': '1) 정답지 청크 전체 누락\n2) 피보험자 신현식\n4) 보험마다 약관 확인 필요', 'chunks': [1, 2, 4]}, {'label': 'STT_내용_추가(정상)', 'action': 'modify', 'error_detail': '계약자 이름, 나이면제 등', 'chunks': []}",heeaekwon,2026-03-10T18:04:27.204406,,,,,,,,
161,"상담사: 반갑습니다. 박근화입니다.
고객: 아 저기
고객: 약관 대출 좀 받을려구요.
상담사: 네.
상담사: 음
고객: 얼마 가능한가요?
상담사: 어 고객님.
고객: 네.
상담사: 그
상담사: 혹시
고객: 예.
상담사: 저희 쪽에 유지하고 계시는 보험이 없으신데
상담사: 전화를 다른 곳으로 하셔야 되는데
상담사: 잘못하신 부 건지 한번 확인하셔야 될 것 같은데요.
고객: 아니 왜 없어요?
고객: 보험 있는데
상담사: 어 음
상담사: 고객님.
상담사: 고객님 보험은 다 해약 상태시거든요.
고객: 네.
고객: 언제 해약을 했어요?
상담사: 음
상담사: 생각이 다 되어 있는 상태여서
고객: 예?
상담사: 해악이 되어있는 상태시거든요.
고객: 언제 해약을 했냐고요.
상담사: 에이아이에이로 전화하신 거 맞으세요?
고객: 그럼
고객: 네.
상담사: 아
상담사: 그러면 고객님 제가 정보 확인하고 안내 도와드릴게요.
상담사: 전화 주신 분은 성영자님 계약자분이 맞으십니까?
고객: 예.
고객: 네.
상담사: 생년월일은 어떻게 되세요?
고객: 60년 3월 17일이요.
상담사: 네 핸드폰 번호는 010 4824 뒤 4자리 어떻게 되세요?
고객: 6667이요.
상담사: 네 확인 감사합니다.
상담사: 고객님.
상담사: 고객님이 지금 어
고객: 네
상담사: 2000
상담사: 저희 쪽에 보험을 납부하신 거는
상담사: 어
고객: 네.
상담사: 2019년
상담사: 9월까지 납부하신 게 제일 제일 그까 최근이
상담사: 2019년 9월이에요.
고객: 예.
상담사: 보험을 납부하신 게 그리고 다 해지가 된 상태구요.
고객: 얼마 넣고 해지를 했어요?
상담사: 음 그냥 제일 이제.
상담사: 이제
상담사: 최근에 해지하신 게 2019년도 건데
고객: 네.
상담사: 어
상담사: 한 2번 납입하시고 해지하셨거든요?
상담사: 2019년도에 그래서 보험이 없
고객: 어 네.
고객: 아 네
상담사: 보험을 많이 사용하는 그런","고객은 성영자(1960년 3월 17일생)로, 계약자이며, 2019년 9월까지 보험을 납부한 상태였으나, 이후 보험은 해지된 상태이며, 해지 시점은 2019년도로 확인됨.","약관대출문의
2019년도 2번 납부하고 해제한 보험밖에 없어서 유지건 없다고하니 종료","약관대출문의
2019년도
2번 납부
해제한 보험
유지건 없음
종료",가능,0.9,약관대출 문의와 2019년도 2번 납부 후 해지 사실 모두 STT에서 명확히 확인됨. 유지 보험 없어 종료된 상담.,가능,,E147381,2026-03-05T17:38:24.162444,,,,,가능,,,,,오답,,"정보_누락, STT_내용_추가(정상)","정보_누락: 약관대출 문의 목적 누락; STT_내용_추가(정상): 고객 이름, 생년월일 추가",Y,,오답,,"{'label': '정보_누락', 'action': 'modify', 'error_detail': '1) 약관대출 문의 목적 누락\n2) 2번 납부', 'chunks': [1, 2]}, {'label': 'STT_내용_추가(정상)', 'action': 'keep'}",heeaekwon,2026-03-10T18:07:13.778009,,,,,,,,
165,"상담사: 반갑습니다 박근화입니다.
고객: 네 저기
고객: 어
고객: 가족관계 증명서
상담사: 네.
고객: 네 그거 테스트도 넣어달라 그래서 넣었거든요.
상담사: 음 고객님 저희가 정보 조회가 되지가 않아서요 혹시 계약자
고객: 네.
상담사: 어
고객: 그걸 놓고 전화 달라고 해서 전화 드린 건데
상담사: 아 혹시
상담사: 고객님이 지금 주신 전화번호로는 저희가 정보 조회가 되지가 않아요.
상담사: 지학사가 고객님 맞으세요?
고객: 네 네
상담사: 아 그러면 제가 어 주민등록번호
상담사: ARS 연결해 드릴게요.
고객: 네.
고객: 목걸이까지 다 입력해요?
상담사: 네.
상담사: 이것이 낫지 않다가 나와요.
상담사: 응.
상담사: 네 한번 전화
상담사: 응 응
상담사: 네 수고하십시오.
상담사: 어떤이신지 알 수 있을까요?
상담사: 없어요 없습니다.
상담사: 국가유공자 기준일률 통합의 입시자 정책
상담사: 고객님
고객: 네네
상담사: 예 혹시 계약자가 맞으세요?
고객: 어 그럼 저희 아저씨껄로 돼 있나 계약자가 저로 돼 있는 줄 알았는데
상담사: 어 그러면은
상담사: 계약자 본인이
고객: 네.
고객: 어 저희 아저씨가요.
상담사: 예. 예.
고객: 저기 돌아가셔서
상담사: 네.
고객: 가족 관계 증명서가 필요하다 그래서 보내드렸거든요.
상담사: 아 그러면 계약자분이 어.
상담사: 어 저 뭐지 배우자 분이시거든요.
상담사: 그러면 다시 주민번호 좀 눌러주세요.
고객: 어
고객: 어머니.
상담사: 도와주세요.
상담사: 음 고객님 아
고객: 네 네.
상담사: 예.
상담사: 음
상담사: 그 이제 사망 진단서하고
고객: 네.
상담사: 아 가족관계 증명서를 보내셨다는 말씀이세요?
고객: 아니에요 가족관계 증명서
상담사: 네.
고객: 전체적으로 다 번호 나오게끔 해서 보내달라 그래서 보냈거든요.
상담사: 아 방금 보내셨어요?
고객: 먼저 제가
고객: 뒷 번호
고객: 네 네?
상담사: 아 오늘 오늘 방금 보내신 거예요?
고객: 아니 어저께 저녁때 보냈어요.
상담사: 아 그럼 저 확인해서 어 이제 저희가
고객: 예.
상담사: 업로드 시켜드리면 될까요.
고객: 네네.
상담사: 네.
상담사: 고객님.
상담사: 어
고객: 네 네
상담사: 지금 이제 어
상담사: 어 살 살
상담사: 사망에 대한 부분이어서
고객: 네.
상담사: 사망 진단서는 보내신 거죠?
상담사: 사망.
고객: 아니 가족관계 증명서 하나만 보내달라고 그러셔서 가족관계 증명서
상담사: 예.
고객: 그 사망한 거 그것까지 다 나오게끔 해서 보내라 그래서
상담사: 어
고객: 보냈거든요?
상담사: 사망 진단서는 안 보내셨어요?
고객: 네 네.
상담사: 어 산후 진단서 보내달라는 말씀은 없
상담사: 안 들으셨어요?
고객: 그런 얘기는 없었고 가족관계 증명서
고객: 사망 나온 거 해서 보내라 그래서 보냈는데
고객: 그 다시 뛰어갖고
상담사: 어
상담사: 어 사망 진단서는 없으세요?
고객: 어 예 안 떼왔어요.
상담사: 하반기에 내용이 확인이 되셔야지
고객: 아니 가족관계증명서에 다 돼있잖아요 사망으로.
상담사: 어
상담사: 어 그런데 사망을 하셨으면 이 보험을
고객: 예.
상담사: 이제 뭔가 해지를 하시던지 보험금이 만약에 이게
상담사: 지급이 필요하면 어떤 다른 청구가 필요하면 청구를 하셔야 되는 부분이잖아요 그런데 사망에 대한 부분이 확인이 되셔야 되거든요.
고객: 예.
고객: 네.
상담사: 사망을 하셨잖아요.
상담사: 근데 가족관계증명서 말 외에도
고객: 아니
고객: 먼저 그분하고 또 말씀이 틀리시네 먼저는 저기 가족 관계 증명서에
상담사: 가서
고객: 다 돼 있으니까 고거만 하나 띄어서 보내라 그래서 그랬는데
상담사: 아 그러셨어요?
고객: 네.
상담사: 네 저희는 사망 진단서하고
상담사: 예 가족 관계 증명서
상담사: 그 사망자 기준 가족관계 증명서가 들어와야 되거든요.
고객: 아우 그럼 처음부터 그렇게 얘기하셔야지 동사무소를 내가
상담사: 아 예.
상담사: 아 저는
상담사: 근데 정정해서 말씀드릴게요.
고객: 할 시간이 없는데
상담사: 고객님 저희가 정리
고객: 네?
상담사: 고객님 제가 정정해서 말씀드릴게요 사망 진단서 또는 신체 검사서 그리고 가족 관계 증명서가 계약자 기준 가족 관계 증명서가 저희 쪽으로 확인이 되어야지 이제 다른 부분
고객: 네.
상담사: 선거부서나 보험금 부서라던지 이제 어
상담사: 어
상담사: 다른
상담사: 이게 어떻게 처리가 돼야 될지 그게 정리가 되는 부분이거든요 그 두.
상담사: 두 서류가 들어와야 돼요.
고객: 그럼 일단 어저께 그거 보냈으니 가족 관계 증명서 보냈으니까
상담사: 네 그거는 제가 업로드 시켜 놓을게요.
고객: 삭
고객: 다시 사망 진단서 다시 떼어서 보내 드려야 되나요?
상담사: 네.
고객: 음
상담사: 음 어제 보내셨다는 말씀이시죠?
상담사: 어제 어제가 일요일이었거든요.
고객: 네 어저께 저녁 때 7시 쯤 보냈어요.
상담사: 예 그러면 저희가 확인해 보겠습니다.
고객: 네 네.
고객: 네.
상담사: 고객님 전화번호로 보내신 거예요?
고객: 네 네 네
상담사: 네 그럼 저희가 확인해볼게요.
고객: 예.
상담사: 그리고 나머지 사망 진단서
상담사: 어 고객님께서 발급받으시면 다시 연락 주세요.
고객: 그럼 그때는 사망 진단서만 해서 보내면 되는 건가요?
상담사: 네.
고객: 예.
상담사: 제가 확인해 보겠
고객: 네 알겠습니다.
상담사: 아 네.
상담사: 감사합니다.
고객: 네.","고객은 계약자로 등록된 자신과 피보험자인 아저씨(어머니)의 가족관계를 확인하기 위해 가족관계 증명서를 어저께 저녁 7시경 전화번호로 보냈다. 고객은 가족관계 증명서에 사망 내용이 포함되도록 요청받아 전체 번호가 포함된 서류를 보내졌으며, 사망 진단서는 발급하지 않았다. 상담사는 사망 진단서와 가족관계 증명서가 필요하다는 점을 안내하고, 고객이 보낸 가족관계 증명서는 업로드할 예정이며, 사망 진단서는 별도로 발급 후 재송부해야 한다고 설명했다.","배우자 사망으로 사망사실 확인되는 가족관계증명서 팩스발송했다고하심
보험 해지든 청구든 하시려면 사망진단서 필요함안내
전상담사는 사망사실 확인되니까 가족관계증명서만 보내라 했다고하심
어제 보내주신 서류 확인해서 업로드 해놓겠으니 사망진단서만 추가 발송후 연락주시라안내","배우자 사망
사망사실 확인되는 가족관계증명서 팩스발송
보험 해지
보험 청구
사망진단서 필요
전 상담사
가족관계증명서만 송부
서류 확인
업로드 예정
사망진단서 추가 발송
연락 요청",가능,0.9,"배우자 사망, 가족관계증명서 발송, 사망진단서 필요 안내, 전상담사 안내 불일치, 업로드 및 추가서류 요청 등 모든 내용이 STT에서 확인됨.",가능,,E147381,2026-03-05T17:49:13.680463,,,,,가능,,,,,정답,,정보_누락,"정보_누락: 사망진단서 필요 안내, 이전 상담사 안내 언급, 서류 업로드 후 사망진단서 추가 발송 요청 등 핵심 내용 다수 누락",Y,,오답,,"{'label': '정보_누락', 'action': 'modify', 'error_detail': '2) 보험해지, 청구\n3) 이전 상담사 안내 언급', 'chunks': [2, 3]}",heeaekwon,2026-03-10T18:25:43.425688,,,,,,,,
166,"상담사: 반갑습니다. 반갑습니다.
고객: 예 수고하십니다 그 저
고객: 이 저 그 2018년도인가 그때 내가
고객: 보험금은 찾았거든요.
상담사: 네.
고객: 몇 번이요?
고객: 그 당시 보험 서류
고객: 청구서류
상담사: 네.
고객: 그 그것 좀 팩스로 보내줄 수 있어요?
상담사: 보험금 청구서류요?
고객: 예 예.
고객: 청구했던 서류.
상담사: 음 고객님 저희가 이제 관 고객님께서 방금 문의하신 내용에로는 이제 보험금 청구부서에서
상담사: 네 고객님.
고객: 예.
상담사: 문의를 해보셔야 되는 부분이에요 저희가 그런데 해당 부서에서 모든 상담원이 통화 중인 관계로 고객님 연락처를 저희가
상담사: 해당 부서에 전달해 드릴 거예요.
고객: 예 예.
상담사: 네. 자녀분이시죠?
고객: 아이 제 본인인데요.
상담사: 네
상담사: 어
고객: 본인이요.
상담사: 아 최 만형님 본인이세요?
고객: 예.
고객: 예 예.
상담사: 음
상담사: 그러세요. 아 목소리가 굉장히 젊으셔가지고
고객: 아 나 본인이에요.
상담사: 아 그러세요?
고객: 제가 일단 이 휴대폰도 내보내주라는데
상담사: 그러세요?
상담사: 어 고객님 저희가 이제
고객: 네.
상담사: 음
상담사: 해당 부서에서 고객님께 다시 연락을 드릴 예정이에요. 그런데 지금은 전화 상담
고객: 예.
상담사: 예약 건이 많아요. 그래서 오늘은 조금 어려우실 거 같구요. 내일 이후로 고객님께 순차적으로 연락을 드릴 거예요.
상담사: 면 고객님한테
고객: 예.
상담사: 그 내가 다시 받고 싶은 서류
고객: 네.
상담사: 고객님께서
상담사: 해보시면 되시거든요.
상담사: 네.
고객: 네.
상담사: 158898
고객: 예 알겠습니다.
상담사: 전화 꼭 받아주세요.
고객: 예 예 예.
고객: 오늘 안된다는데
고객: 있다 그랬죠?","2018년에 보험금을 청구한 본인(최 만형)이 보험금 청구서류를 팩스로 보내줄 수 있는지 문의함. 해당 서류는 보험금 청구부서에서 처리되며, 현재 상담원이 전화 중이어서 고객 연락처를 해당 부서에 전달하고, 내일 이후 순차적으로 연락 예정임. 고객은 15**** 번으로 전화를 받을 예정임.","2018년도 보험금 청구했던 병원서류 팩스 발송요청
보험금 청구부서 메모전달
내일이후 순차적으로 연락을 드릴 예정임안내","2018년도
보험금청구
병원서류
팩스발송요청
보험금청구부서
메모전달
내일이후
순차적연락
예정안내",가능,0.95,"2018년도 보험금 청구서류 팩스 요청, 청구부서 메모전달, 내일이후 순차연락 예정 안내 모두 STT에서 명확히 확인됨.",가능,,E147381,2026-03-05T17:49:38.374807,,,,,가능,,,,,정답,,,,N,generated가 reference를 정확히 반영,과답,,"{'label': 'STT_내용_추가(정상)', 'action': 'add', 'error_detail': '고객 성함 ""최만형"",\n전화번호 ""15****""', 'chunks': []}",heeaekwon,2026-03-10T22:33:10.971790,,,,,,,,
168,"상담사: 반갑습니다 박근화입니다.
고객: 아 네 안녕하세요 저희 청웅이란 업체인데요.
고객: 저희 그 회사 에이아이에 회사보험 들고 있는 게 있는데
고객: 요거 해약 환급금 좀 확인할려구요.
상담사: 음
상담사: 고객님
고객: 네.
상담사: 예.
상담사: 그
상담사: 법인이셔서
상담사: 서류가 들어오셔야 되거든요.
고객: 네
고객: 네
상담사: 예.
상담사: 그러면
상담사: 그 고객님께서 버
상담사: 이제 법인 관련해서 사업자 등록증
고객: 네.
상담사: 예 고객님 오늘 이제
상담사: 재직 증명서 오늘 기준으로 발급 받으셔야 되고요.
고객: 네
상담사: 예 직원분이 문의 주시는 거죠?
고객: 네 네 네
상담사: 예예.
상담사: 그러면
상담사: 음
상담사: 고객님 신분증
고객: 네.
상담사: 네.
상담사: 그렇게 해서 보내주셔야 돼요.
고객: 아 그러면 해약 환급금 확인할 수 있는 거예요?
상담사: 네 서류를 저희가 발송을 해드리기 전에 고객님께 이제 어 법인 관련해서 사업자 등록증 고객님
상담사: 고객님
상담사: 어
상담사: 네 재직 증명원하고 신분증하고요.
고객: 네 요거 어디로 보내드리면 되나요?
상담사: 어 1600에
고객: 네.
상담사: 9393
고객: 9 3 9 3 이요.
상담사: 예 사진 찍으셔 가지고 보내주셔야 돼요.
고객: 아 예 알겠습니다.
상담사: 예.
상담사: 예.
상담사: 감사합니다.
고객: 네.
고객: 이거 보내드리면 바로 팩스로 보내주시나요? 그 조회해 가지고?
상담사: 어 전화를 주셔야 돼요. 그 발송을 하시고 발송을 언제 발송 언제 가능하세요?
고객: 지금 바로 해드려요.
고객: 수 있어요.
상담사: 아 아 그래요? 그럼 제가 한 5분에서 10분 뒤에 확인해 보고
고객: 네. 회원님 기다려주셔서 감사합니다.
고객: 네
상담사: 어
상담사: 1건 있으시거든요.
고객: 네 네 맞아요.
상담사: 네
상담사: 거기에 대해서 저희가 태양광 급이요.
고객: 네 네
상담사: 네.
상담사: 예정 예상 이하 관급금 말씀하시죠?
고객: 네 맞습니다.
상담사: 네
상담사: 어 제가 이거 한번 확인하고.
상담사: 문의 주신 번호로 연락드리면 될까요 아니면 고객님 핸드폰 번호 알려주시면 연락드려도 되구요.
고객: 네.
고객: 아 여 이 번호로 전화 주시면 됩니다.
상담사: 네 알겠습니다.
고객: 네 감사합니다.
상담사: 네","박근화 고객이 청웅 업체의 법인 계약자로, 회사보험의 해약 환급금 확인을 위해 사업자 등록증, 재직 증명서, 신분증을 사진으로 발송할 예정이며, 서류 발송 후 5~10분 내에 확인 후 전화 연락을 할 예정이다. 문의 내용은 태양광 급의 예상 환급금에 대한 확인이다.","법인계약건 해지환급금문의
해지환급금 확인되는 서류 보내드리기 전에 사업자등록증, 오늘기준 재직증명서, 직원신분증 1600-9393으로 사진찍어서 발송요청
바로 보내줄수있다고하셔서 5~10분뒤 확인후 전화주신 번호로 아웃예정","법인계약건
해지환급금
해지환급금 확인되는 서류
사업자등록증
오늘기준 재직증명서
직원신분증
1600-9393
사진촬영
발송요청
5~10분뒤
전화주신번호
아웃예정",가능,0.9,"법인계약 해지환급금 문의, 필요서류(사업자등록증/재직증명서/신분증), 발송번호(1600-9393), 사진촬영 발송, 바로 보내겠다는 고객 응답, 5~10분 후 확인 및 전화주신 번호로 아웃 예정 등 모든 내용이 STT에서 확인됨.",가능,,E147381,2026-03-05T17:56:40.102189,,,,,가능,,,,,오답,,"정보_누락, STT_내용_추가(정상)",정보_누락: 1600-9393으로 사진 발송 요청 누락; STT_내용_추가(정상): 업체명 추가,Y,,오답,,"{'label': '정보_누락', 'action': 'keep'}, {'label': 'STT_내용_추가(정상)', 'action': 'keep'}, {'label': '해석_오류', 'action': 'add', 'error_detail': '박근화는 고객이 아닌 상담사의 성함', 'chunks': [1]}, {'label': 'STT_내용_추가(오전사)', 'action': 'add', 'error_detail': '태양광 급', 'chunks': []}",heeaekwon,2026-03-10T18:32:49.013714,,,,,,,,
169,"상담사: 반갑습니다 박근하입니다.
고객: 예 그 우편으로
고객: 보험금 유통구 그게 날라와서
상담사: 네.
고객: 네 그게 뭔가 좀 알아보려고요.
상담사: 네 고객님 어 제가 주민 정보 조회가 되지 않아서요 주민등록번호 ARS 연결해드리겠습니다 눌러주시기 바랍니다.
고객: 예 예.
상담사: 이번주는 좀 상담 가능하게 해 드리도록 하겠습니다.
상담사: 연락 가능하세요?
상담사: 상담시간 한 4시35분에
상담사: 고객님 제가 정보 확인하고 안내 도와드리겠습니다 전화 주신 분은 정세용인 계약자 분이 맞으십니까?
고객: 예 예.
상담사: 생년월일은 어떻게 되세요?
고객: 66년 3월 9일
상담사: 네 핸드폰 번호는 0105224 뒤 4자리 어떻게 되세요?
고객: 미적고
상담사: 음
상담사: 고객님 전화번호가 변경되셨어요 아니면은 다른 분 전화번호예요?
고객: 예.
고객: 이거 이거 다른 핸드폰이에요.
상담사: 아
상담사: 그러세요.
고객: 예.
상담사: 그러면 저희가 전화번호가
상담사: 다르게 만약에
상담사: 인입을 하신 부분이어서
상담사: 고객님 저희 이 부분은 저희가 좀 확인이 필요해서요.
고객: 예 예.
상담사: 예 예 예
상담사: 고객님
고객: 예.
상담사: 예 저희가 이
상담사: 어 고객님 원래 전화번호로 연락을 드려도 될까요?
고객: 어떤 것 때문에 그러시죠?
상담사: 5224로 연락을 드려도 될까요.
고객: 어떤 것 때문에 그러시는데?
상담사: 어 저희가
상담사: 번호가 다르면
상담사: 어 저희가 이제 확인을 해야 되는데 먼저 고객님 전에 등록되어 있는 전화번호로 연락을 드려봐야 돼요.
고객: 예.
고객: 예.
상담사: 예 그래서 고객님이 그 전화번호로
고객: 예예 글로 거 전화 거세요 지금.
상담사: 예
상담사: 네.
상담사: 제가 확인 전 확인 전화드릴게요.
고객: 예.
고객: 예 예.","전화 주신 분은 계약자 정세용이며, 생년월일은 1966년 3월 9일입니다. 현재 연락처로 사용 중인 핸드폰 번호는 기존에 등록된 번호와 다릅니다. 계약자 본인 확인을 위해 기존에 등록된 전화번호로 확인 전화를 드릴 예정입니다.","보험금청구 우편으로 왔다고하심
본인확인도중 핸폰번호와 전화주신 번호가 달라서 등록된 핸폰으로 전화드리겠다 안내함","보험금청구
우편도착
본인확인
핸폰번호불일치
등록핸폰전화예정
안내",판단불가,0.7,보험금청구 우편 관련 내용은 STT에서 '유통구'로 인식되어 약간의 불확실성 존재. 본인확인 과정에서 전화번호 불일치 확인 및 등록된 번호로 전화드리겠다는 안내는 명확히 확인됨.,가능,1차 모델 검수내용과 동일,E147381,2026-03-05T18:01:10.182886,,,,,가능,,,,,오답,,"정보_누락, STT_내용_추가(정상)","정보_누락: 보험금 청구 우편 수령 후 문의라는 내용 누락; STT_내용_추가(정상): 계약자 이름, 생년월일 추가",Y,,오답,,"{'label': '정보_누락', 'action': 'keep'}, {'label': 'STT_내용_추가(정상)', 'action': 'keep'}",heeaekwon,2026-03-10T18:33:55.642327,,,,,,,,
172,"고객: 네 여보세요?
상담사: 에이아이 에이인데요 고객님이 어떤 번호로 보내셨어요?
고객: 네.
고객: 16009393요.
상담사: 예 그런데
상담사: 번호가 어떤 번호로 보내셨어요?
고객: 053 85377 35번 이요.
상담사: 아
고객: 근데 요거 지금 팩스 찾고 안 돌아간다고 오류나거든요?
상담사: 그래서 안 들어왔어요 그래서 고객님 핸드폰 번호로 보내시겠어요?
고객: 네네네.
상담사: 네 고객님 핸드폰 번호로 보내주시라고요.
고객: 아 제 핸드폰 번호로요?
상담사: 예 예 예 핸드폰 번호가 어떻게 되세요?
고객: 아
고객: 010
상담사: 네.
고객: 9241
상담사: 네.
고객: 3037요.
상담사: 네 그리고 해약 그 그 예상 해약 환급 내역서 받으실 어 그니까
상담사: 보낼
상담사: 팩스 번호나 메일 주소가 어떻게 돼요?
고객: 네 0 5 3
상담사: 네.
고객: 팩스 번호 알려드릴게요 853
상담사: 네.
고객: 7735번이요.
상담사: 네 이쪽으로 보내드리면 되는 거예요?
고객: 네 네 네 저거 보내주시면 돼요.
상담사: 일단 다시 1번 보내주세요 제가 이따 확인해 볼게요.
고객: 네.
고객: 네.
상담사: 네.","고객은 053-853-**** 번호로 팩스를 발송했으나, 수신 오류로 인해 전송되지 않았다고 설명하며, 핸드폰 번호 010-9241-****로 재전송 요청함. 또한 해약 예상 환급 내역서를 053-853-**** 번호로 발송해달라고 요청함.","발신 팩스번호 확인차 아웃/
팩스 잡고 안 돌아간다고 오류발생한다고하셔서 고객 핸폰 010-9241-**** 로 보내주시라 안내/ 
예상 해약환급금 내역서 팩스번호 053-853-**** 로 발송요청/ 서류도착확인후 발송해드림","발신팩스번호 확인
팩스오류 발생
고객핸폰 010-9241-****
예상해약환급금내역서
팩스번호 053-853-7735
발송요청
서류도착 확인
발송완료",가능,0.85,"발신 팩스번호 확인 아웃, 팩스 오류, 핸드폰 번호로 서류 발송 안내, 예상 해약환급금 내역서 팩스 발송요청, 서류 도착 확인 후 발송 안내 등 모든 내용이 STT에서 확인됨.",가능,,E147381,2026-03-05T18:04:28.414914,,,,,가능,,,,,오답,,정보_누락,"정보_누락: 아웃바운드 전화 배경, 서류 도착 확인 후 발송 안내 누락",Y,,오답,,"{'label': '정보_누락', 'action': 'keep'}, {'label': '해석_오류', 'action': 'add', 'error_detail': '팩스 재전송을 요청한 당사자는 고객이 아닌 상담사', 'chunks': [3, 4]}",heeaekwon,2026-03-10T18:39:43.019900,,,,,,,,
173,"상담사: 반갑습니다. 박근화입니다.
고객: 아 저 언제인데요?
상담사: 네 안녕하세요.
고객: 네 그 치아보험 때문에 문의드릴라 카는데
상담사: 네.
상담사: 정보 확인 후 안내 도와드리겠습니다. 전화 주신 분은 유홍재 님 계약자 본인 맞으십니까?
고객: 네.
고객: 네.
상담사: 생년월일이 어떻게 되세요?
고객: 590 413
상담사: 핸드폰 번호는 010 3508 뒤에 4자리 어떻게 되세요?
고객: 그게 교수고사
상담사: 네 확인 감사합니다.
상담사: 고객님 치아보험 어떤 부분에 대한 문의세요?
고객: 아 그 보철 그거 여는 거 있잖아요.
상담사: 네.
고객: 고것도 해당되죠?
상담사: 아 보철이요?
상담사: 음
상담사: 무슨 방이에요?
상담사: 가족 관계자
상담사: 네.
상담사: 네 이제 보철은 되시는 부분이죠.
고객: 아 됩니까?
상담사: 이제 크라운 치료.
고객: 네 가라앉히로요.
상담사: 예 예 예 예.
고객: 거기 얼마예요?
상담사: 음
상담사: 네.
상담사: 이거는
상담사: 사랑 실시
상담사: 헤어스 하시는
상담사: 다시 해보세요.
상담사: 일년 이후는
상담사: 아 이거는 이제 하나당 22만 원 지급되는 부분이에요?
고객: 22만 원이요 그것밖에 안 됩니까?
상담사: 네
상담사: 네.
상담사: 1개당.
고객: 아 여기는 50만원 카드인데요?
고객: 병원에서는 낼 돈이?
상담사: 어 크라운 크라운 치료 요기
상담사: 보장 내용에는 22만 원 지급되는 걸로 나와 있어요.
고객: 22만 원
상담사: 네.
고객: 그리고 왜 그리 저렴해요?
상담사: 네 안녕하세요.
상담사: 그렇게 보장 내용이 되어 있구요 이거는 연간 세계 한도라고 나와 있습니다.
고객: 그러면 저
고객: 시아를 거 저 발치하는데도예.
고객: 임플란트 이런 데도 연관 체계 아닙니까?
상담사: 임플란트요?
상담사: 임플란트 이제 연간 3개라고 나와 있고요.
고객: 네.
고객: 네.
상담사: 50만 원 나와 있는데요 고객님 만약에 이거 발치 먼저 하시면 안 되구요 해당이 되는지 안 되는지 확인을 하시고 발치를 하셔야 돼요.
고객: 그게 50만 원인데 1년에 뭐 100만 원인데
상담사: 있고 1개당
상담사: 연간 3개구요.
상담사: 1개당 50만 원이라고 나와 있습니다.
고객: 100만원이잖아요. 1개당 100만원씩 5만
고객: 몇백 원씩 넣었잖아요.
상담사: 고객님 임플란트
고객: 잘 읽어보세요.
상담사: 네 여기 임플란트
상담사: 개당
상담사: 어 연간 3개구요.
상담사: 50만 원으로 나와 있습니다.
고객: 네.
고객: 하나 하는 게 100만 원 1년 이하는 50만 원이고
상담사: 어
상담사: 임플란트는
상담사: 50만 원이고요 만약에 2년 미만일 때 25만 원으로 나와 있어요.
고객: 1년 미만은 50만 원 맞죠?
상담사: 2년 2년 미만
상담사: 2년 미만이 25만 원 2년 이후면 50만 원으로 나와 있습니다.
고객: 그리고 2년 이상은
고객: 네?
상담사: 고객님
상담사: 2년 이후면 50만 원으로 나와 있습니다 고객님 제가 해당 증권 lms로 보내드릴까요?
상담사: 1번 방
상담사: 받아보시겠어요?
고객: 나는 아니 그 저 약간의 녹음식이라는 게 있잖아요.
상담사: 제가 고객님이
상담사: 고객님
상담사: 이제 정보에 들어와서 제가 방금 확인해드리는 거 그대로 말씀드리는 거예요.
고객: 저는 1년 미만에는 50만이고 1년 이상은 100만으로 알고 있거든요.
상담사: 네.
상담사: 예.
상담사: 임플란트 저희 쪽에 보여지는 예 예.
고객: 그래서 금액이
고객: 금액이 오만 몇백 원이더라고요.
상담사: 음
상담사: 고객님.
상담사: 어 저희 쪽에 지금 보여지는 보장 내용에서 임플란트
상담사: 오 1년 이유가 50, ***************
고객: 2년 이하는
상담사: 2년 이하면
상담사: 25만 원이요.
고객: 그 따블로 들어가 있으니까요 알아보세요.
상담사: 아 아
상담사: 아 네.
상담사: 아 죄송합니다. 고객님.
고객: 뭐가 죄송한데
상담사: 아
상담사: 요기에 또
상담사: 아래에 고객님께서
상담사: 음
상담사: 아래쪽에 제가 더 확인을 해봤는데 요기에 임플란트 다시 50만 원으로 또 나와 있어요.
상담사: 50 50으로 돼있고
고객: 별만이 아니고요.
상담사: 50으로 나와 있어요.
고객: 50 50은 100만 원 맞잖아요.
상담사: 네 네 네.
고객: 그런데 왜 50이라 그래
고객: 2965요.
고객: 그러 그러고
상담사: 네
고객: 그 크라운 크라운 그거는 얼마에요 정확하게 한번 보세요.
상담사: 네.
상담사: 크라우은 22만 원으로 나와 있어요.
고객: 그러면 치아를
고객: 그럼 발치를 해야 되겠네. 그러면은 어차피 그런 것은 내 생전 그 600만원 700만원씩 내고 안주까지 한 번도 안 했는데
고객: 뭐하고 싶니
상담사: 고객님
상담사: 제가 보험금.
상담사: 이제 이북
상담사: 이 부분에 대해서 고객님께서 확실하게 문의하시고 치료하셨으면 좋겠거든요 보험금 청구 부서에서
상담사: 이 부분에 대해서 상세하게 보 이제 상담이 가능해요.
고객: 그 전화번호 몇 번인데요?
상담사: 직통 전화는 별도로 없구요.
상담사: 이제
상담사: 고객님
상담사: 연락처를 저희가
상담사: 보험금 청구 부서에 전달을 해드리면 그 청구 부서에서 고객님께 다시 연락을 드릴 거예요.
고객: 아 연락 좀 해 보라고요.
고객: 연락하도록 하세요.
상담사: 고객님 오늘 이유는 이제 오늘은 상담 예약이 많이 밀려 있는 상태여서
고객: 아니 그런데 그래 상담사 고객이 전화를 하는데
상담사: 네 네.
상담사: 예.
고객: 계속 50만 원이라고 카고 말이지
상담사: 아 고객님 죄송합니다.
상담사: 제가
고객: 아니 확인 잘하고 그래 이야기해요?
상담사: 예.
상담사: 네 고객님 제가 죄송합니다.
고객: 그 자리에 왜 앉아있어요?
고객: 이름 뭐예요?
상담사: 저는 박근하입니다.
고객: 맞거나
상담사: 네.
고객: 알았어요.
상담사: 네.
상담사: 고객님.
상담사: 아
상담사: 1588 9898해서 연락이 가면 전화 꼭 받아주시기 바랍니다.","고객 유홍재는 치아보험의 보철(크라운) 및 임플란트에 대한 보장 내용을 문의함.  
크라운 치료는 1개당 22만 원 지급되며, 임플란트는 연간 3개까지 1개당 50만 원 지급.  
임플란트 보장은 2년 미만 시 25만 원, 2년 이후 50만 원으로 나와 있음.  
고객은 1년 미만 시 50만 원, 1년 이상 시 100만 원으로 알고 있으나, 보험 내용은 1개당 50만 원으로 확인됨.  
보험금 청구 부서로 연락을 전달하여 상세 상담을 받을 예정이며, 연락처는 1588-****로 통화를 기다림.","치아보험 보철 보장문의
크라운치료 1년 이후 1개당 연간 3개 한도로 22만원,
임플란트 연간3개 2년미만 25만원, 2년이후 50만원 가입/ 
해당여부확인후 치아발치하시라 안내/ 
임플란트 1년미만은 50만원 1년이후 100만원으로 알고있다며 다시 확인하라하심
다시 확인해보니 50만원 추가로 더 가입되어있어 100만원으로 확인되어 죄송하다고 말씀드림
고객이 말을하면 제대로 확인도 안하고 말을 한다고 불만
보험금 청구부서 직통전화없고 전화드릴수있게 요청해드리겠다 안내함","치아보험 
보철보장문의 
크라운치료 
1년이후 
연간3개 
22만원 
임플란트 
연간3개 
2년미만 
25만원 
2년이후 
50만원 
가입여부확인 
치아발치안내 
임플란트1년미만 
50만원 
1년이후 
100만원 
추가가입 
100만원확인 
확인미흡 고객불만 
보험금청구부서 
직통전화없음 
전화요청안내",가능,0.9,"크라운 22만원, 임플란트 연간3개/2년미만25만/2년이후50만, 추가가입으로 100만원 확인, 발치 전 확인 안내, 고객 불만, 보험금 청구부서 안내 등 모든 내용이 STT에서 확인됨",가능,,E147381,2026-03-05T18:05:50.347978,,,,,가능,,,,,오답,,"정보_누락, STT_내용_추가(정상)","정보_누락: 2년 미만 25만원 조건 누락, 재확인 100만원 결과 누락, 고객 불만 내용 누락; STT_내용_추가(정상): 고객 이름 추가",Y,,오답,,"{'label': '정보_누락', 'action': 'modify', 'error_detail': '2) 1년 이후\n3) 재확인 100만원\n7) 고객 불만 내용\n\n누락', 'chunks': [2, 3, 6, 7]}, {'label': 'STT_내용_추가(정상)', 'action': 'modify', 'error_detail': '고객 이름, 연락 번호 추가', 'chunks': [8]}",heeaekwon,2026-03-10T18:46:42.973398,,,,,,,,
174,"상담사: 예.
상담사: 반갑습니다. 바꾼 하입니다.
고객: 아 네 제가 아까 그 해지 그 신청서를 부탁을 했는데 연락이 안 와서 전화를 드렸거든요.
상담사: 네.
상담사: 감사합니다.
상담사: 아 정보 확인 후 안내 도와드리겠습니다.
고객: 네.
상담사: 전화주신 분은 김상순님 아
상담사: 아 고객님 오늘 전화하셨죠?
고객: 네 네 네.
상담사: 네.
상담사: 해지 관련해서 이제
고객: 네.
상담사: 어쩔 수
상담사: 음
상담사: 보험에 대한
고객: 아
고객: 그 간병비 보험을 간병
상담사: 도움이 많으셔가지고
상담사: 예.
고객: 아 그 간병 보험을 방금 해지를 했는데요.
고객: 지금 반영이 내일 오후에 된다 그래서 해지 확인서만 저희가 팩스로 받고 싶어서요.
상담사: 음
상담사: 해지확인서요?
고객: 네 네 해지 확인서와 관련된 그런 문서 있으면 그걸 팩스로 받으려고요.
상담사: 음
상담사: 잠시만요.
고객: 네.
고객: 음 2개월 동안
고객: 그 서류가 있는지 안 나와.
상담사: 고객님
상담사: 고객님
고객: 네 네 네.
상담사: 오늘은 내일 반영이 되시기 때문에 오늘은 받으실 수 있는 서류가
고객: 네.
고객: 네.
상담사: 없으시거든요. 그래서 내일 중 기 내일까지.
고객: 해지를 해지를 했다라는 그런 확인서만 있으면 되거든요.
상담사: 어 그 저희 그 서류 자체가 발급되는 서류가 없다고 그러시거든요.
고객: 네.
상담사: 아니요.
고객: 아 이거는 회사마다 그 서류를 정식 서류는 아니어도 지금 해지를 했다라는 그 그 서류 같은 경우는 발급을 다 해주시던데 보통 보험회사에서
고객: 오늘부로 해지를 했다라는 그 기록 다 기록이 있어야 되거 돼 있는거잖아요 반영은 말고
고객: 오늘 내가 이 시간 보러 해지를 했으니까 해지가 됐다라는 그 기록이 있을 거 아니에요.
상담사: 아 확인 좀 해볼게요. 잠시만 기다려 주세요.
고객: 네.
고객: 네.
고객: 지구 과학
상담사: 고객님
고객: 네.
상담사: 오늘 해지 처리하신 게
고객: 네.
상담사: 음
상담사: 1건이 맞으세요?
고객: 네 1건 이에요 1건
상담사: 아 학원에 대한 것만 지금
고객: 네 네 네.
상담사: 확인해 볼게요.
고객: 네.
상담사: 예.
고객: 네.
상담사: 저희가 이제 해지 환급금이 나오는 그 서류는 있거든요 그니까 해지 오늘 해지했다 이런 내용이 아니라 해지 환급금에 대한 내용이 나오는 서류가 있어요.
고객: 네.
고객: 네.
고객: 네 네.
고객: 네
고객: 네 네 네 네.
상담사: 그 부분만 저희가
상담사: 보면 발송이 오늘 가능해요.
고객: 네.
고객: 아 그러면 그거라도 좀 해주세요.
상담사: 어디서 보내드릴까요?
고객: 어 팩스 번호가
고객: 0 0 5
상담사: 0505?
고객: 181
상담사: 네
고객: 5801
상담사: 0505 181 5801
고객: 네 네 네.
상담사: 그러면 이거 발송해 드릴게요.
고객: 네.
상담사: 어
상담사: 어 잠깐만
상담사: 고객님 어 제가 지금 발송해 드릴게요.
고객: 네.
고객: 네.
상담사: 네
상담사: 감사합니다.
고객: 예 고맙습니다.
상담사: 네
고객: 아 예 여보세요.
상담사: 네
고객: 네 죄송한데 팩스로 안 올 경우를 대비해서 문자로 하나만 더 해주시면 안 될까요?
상담사: 어 문자는 그러면 곧
상담사: 고객님 지금 전화 주신 걸로 보냈
고객: 네.
고객: 네네. 네네.
상담사: 그죠 팩스는 조금씩.
고객: 네 네 네 네.
상담사: 시간이 걸릴 거예요.
상담사: 이제 문자는 지금 바로 예.
고객: 네 예 문자로 네 네.
상담사: 좀 발 발송처가 달라서요.
고객: 아 네네네.
상담사: 네 감사합니다.
고객: 문자로 네 고맙습니다.
상담사: 네.
고객: 138번이요.","고객은 간병비 보험의 해지 신청을 했으며, 해지가 내일 오후에 반영될 예정임을 확인함. 해지 확인서와 관련된 문서를 팩스로 수령하고자 함. 고객은 해지가 오늘 완료된 기록이 있어야 한다고 설명함. 상담사는 해지 환급금에 대한 서류는 오늘 발송 가능함을 안내하고, 팩스 번호 0505-181-****로 발송하기로 함. 고객은 팩스 미수신 시 문자로 추가 안내를 요청함. 상담사는 문자 발송이 즉시 가능함을 확인함.","해지확인서 팩스로 발송요청/ 
해지 반영전으로 오늘 보내드릴수있는 서류는 없음안내/
반영전이여도 해지기록이있으니 서류 발송요청/ 그런서류자체가 없음안내
오늘 해지했다라는 내용이 아니라 해지환급금이 대한 내역이 나오는 서류가 있는데 그것만 발송가능함/
팩스 0505-181-5801 로 발송요청과 발신번호로 문자 발송요청
팩스는 시간이 걸리고 문자는 발송처가 다름안내","해지확인서 팩스발송요청
해지반영전 서류없음 안내
해지기록 서류발송요청
서류자체 없음 안내
해지환급금 내역서류 발송가능
팩스번호 0505-181-5801 발송요청
발신번호 문자발송요청
팩스시간 소요 안내
문자발송처 다름 안내",가능,0.9,"해지확인서 팩스 요청, 서류 없음 안내, 해지환급금 서류 발송, 팩스번호, 문자 발송 요청 등 모든 내용이 STT에서 확인됨",가능,,E147381,2026-03-05T18:09:16.977761,,,,,가능,,,,,오답,,정보_누락,"정보_누락: 해지 전 서류 없음 안내, 팩스/문자 발송 요청 및 소요 안내 누락",Y,,오답,,"{'label': '정보_누락', 'action': 'modify', 'error_detail': '해지 전 서류 없음 안내, 팩스/문자 발송 요청 및 소요 안내, 발송처 다름 안내 누락', 'chunks': [3, 5, 6]}",heeaekwon,2026-03-10T18:52:13.655030,,,,,,,,
176,"상담사: 반갑습니다.
고객: 아 네
고객: 저희 엄마 보험이고요.
상담사: 네
고객: 옆에 계시고요.
상담사: 네
고객: 그
고객: 골절 때문에 그 진단금 청구할려고 하는데 서류 안내 좀 부탁드릴게요.
상담사: 네 고객님.
상담사: 어
상담사: 제가 정보 확인하고 안내 도와드리겠습니다.
고객: 네.
상담사: 지금 어머니 바꿔주세요.
고객: 엄마 애기
고객: 얘기하세요.
상담사: 네.
상담사: 음
상담사: 전화주신 분은 강동부님 계약자 분이 맞으십니까?
고객: 예.
고객: 예.
상담사: 네 생년월일이 어떻게 되세요?
고객: 501128
상담사: 네 핸드폰 번호는 010
상담사: 어
상담사: 지금 따님 전화한가요?
고객: 예.
상담사: 네 고객님 핸드폰 번호는 010 9787 뒤에 4자리 어떻게 되세요.
고객: 예 저 인제
고객: 2263
상담사: 네
상담사: 고객님.
상담사: 어 지금
고객: 예.
상담사: 어플로도
상담사: 접수는 가능하시거든요.
고객: 네.
고객: 그 어플로 접수하려고 하는데요.
상담사: 에이 아
상담사: 네.
고객: 그 서류 저 병원 가서 서울 떼와야 되지 않아요?
상담사: 어 네 골절 관련해서 진단서는 받으셔야죠.
고객: 예 지 그러면 어플 딜러 의뢰섬은 다 되나요?
고객: 저기 진료 의뢰서는 안 돼요 진료 의뢰서는 안 되죠 예 저기 그러면
상담사: 네.
상담사: 아
상담사: 고객님
상담사: 고객님
고객: 네.
상담사: 저희가 일단은 문자로 보내드릴게요 문자로도 먼저 예.
고객: 아 문자로
상담사: 네.
고객: 받았는데 본인 인증하라고 떠가지고 다시
고객: 이거
상담사: 관련해서 저희가 이제 재해 사실 확인서도 필요하거든요.
상담사: 일단은 문자로 핸 그
상담사: 어머니 이제 강 동부님 문자로 저희가 어 이제 필요 서류는 보내드릴 거구요.
고객: 보내주시구요 저한테 설명도 좀 해주세요.
상담사: 네.
상담사: 아
상담사: 저희 이제
상담사: 그런데 고객님 혹시
상담사: 물 그 서류를 발송 받으실 수 있는 팩스나
상담사: 어플로 하실 거죠?
고객: 네 어플로 하려고요.
상담사: 예 예.
상담사: 그러면은 일단 서류 보내드렸구요.
고객: 네.
상담사: 그 문자 그대로
상담사: 요기 보험금 청구서에 육하원칙으로 재해 사실 확인서는 기록하시면 됩니다.
고객: 아 그건 저희가 따로 어디서 받는 게 아니라 저희가 기록하는 거예요?
상담사: 예. 그리고 어
고객: 네.
상담사: 어
상담사: 지금
상담사: 어플로
상담사: 음
상담사: 어플에서 보험금 접수하는 거랑
상담사: 보내드렸어요.
상담사: URL로 보내드렸습니다.
고객: 아.
고객: 그 URL이 3분 안에 뭐
상담사: 네
고객: 인증해야 된다고 해서.
상담사: 네
고객: 그게
고객: 좀 잘 안되더라구요 그럼 그
상담사: 네.
고객: 저기
고객: 서류는 저희가 병원에서 떼와야 될 서류는
상담사: 네
고객: 그 골절 진단서만 있으면 되는 거예요?
상담사: 음
상담사: 잠시만요.
고객: 네.
상담사: 2번은 따로 안 하셨어요 고객님?
고객: 어떤 거요?
고객: 아 예 입원은 안 했어요.
상담사: 이번은 예 예.
고객: 네.
상담사: 보내드린 서류
상담사: 제가 보내드린 서류
상담사: 음
고객: 네.
상담사: 진단서라고 나와 있거든요 근데.
상담사: 골절이란 진단명과 진단 일자와 질병 본 코드번호 기재 이렇게 나와 있거든요 그 읽어보시고 준비해 주시면 됩니다.
고객: 네 네.
고객: 그 진단서만 그렇게 그
상담사: 네.
고객: 그 3가지 기록돼서
상담사: 예 서류 예
고객: 그까 가지고
고객: 예.
고객: 뭐 통장 사본이라든가 뭐 그런 거는 필요 없는 거예요 앱으로 신청하면?
상담사: 어플상 어플상으로 고객님 이제 신청하셔야 되는 부분이니까 어플에서 이제.
상담사: 이제 요구하는 서류를 다
상담사: 그 어플로 업로드 시키시면 돼요.
고객: 아
상담사: 네.
고객: 그러면 그 어플에서 요구하는
고객: 그 서류는 어플상에서만 볼 수 있는 거예요?
상담사: 예.
상담사: 제가 그 어플 URL로 또 청구 서류 관련한 또 URL 보내드렸거든요.
상담사: 확인해 보시면 됩니다 네.
고객: 얘를.
고객: 한번 확인해 볼게요 근데 3분 안에 안 하면 저기가 된다고 그래서 일단 알겠습니다.
상담사: 네
상담사: 네 감사합니다.
고객: 네 감사합니다.
고객: 네.
상담사: 네","고객은 계약자인 강동부(생년월일: 50****, 핸드폰 번호: 010-9787-****)로, 어머니(피보험자)의 골절 진단금 청구를 위해 서류 안내를 요청함.  
진단서는 골절 진단명, 진단 일자, 질병 본 코드번호가 기재된 병원 발행 진단서만 필요하며, 재해 사실 확인서는 청구서에 육하원칙으로 기록하면 됨.  
서류는 어플로 접수 가능하며, 문자로 URL을 통해 청구 서류를 제공받음.  
어플에서 요구하는 서류는 어플 상에서만 확인 및 업로드 가능함.  
통장 사본 등 추가 서류는 어플 접수 시 요구 시 업로드 필요.","골절진단금 청구서류문의
골절진단서 필요함/ 어플로 접수가능한 URL 문자발송함
보험금 청구서에 육하원칙으로 재해 사실 확인서는 기록하시면 됨
골절진단명, 진단일자, 질병 본 코드기재 된 진단서 필요함/ 
어플에서 요구하는 그 서류는 어플상에서만 볼 수 있음
서류를 어플에 업로드시키시면 됨","골절진단금 청구서류 문의
골절진단서 필요
어플 URL 문자발송
보험금 청구서 육하원칙 기록
재해 사실 확인서 기록
골절진단명 필요
진단일자 필요
질병 본코드 기재 진단서 필요
서류 어플상 열람
서류 어플 업로드",가능,0.95,"골절진단금 청구서류 문의부터 골절진단서, URL 발송, 육하원칙 재해사실확인서, 진단명/일자/코드 기재, 어플 업로드까지 모든 내용이 STT에서 명확히 확인됨",가능,,hjlee,2026-03-06T16:44:07.071741,,,,,가능,,,,,오답,,"정보_누락, STT_내용_추가(정상)","정보_누락: 골절 진단서 필요, 어플 URL 발송, 육하원칙 재해 사실 기록 안내 누락; STT_내용_추가(정상): 계약자 이름, 생년월일, 전화번호 추가",Y,,오답,,"{'label': '정보_누락', 'action': 'modify', 'error_detail': '골절 진단서 필요, 어플 URL 발송\n\n누락', 'chunks': [2, 3]}, {'label': 'STT_내용_추가(정상)', 'action': 'modify', 'error_detail': '계약자 이름, 생년월일 추가', 'chunks': [1]}, {'label': '해석_오류', 'action': 'add', 'error_detail': '핸드폰 번호는 계약자 강동부가 아닌 강동부 딸의 것', 'chunks': [1]}",heeaekwon,2026-03-10T19:00:56.281313,,,,,,,,
179,"상담사: 반갑습니다. 박근하입니다.
고객: 네.
고객: 아 그 보물이죠.
고객: 어 그
고객: 어 사망보험 그거를 찾으러 갈라 그러면은
고객: 여기가 송파거든요.
상담사: 네.
고객: 그럼 이 근처에 가까운 그 AI 지점이 어디인가요?
고객: 예
상담사: 음
상담사: 선생님 저희
상담사: 저희가
고객: 네 네.
상담사: 아
상담사: 정보 확인하고 어 안내 도와드리겠습니다. 그런데 지금
고객: 예.
상담사: 동생분이라고 하셨어요?
고객: 예 맞아요.
상담사: 아 아 보험은
상담사: 지금
고객: 네.
상담사: 어 누님분은 보험이 요기 에이아이에이에 보험은 없으시고요.
고객: 그렇죠.
상담사: 아 그러세요.
상담사: 음
고객: 예.
상담사: 일단 저희는 에이아이 에이 플라자는 서울 중구 통일로에 있거든요.
상담사: 순화동이라고 예.
고객: 음
고객: 음.
상담사: 그래서 중구까지 가셔야 되는 부분이고
고객: 아
고객: 네.
상담사: 예.
고객: 아 그러면은 그거를
상담사: 예.
고객: 찾으려면은 그 중국
상담사: 네 네.
고객: 예.
고객: 거기 본사
상담사: 네.
고객: 예 거기까지 가야 되는 거예요?
고객: 네.
상담사: 어 저희가 전화상으로도 업무는 가능하신데
고객: 그러면
고객: 그럼
고객: 네.
상담사: 예.
상담사: 이게
상담사: 지금 실효 실효 계약 건이어가지구
고객: 예.
상담사: 음 네
고객: 그렇죠 저희가 그 서류 이런 거가 다 준비 저기를 해 가지고
상담사: 네.
상담사: 네.
상담사: 네.
고객: 이거는 방문을 해야 될 것 같아가지고 예.
상담사: 음 일단은 고객님 이제 실효 건이시기 때문에
고객: 네 맞습니다.
고객: 네.
상담사: 이 부분은 이제 저희가 그
고객: 예.
상담사: 음 서류는 지금
고객: 네.
고객: 처리는 제가 뭐뭐 그거가 하는지 알아요 예.
상담사: 네.
상담사: 네.
고객: 예.
상담사: 가족관 가족관계 증명서는 보내셨네요.
고객: 서류는 아예
고객: 예.
상담사: 사망진단서도
고객: 네.
고객: 예.
상담사: 지금 예 보내 놓으신 상태긴 한데 6월달에 보내셨고.
고객: 예.
상담사: 음 그러면 다행이네요.
고객: 예.
상담사: 예 그 고객님 저희가 이 부분 일단
상담사: 이제 안내는 받아 받으셔야 되거든요.
고객: 예.
상담사: 저희가 이제
고객: 1 1
상담사: 어
상담사: 저희 해당 부서에서 고객님께 연락드릴 수 있도록
고객: 아 그 제가 받았어요.
상담사: 예.
상담사: 아 그러세요?
고객: 예 그걸 받았는데
상담사: 아
상담사: 네
고객: 아 이게
상담사: 네.
고객: 보니까 찾아보니까 뭐 여기 송파도 몇 군데 있다 그러고 막 이르케 그게 나와 있어서요.
상담사: 어
상담사: 예 그거는
고객: 어 그게
상담사: 저희가 플라자는
고객: 네.
고객: 예 예.
상담사: 서울 딱 1군데 있어요 서울 1군데 부산 1군데.
상담사: 그까 그 대면에서 업무 볼 수 있는 왜 그 보험 창구 말씀하시잖아요 거기는 서울 본사 딱 중구 통일로 1, ********
고객: 아 그래요?
고객: 예.
고객: 그렇죠.
고객: 아 그래요 아
상담사: 예 다른 곳은 그냥 이제 어 그 신경 안 신경
고객: 예.
고객: 네.
상담사: 안 쓰셔도 되고요 딱 그 중구 통일로 거기 거기예요 예.
고객: 예 예.
고객: 음 그래요?
상담사: 네.
고객: 그러면은 거기는
상담사: 네.
상담사: 네.
고객: 어 그 대중교통을 이용해야겠네요 거기까지
상담사: 제가 플라자.
고객: 예 예.
상담사: 그 도형제의 공을 벗어나기 위한 보경을 원하고
상담사: 고객님 제가 위치 전송해 드릴게요.
고객: 예 그럼 거기 그러면 대중교통 그거 이용해서 갈 수 있는 고 저기가 안내가 되나요 예.
상담사: 네.
고객: 음 지금
상담사: 어
고객: 위치를 위치가 어디에 있나 그거를 보내준다 그러는거죠.
상담사: 네 일단 제가 보내드렸어요 고객님 핸드폰 지금 걸어주신 핸드폰으로요 확인 1번 해보시기 바랍니다.
고객: 예.
고객: 예.
고객: 네.
고객: 예 그래요 알았어요.
상담사: 네.
상담사: 감사합니다.
고객: 예 그러면 거기는 예 업무가 몇 시까지죠?
상담사: 4시 안으로 가셔야 돼요 4시 안
고객: 아 4시 안으로 도착은
상담사: 네
상담사: 되도록이면 오전에 가셔 가지고
상담사: 예.
고객: 네.
상담사: 좀 여유 있게 일찍 나서 가지고 일 보시는 게 좋으실 거예요.
고객: 그래 지금
고객: 예 그래요 잘 알았습니다 네
상담사: 네 네.
상담사: 네 감사합니다.
고객: 네.","고객은 송파구에 거주하며, 동생의 사망보험(실효 계약) 관련 서류 처리를 위해 서울 중구 통일로에 위치한 AI 플라자 지점 방문을 원함.  
고객은 가족관계 증명서 및 사망진단서를 6월에 이미 제출함.  
상담사는 AI 플라자는 서울 중구 통일로 1번지에 단 1곳 있으며, 이곳 외에는 대면 업무가 불가능함을 안내함.  
고객에게 지점 위치를 핸드폰으로 전송하였고, 업무는 4시까지 방문해야 하며, 오전에 방문하는 것이 바람직함을 안내함.","사망보험금 청구하러 내방예정으로 지점 위치문의
6월에 서류 도착이력있어 실효건으로 전화상 업무 가능해서 상담받으실수있게 요청해드리려했으나 이미 안내받았고, 서류다 준비해서 방문한다고하심
플라자는 서울과 부산만 있고 대면해서 업무 볼수있는 창구있는 곳은 서울 본사 중구 통일로만 있음
지금 걸어주신 번호로 플라자 위치 전송해드림
4시안으로 업무 가능함/ 되도록 오전중 방문요청","사망보험금 청구
내방예정
지점 위치 문의
6월 서류 도착
실효건
전화상 업무 가능
이미 안내받음
서류 준비
방문
플라자 서울
플라자 부산
대면 창구
서울 본사 중구통일로
플라자 위치 전송
4시안 업무 가능
오전중 방문 요청",가능,0.95,"사망보험금 청구 내방, 6월 서류 도착, 실효건 전화상 업무 가능, 방문 의사, 플라자 서울/부산, 중구 통일로, 위치 전송, 4시까지/오전 방문 등 모든 내용이 STT에서 확인됨",가능,,heeaekwon,2026-03-10T19:12:34.346636,,,,,가능,,,,,정답,,"정보_누락, STT_내용_추가(정상)","청크2: '전화상 업무 가능/이미 안내받음/서류 준비해서 방문한다고 함' 등 핵심 맥락이 generated에서 누락됨. 대신 정답지에 없는 '가족관계 증명서 및 사망진단서' 서류명을 STT에서 추가(STT_내용_추가(정상)). 청크3: 부산 플라자 존재가 누락됨. 또한 정답지에 없는 '동생', '송파구 거주' 등의 정보를 STT에서 추가(STT_내용_추가(정상)).",Y,,오답,,"{'label': '정보_누락', 'action': 'modify', 'error_detail': '2) 6월 서류 도착 이력 외에 내용 모두 누락\n3) 부산', 'chunks': [2, 3]}, {'label': 'STT_내용_추가(정상)', 'action': 'modify', 'error_detail': '송파구 거주, 동생', 'chunks': [1]}, {'label': 'STT_내용_추가(오전사)', 'action': 'add', 'error_detail': 'AIA 플라자 -> AI 플라자로 오전사', 'chunks': [3]}",heeaekwon,2026-03-10T19:18:18.538349,,,,,,,,
180,"상담사: 반갑습니다. 박은하입니다.
고객: 여보세요.
상담사: 네 안녕하세요?
고객: 예 다름이 아니고 계약자 변경하는 서류 지금
상담사: 네
고객: 문자로 넣었거든요.
상담사: 네.
고객: 그 저기 넣고
고객: 넣었다고 전화를 하라고 그래서 전화 드렸어요.
상담사: 아 네 어 고객님 저희가 어
상담사: 계약 예.
상담사: 계약자 변경 서류 넣으셨다고요?
고객: 네 네.
상담사: 네 이 부분에 대해서 고객님 저희가 어
상담사: 전달해 드리겠습니다.
고객: 네 네.
상담사: 네.
상담사: 아 경매 님 본인이시죠?
고객: 네 네.
상담사: 네.
상담사: 감사합니다.
고객: 네.","계약자 변경 서류를 문자로 제출하였으며, 서류 제출 후 전화 안내에 따라 상담을 진행함.","계약자변경 서류 문자발송후 연락달라고해서 전화줬다고하심
전달해드리겠다 안내함","계약자변경 서류
문자발송
연락달라
전화 전달
안내",가능,0.95,고객 발화와 상담사 안내 내용이 STT에서 모두 명확히 확인됨,가능,,hjlee,2026-03-06T17:49:02.279320,,,,,가능,,,,,정답,,정보_누락,청크2: 상담사가 '전달해드리겠다'고 안내한 내용이 generated에서 완전히 누락됨.,Y,,오답,,"{'label': '정보_누락', 'action': 'modify', 'error_detail': '연락달라고 해서 전화줬다는 고객 발화내용,\n서류를 (관련 담당자에게) 전달하겠다는 상담사 발화내용', 'chunks': [1, 2]}, {'label': '해석_오류', 'action': 'add', 'error_detail': '""상담을 진행함""\n-> 수행된 사실로 해석', 'chunks': [2]}",heeaekwon,2026-03-10T19:22:13.927781,,,,,,,,
181,"상담사: 반갑습니다 입니다.
고객: 예 안녕하세요 제가 지금 저기 보험금 좀 청구하려고 그러는데 팩트 저기 어디
고객: 핸드폰으로 해 가지고 어떻게 넣어야 되나요?
상담사: 아
상담사: 고객님 어플로 신청하신다는 말씀이세요?
고객: 예 예 예
상담사: 아
상담사: 그 어플 제가 URL 보내드릴게요.
고객: 예 고거를 저 제 핸드폰으로 좀 보내주시겠습니까?
상담사: 네 알겠습니다 감사합니다.
고객: 예 그리고 이게 제가
고객: 여권을 잘 몰라서 인제 제가
고객: 혹시 수술비
고객: 보험이 가입이 돼 있나요?
상담사: 어 고객님 저희가 그러면 정보 확인하고 안내 도와드리겠습니다.
고객: 예 예.
상담사: 전화 주신 분은 정민순 님 계약자 분이 맞으십니까 생년월일이 어떻게 되세요?
고객: 예예
고객: 예 예.
고객: 650614요.
상담사: 핸드폰 번호는 010 7480 뒤에 4자리 어떻게 되세요?
고객: 28 예 2877이고요.
상담사: 어 고객님?
상담사: 지금 전화주신
고객: 네.
상담사: 번호가
고객: 아 고거는 저 정상 저 직장이에요.
상담사: 예
상담사: 아 그러세요?
상담사: 그러면 제가 고객님께 다시 한번 연락드리겠습니다 이 전화 끊고요.
고객: 예.
고객: 예 예 핸드폰으로
상담사: 고객님 확인 전화가 필요해서요.
고객: 예 예.
고객: 그 전화로 주시면 됩니다 010 7480 2877로.
상담사: 네
상담사: 네 알겠습니다.
고객: 예.","고객은 핸드폰 어플을 통해 보험금 청구를 하려고 하며, 어플 URL을 요청함. 계약자 이름은 정민순, 생년월일은 65****, 핸드폰 번호는 010-7480-****임. 보험금 청구 외에 수술비 보험이 가입되어 있는지 확인 필요. 상담사가 고객에게 다시 전화하여 정보 확인 후 안내할 예정.","보험금청구 핸폰으로 하는 방법과 수술비 가입되어있는지문의
어플 URL 문자발송해드리려했으나
전화주신 번호가 직장 번호여서 핸폰으로 다시 전화드리겠다 안내","보험금청구
핸폰
방법
수술비
가입여부
어플URL
문자발송
전화번호
직장번호
재전화
안내",가능,0.9,"보험금 청구 문의, 어플 URL 안내, 직장번호여서 핸드폰으로 재연락 안내 모두 STT에서 확인됨. '문자발송해드리려했으나'는 URL 보내드리겠다는 발화에서 확인되나 실제 발송 여부는 통화 내에서 미확인",가능,,hjlee,2026-03-06T17:47:23.911293,,,,,가능,,,,,정답,,"정보_누락, STT_내용_추가(정상)","청크2: 어플 URL 문자발송 시도 사실이 generated에서 누락됨. 청크3: 직장번호여서 핸폰으로 재연락하는 이유가 누락됨. 또한 정답지에 없는 계약자 개인정보(이름, 생년월일, 전화번호)를 STT에서 추가(STT_내용_추가(정상)).",Y,,오답,,"{'label': '정보_누락', 'action': 'modify', 'error_detail': 'chunk2) 전체 누락\nchunk3) 직장 번호', 'chunks': [2, 3]}, {'label': 'STT_내용_추가(정상)', 'action': 'remove', 'reason': ''}",heeaekwon,2026-03-10T19:25:49.438896,,,,,,,,
184,"상담사: 반갑습니다 정낙염입니다.
고객: 네 안녕하세요?
상담사: 네 안녕하세요?
고객: 예.
고객: 제가 여기 보험 들어있는 게 있어서 한번 전화드려봤어요.
상담사: 아 그러십니까 계약 사항 확인하겠습니다 전화 주신 분 계약자님 임은순 고객님 본인 맞으십니까?
고객: 네.
고객: 네.
고객: 네.
상담사: 생년월일 앞자리 6, ************
고객: 581228이요.
상담사: 전화번호 010 2274에 몇 번이십니까?
고객: 7 4 8 2 요.
상담사: 확인 감사드립니다.
상담사: 현재 고객님 앞으로 피보험자 송태식님으로 다부장 보험으로 완납된 계약 건 1건 유지하고 있네요.
고객: 네 네.
고객: 근데 제가 인제
고객: 아 이것이 되는지 안 되는지 모르겠네 제가 지난번에
고객: 교통사고를 좀 입원해 있었었거든요.
상담사: 송태식 님께서 말씀이세요?
고객: 아니요 제가요.
상담사: 아 그래요 이 보험은 보험의 대상자가 송태식 님이시기 때문에 고객님으로는 청구 대상은 아니세요.
고객: 예?
상담사: 계약자는 고객님이지만
상담사: 보장 혜택을 받는 보험의 대상자는 송태식 님이세요.
고객: 네.
고객: 아 그래요.
상담사: 네 고객님으로 이문수 님의
고객: 이게 제께 아닙니까?
상담사: 어 네 고객님 거 아니에요.
고객: 아이고 난 내 걸로 알고 있는데.
고객: 음 음
상담사: 네 보험의 대상자는 송태식님 보험이십니다 그리고 고객님 앞으로는 고객님의 보장으로는 가입되신 내용은 없는 걸로 확인이 돼요.
고객: 음
고객: 전에 있었는데 다 이제 계약이 지나가지고 그랬구나.
상담사: 이문수 님 피보험자 님으로는 고객 님으로는 가입하신 적은 없으셨던 걸로 확인이 돼요.
고객: 음.
고객: 없던 걸로 돼 있다구요?
상담사: 보험의 대상자로 고객님으로는 가입하신 거는 없고
고객: 어
상담사: 암 보험으로 송태식 님 암 보험이 만기가 됐었고
상담사: 가구정보험 건강보험 지금 유지하고 있는 거
상담사: 보험의 대상자는 모두 송태식님으로 가입을 하셨습니다.
고객: 음
고객: 그럼 이거 하나뿐이 없나요?
상담사: 어 네 하나밖에 없습니다.
고객: 음
고객: 알겠습니다.
상담사: 건강 조심하시구요 고객님 참고로 당사에서 요즘 100세까지 보장되는 건강보험 상담 전화드리고 있습니다 편하신 1대 연결되시면 상담 부탁드리겠습니다.
고객: 음 오 오
고객: 네.
고객: 아
고객: 뭐 이제 이제 뭐 뭐 들겠어요.
상담사: 어 요즘은 예전하고 다르게 뭐 평균 수명도 길어졌고 여러 가지 보장 등이 있기 때문에 인제 편한 시간대에 연결되면 상담 받아보시고 생각 부탁드리겠습니다.
고객: 네 알겠습니다.
고객: 네.
상담사: 감사합니다 건강하세요.
고객: 네 네.","고객 임은순은 계약자이며, 피보험자 송태식으로 가입된 다부장 보험(암 보험은 만기, 건강보험은 유지 중)이 1건 존재함. 고객 임은순은 본 보험의 보장 대상자가 아님. 고객은 이전에 가입한 보험이 이미 만기되었음을 확인함.","교통사고로 입원보장문의
피보험자 송태식님의 다부장 보험, 완납된 계약관 1건 유지중임
계약자는 본인이나 보험대상자는 송태식님으로 해당무
본인을 피보로 계약한적 없음/ 
송태식님의 만기된 암보험과 지금 유지중인 건강보험있음","교통사고 입원보장
피보험자(송태식)
다부장보험
완납 계약관1건
계약자 본인
보험대상자 송태식 해당무
본인피보계약없음
만기 암보험
유지 건강보험",가능,0.95,"교통사고 입원 보장문의, 피보험자 송태식님 다부장보험 정보, 본인 청구 불가 안내, 본인 피보험자 계약 없음, 송태식님 만기 암보험 및 유지 건강보험 모두 STT에서 명확히 확인됨",가능,,E147381,2026-03-09T10:28:20.658220,,,,,가능,,,,,오답,,"정보_누락, 사실_오류, STT_내용_추가(정상)",청크1: 교통사고 입원보장 문의라는 핵심 상담 목적이 generated에서 완전 누락(정보_누락). 청크2: '완납' 정보 누락(정보_누락). 청크4: '본인 피보험자 계약 없음'을 '이전 보험이 만기됨'으로 잘못 변환하여 사실관계가 다름(사실_오류). 정답지에 없는 계약자명 '임은순'을 STT에서 추가(STT_내용_추가(정상)).,Y,,오답,,"{'label': '정보_누락', 'action': 'modify', 'error_detail': '1번 청크 교통사고로 입원보장문의 부분과 5번청크 유지중인 건강보험이 있다는 부분이 누락됨', 'chunks': [1, 5]}, {'label': '사실_오류', 'action': 'modify', 'error_detail': '대상자가 아니라 계약한 적이 없음 ', 'chunks': [4]}, {'label': 'STT_내용_추가(정상)', 'action': 'modify', 'error_detail': '계약자 이름이 추가됨', 'chunks': [1, 4]}",E147381,2026-03-10T18:07:11.576787,,,,,,,,
185,"상담사: 반갑습니다 정낙염입니다.
고객: 네 안녕하세요. 네.
상담사: 어 예 안녕하세요 고객님.
고객: 네 네 네 다름이 아니고요.
상담사: 네.
고객: 어 제가
고객: 지난주에 보험을 선택했는데
고객: 어 들었을 때
고객: 이제 진행했던
고객: 어 청구건 관련해서 연락을 드렸어요. 어떻게 신청하면 되는지 해서요.
상담사: 네 중간에 조금 말씀이 잘 안 들렸는데 고객님 입력하신 번호로는 지금 계약상에 조금 조회가 안 되는데요.
상담사: 계약 건부터 먼저 조회를 할 건데 ARS를 연결해드리면 고객님의 주민번호 13자리 입력을 부탁드리겠습니다.
고객: 네 네 네.
상담사: 연결하겠습니다.
고객: 네.
상담사: 어 네 고객님?
고객: 네 감사합니다.
상담사: 혹시 정보를 입력하셨는데
상담사: 당사에는 고객님 앞으로 가입되신 내용이 없으신데 혹시 청구 관련 문의하시는 걸까요?
고객: 네 네 네 지난주에
고객: 보험을 해지했거든요. 지하 보험.
상담사: 그럼.
상담사: 네 지난주에 해지하셨더라도 정보는 나오는데
상담사: 혹시 입력하신 번호가 94, ********
상담사: 225
상담사: 1908131 맞으실까요?
고객: 네 네 네.
상담사: 그럼 보험 회사를 잘못 전화를 주신 거 같아요.
고객: 어 거기 보험
고객: 에이아에스 아닌가요?
상담사: 저희는 AIA 생명입니다.
고객: 아 네 죄송합니다.
상담사: 감사합니다.","고객은 지난주에 지하 보험을 해지했으며, 청구건 관련 신청 방법을 문의하기 위해 전화를 걸었다. 고객이 입력한 주민번호는 94********225190****이며, 해당 번호로는 당사 계약 정보가 조회되지 않았다. 상담사는 고객이 AIA 생명이 아닌 다른 보험사로 잘못 전화를 걸었을 가능성이 있다고 안내했다.",당사 계약건 확인안됨/ 잘못걸린전화,"계약건 확인안됨
잘못걸린전화",가능,0.95,당사 계약 확인 불가 및 잘못 걸린 전화라는 요약 내용이 STT에서 명확히 확인됨,가능,,E147381,2026-03-09T10:28:40.737786,,,,,가능,,,,,오답,,STT_내용_추가(정상),"정답지의 핵심 2개 청크(계약건 확인안됨, 잘못걸린전화)는 모두 정확히 반영됨. 다만 정답지에 없는 '지난주 보험 해지', '청구건 신청 방법 문의', 주민번호 등 STT 내용을 추가로 포함(STT_내용_추가(정상)).",Y,,오답,,"{'label': 'STT_내용_추가(정상)', 'action': 'modify', 'error_detail': '고객의 주민번호가 추가됨', 'chunks': [2, 2]}, {'label': 'STT_내용_추가(오전사)', 'action': 'add', 'error_detail': ""오전사 '지하 보험' 추가"", 'chunks': []}",test,2026-03-10T20:11:20.590915,,,,,,,,
186,"고객: 여보세요.
상담사: 네 고객님 제가
상담사: 어
상담사: 몇 가지만 더 정보 확인하겠습니다 고객님 지금 사시는 곳 주소가 어떻게 되세요?
고객: 순천시 결의동 신월 큰길 54, *********
고객: 502동 제1호요.
상담사: 네 고객님 지금
상담사: 어
상담사: 생년월일이 어떻게 되세요?
고객: 640411요.
상담사: 네 확인 감사합니다 고객님.
상담사: 고객님께서 지금.
상담사: 어
상담사: 가입하신 보험 중에는 28000원짜리는 없구요 2800원짜리는 있으시거든요.
고객: 아 2만800원요?
상담사: 네 네
고객: 예.
고객: 제가
고객: 잘못하겠는가 보네요.
상담사: 네.
고객: 고마워 거의
고객: 2만
고객: 800원짜리 그거 뇌출혈 보험인 건가요?
상담사: 네 맞아요.
고객: 예 예 그거를 좀
상담사: 네.
고객: 일단은 준비 좀 시켜줘서요 보험료 안 빠져나가게.
상담사: 아 자동이체 중지를 시켜드려요?
고객: 예 예.
상담사: 아
상담사: 고객님 지금
상담사: 제가 자동 이체 이거 이제.
상담사: 중지시켜드릴 건데요 혹시 외 자동이체를
상담사: 이제 고객님께서 따로 챙기실려면 번거로우실텐데 왜 자동이체 중지시키려고 하세요.
고객: 아 지금 제가 사정이 있어갖고 지금 놀고 있는데
상담사: 네.
상담사: 네.
고객: 보험료 그 돈 때문에
상담사: 예.
고객: 에 일단은 어떻게 될지 몰라서 일단 정지시켜 놓고
상담사: 네.
고객: 돈이 인자 해결이 되믄 저기 할려고요.
상담사: 네.
상담사: 아 그러세요?
고객: 왜요?
상담사: 고객님 저희가 이제
상담사: 어 중지는 제가 신청을 해드렸구요.
고객: 예 예.
상담사: 만약에 이제
상담사: 어
상담사: 아
상담사: 8월분까지는 납입이 되어있는데 9월
고객: 예 예.
고객: 예.
상담사: 10월
상담사: 또 이렇게
고객: 예.
상담사: 음
상담사: 이 2달 동안 보험료가 납입되지 않을 경우 어 8월
상담사: 9월
상담사: 잠시만요.
상담사: 음
상담사: 음
상담사: 9월 10월 해서
상담사: 십 이제
상담사: 9월말 10월말까지 납입이 되지 않을 경우에는 이제 다음 달 1일로 실효되어서 보장이 어렵고 부활 신청을 해야 하는 번거로움이 생길 수 있습니다 따라서 보험료는 가상 계좌나 즉시 이제를 통해 매월 납입해 주시길 부탁드리며 자동이체 재등록을 원하시면 언제든지 연락 부탁드립니다.
고객: 예 예.
고객: 예.
고객: 네.
상담사: 감사합니다 건강하세요.
고객: 아 네 네 수고하세요.
상담사: 네","고객은 순천시 결의동 신월 큰길 54, 502동 제1호에 거주하며, 생년월일은 1964년 4월 11일이다. 가입한 보험 중 2만800원짜리 보험은 뇌출혈 보험으로, 고객이 자동이체 중지를 요청하여 중지 처리되었다. 보험료는 8월분까지 납입되어 있으며, 9월 및 10월 납입이 되지 않을 경우 다음 달 1일에 보장이 실효될 수 있으며, 부활 신청이 필요할 수 있다.","무직으로 보험료 자동이체 정지요청/ 
20,800원건 내추럴보험 있음
자동이체 정지 해드림/ 최종납월 8월/ 
연실안내","무직
자동이체정지요청
20,800원
내추럴보험
자동이체정지
최종납월 8월
연실안내",가능,0.9,"무직 사유, 자동이체 정지 요청/처리, 최종납월 8월, 연실(연체실효) 안내 모두 STT에서 확인됨. 20,800원은 STT에서 '2만 800원'으로 확인 가능",가능,,E147381,2026-03-09T10:34:36.299226,,,,,가능,,,,,오답,,"정보_누락, STT_내용_추가(정상)","정보_누락: 청크1: '무직으로'라는 자동이체 정지 사유가 generated에 누락됨. 청크2: 보험 상품명 '내추럴보험'이 generated에 누락되고 '뇌출혈 보험'으로만 기재됨; STT_내용_추가(정상): 정답지에 없는 고객 주소(순천시 결의동 신월 큰길 54, 502동 제1호)와 생년월일(1964년 4월 11일)이 generated에 추가됨. STT 본인확인 절차에서 확인된 정보로 전사 정상",Y,,오답,,"{'label': '정보_누락', 'action': 'keep'}, {'label': 'STT_내용_추가(정상)', 'action': 'keep'}",E147381,2026-03-10T18:02:41.424492,,,,,,,,
188,"고객: 예 수고하십니다 그 치아보험 관련해서 문의를 드렸는데요.
상담사: 네.
상담사: 네.
고객: 예 다름이 아니라 임플란트 관련된 특약을 만약 가입하게 될
고객: 경우에
상담사: 네.
고객: 그거
고객: 뭐 보험금 지급 사유를 좀 자세히 보니깐
상담사: 네.
고객: 그 충치
고객: 또는 뭐 잇몸질환 및 기타 재해 등에 의해서
상담사: 네.
고객: 원인을 원인으로
고객: 시아를 최초로 발치하고
고객: 그 발치된 곳에 임플란트를 하면 지급하겠다 이렇게 나와 있는데
상담사: 네.
고객: 예 만약에 제가 한 뭐 20년 전에요.
고객: 좀 젊었을 때 어금니나 이런 부분들.
상담사: 네.
고객: 이미 발치가 돼 있어 가지고 지내왔는데
상담사: 네.
고객: 그런데 이제 의사 선생님이 만약에 이게 얼굴이 틀어지거나 아니면 잇몸이 무너지거나
고객: 다른 이빨이 무너질 우려가 있다고 해 가지고 임플란트를 하라고 했을 때
상담사: 네.
상담사: 네.
고객: 그때는
고객: 어 보험금이 지급될 수 있나요 아니면 요건이 해당이 안 되나요?
상담사: 이미 상실이 되어있는 치아에 대해서는 해당 사항은 없으세요.
상담사: 가입일 이후에 발취를 하시고
고객: 아 상습이
상담사: 어
고객: 아 아.
상담사: 하신 치아에만 가능하세요.
고객: 발치를 해야 돼요.
상담사: 네 맞습니다.
고객: 발치를 하지 않으면 안 되는 거네요.
상담사: 네 맞습니다.
고객: 예 알겠습니다 감사합니다.
상담사: 네 감사합니다.
상담사: 예.","임플란트 특약 가입 시, 가입일 이후에 발치된 치아에 대해 임플란트 시술 시 보험금이 지급되며, 이미 발치된 치아에는 해당 사항이 없다.","임플란트 보장문의. 
20년 전에 이미 발치된 상태에서 의사권유로 임플란트하게 되면 보장되는지 문의.
이미 상실되어 있는 치아에 대해서는 해당없으며, 가입 후 발치한 치아에 대해 보장가능 안내 함. ","임플란트보장문의
20년전 발치상태
의사권유 임플란트
보장여부 문의
상실치아 해당없음
가입후 발치치아 보장가능",가능,0.95,"임플란트 보장 문의, 20년 전 발치 상황, 상실치아 해당없음, 가입 후 발치치아 보장가능 안내 등 모든 내용이 STT에서 명확히 확인됨",가능,,E147381,2026-03-09T10:36:10.323935,,,,,가능,,,,,정답,,정보_누락,"정보_누락: 청크2: 고객의 구체적 문의 맥락(20년 전 발치 상태, 의사 권유로 임플란트 예정, 보장 여부 문의)이 generated에서 완전히 누락됨. 상담 결론만 있고 문의 배경이 없음",Y,,오답,,"{'label': '정보_누락', 'action': 'keep'}",E147381,2026-03-10T18:01:45.333530,,,,,,,,
189,"상담사: 반갑습니다. 벽두로 맵니다.
고객: 예 안녕하세요. 제가 조카인데
상담사: 네 안녕하십니까?
상담사: 네.
고객: 조카인데
고객: 네 바쁘셔가지고 제가 대신 얘기하려고 하는데 동의 좀 얻어주시겠어요?
상담사: 네 계약자님 바꿔주시겠습니까?
고객: 네네. 일단은 자
고객: 뽑으려고 하는 게 3개 있거든요. 그거 일단은 네
고객: 네 뽑으려고 하면 뭐 어떤 동의 없으세요?
상담사: 네.
고객: 예.
상담사: 네 고객님 지금 전화받으신 분 계약자분 박세주 고객님 분이분 맞으세요?
고객: 스티커폰이요.
고객: 예.
상담사: 네 생년월일 한번 말씀 부탁드리겠습니다.
고객: 어 56010
상담사: 네 휴대폰 번호 0105150 다음 네 자리 어떻게 되세요?
고객: 아 아닙니다. 감사합니다.
상담사: 확인 감사합니다. 방금 전화받으셨던 조카분께 고객님 계약 관련 내용 전체적으로 안내 도와드릴 텐데 동의하시는 거 맞으세요?
고객: 예예.
상담사: 네 바꿔주시면 안내 도와드리겠습니다.
고객: 네.
고객: 네.
고객: 네 여보세요?
상담사: 네.
고객: 여보세요?
상담사: 네 어떤 내용으로 말씀하실까요? 당사인은 현재 유지 계약 건은 없으신데요.
고객: 네 10년
고객: 어떤 거요?
상담사: 당사의 현재 유지 계약 건이 없으신데 어떤 내용으로 문의주셨을까요?
고객: 잠시만요.
고객: 잠시만 기다려주세요.
상담사: 네.
고객: 유지된 게 없다고요?
상담사: 네 유지 계약 건 없으세요. A I A 생명으로 문의주신 거 맞죠? 고객님.
고객: 아 그게 거기를 가는 거잖아요.
고객: 잠시만요.
고객: 아 그렇구나 이게.
고객: 아 손해보험인데 잘못
고객: 번호가 이렇게 기재된 것 같애요.
상담사: 아 네.
고객: 네 네.
고객: 잘못 전화한 것 같아요 손해보험으로 들어가야
상담사: 아 네.
상담사: 아 네 알겠습니다.
고객: 네
상담사: 감사합니다.
고객: 네.
고객: 이 시","고객은 조카로서 계약자 박세주의 동의를 받아 상담에 참여하며, AIA 생명의 유지 계약 건이 없다는 점을 확인하고, 잘못된 전화(손해보험)로 인해 상담을 종료함.","현재 당사에 유지계약 없음. 
손해보험인데 잘못 전화한 것 같다고 하심.","유지계약 없음
손해보험
잘못 전화",가능,0.95,유지계약 없음 확인 및 손해보험 잘못 전화 상황이 STT에서 명확히 확인됨,가능,,E147381,2026-03-09T10:41:28.611843,,,,,가능,,,,,오답,,STT_내용_추가(정상),"STT_내용_추가(정상): 정답지에 없는 '조카', '계약자 박세주', 'AIA 생명', '동의' 등 본인확인/상담맥락 정보가 generated에 추가됨. 모두 STT에서 확인 가능하며 전사 정상",Y,,과답,,"{'label': 'STT_내용_추가(정상)', 'action': 'keep'}",test,2026-03-10T20:12:51.565747,,,,,,,,
191,"상담사: 반갑습니다. 입니다.
고객: 네 수고하십니다.
상담사: 네 안녕하십니까?
고객: 제가 그
고객: 예 음 통원 치료 받았는 거 내역서를
상담사: 네
고객: 보낼려고 하는데 갤러리에다가 있는 거를 보내야 되거든요 그래서 그 링크를 좀 보내주세요.
상담사: 네 정보를 한번 여쭙고 안내 도와드리겠습니다. 전화 주신 분이 김회원 고객님 분이 분 맞으세요?
고객: 결렬이 있는 거 여러 장을 좀 보낼려고 네
고객: 네.
상담사: 네 생년월일 한번 말씀해주세요.
고객: 620 723
상담사: 네 확인 감사합니다 계약자님이 지금 돼 있고 고객님 피보험자님으로 되어 있는 게 있는데
고객: 네.
고객: 네.
고객: 네.
상담사: 어 뭐 통원 치료비를 청구를 하신다라는 거예요?
고객: 이 영수증 병원에서 청원 취재하면서 받은 영수증을
상담사: 네
고객: 그 갤러리에 있는 거를 그 링크로 좀 보낼라고 하거든요.
상담사: 혹시 그 링크라는 게 유선 접수하신 그 카카오톡 링크를 말씀하세요? 아니면 그 모바일 접수할 수는 있는 링크를 말씀하시는 거예요?
고객: 그랬어요. 본인
고객: 갤러리에 있는 거 옮기는 거 링크를 보내주시던데 할때마다 전화를 해서 해라 하더라고요.
상담사: 아 그럼 유선 접수를 말씀을 하시는데요. 제가 간단하게 녹취 진행할게요. 저희 고객님의 국적과 실제 거주하시는 곳은 동일하게 대한민국 맞으시죠?
고객: 보내주시던데
고객: 네.
고객: 음 네.
고객: 네.
상담사: 네 자택 주소가 울산 울주군 범서읍 대동길 21, ******************
고객: 네.
상담사: 네 연락처도 변동 이력 없으시죠? 고객님?
고객: 네.
상담사: 네
상담사: 그 암 때문에 그 통원 치료비를 청구하려고 하시는 거죠?
고객: 지금 주소는 주소는 바뀌었는데 주소 예?
고객: 주소 바뀌었는데 바뀐 주소 부를까요?
상담사: 변경된 주소 말씀해주세요.
고객: 네.
고객: 어 울산시 울주군 범서읍 평산 2길 16, ******
상담사: 천상 2길 이요?
고객: 익일 16
상담사: 선 산
고객: 네 신한다.
상담사: 맞아요?
고객: 천상 천상 천상
상담사: 선상
고객: 하늘 천
고객: 현상 익일
상담사: 아
상담사: 네네
고객: 16
상담사: 네
고객: 천상 2길 16, **********
상담사: 네.
상담사: 그냥 301호예요? 동은 없고?
고객: 네 네.
상담사: 네 주소 확인할게요. 울산 울주군 범서읍 선상 이길에 16 신안 천상 가속 아파트 301호 맞으세요?
고객: 네.
고객: 네.
상담사: 네 주소 변경해드렸고요. 해당 주소로 해서 등록해드릴게요.
고객: 네.
상담사: 고객님 지급받는 계좌는 이전에 받으셨던 동일한 계좌로 해드리면 될까요?
고객: 네.
상담사: 네.
상담사: 네. 농협계좌 3 5 5로 시작하는 계좌 확인되셔서 해당 계좌로 지금 요청해드리고요. 보험금 지급 사유와 안내 방법 문자로 해드릴 텐데 괜찮으시죠? 고객님?
고객: 네.
고객: 네.
상담사: 네
고객: 링크를 보내주시면 제가 갤러리에
고객: 사진 찍어놘거를 보내면 되는데. 네.
상담사: 예
상담사: 카카오톡 링크 지금 바로 전송해드릴게요. 그리고 장애인 등록 대상 여부 해당되는 내용 없으시고요?
고객: 네. 이거는
고객: 장애인 등록
고객: 장애인증 있습니다.
상담사: 아 있으세요? 그럼 체크 1번 해드릴게요.
고객: 네.
고객: 네.
상담사: 네.
상담사: 네 지금 카카오톡으로 전송되실 거고요. 보험금 서류 등록하기 들어가서 병원 서류 첨부만 해주시면 끝나세요. 고객님
고객: 그 있는 거를 서류 찍어난 거를 이래 몇 개 이래 보내주십니까 네 알겠습니다.
상담사: 네.
상담사: 네 맞습니다.
상담사: 문자로 보내드렸으니까 확인해 주시고요 장사하던 소감 부담내용 안내 받으실 수 있도록 신경 같이 전달해 드리겠습니다 감사합니다.
고객: 네.
고객: 네.
고객: 네.
고객: 네.","고객은 김회원(생년월일 620 723)으로, 계약자이자 피보험자이며, 울산시 울주군 범서읍 선상2길 16, 신안천상가속아파트 301호에 거주 중이다. 현재 주소는 변경된 것으로, 이전 주소는 울산 울주군 범서읍 대동길 21이다. 고객은 암으로 인한 통원 치료비 청구를 위해 병원 영수증을 갤러리에 업로드한 후 링크를 보내는 절차를 진행하고자 하며, 카카오톡 링크를 통해 서류를 제출할 예정이다. 보험금 지급 계좌는 농협계좌 355로 시작하는 기존 계좌를 사용하며, 장애인증이 존재하여 해당 정보가 반영된다. 고객은 문자 안내를 수신할 수 있도록 동의하였다.","통원비 청구 사진 찍은 거 보낸다고 링크 보내달라 요청. 
유선접수링크를 말하는건지, 모바일 접수 링크 말하는 건지 여쭤보니 할때마다 전화해서 링크 받으라고 했다고 하시어, 유선접수로 녹취 진행해드림. 
카카오톡으로 전송되면 보험금서를 등록하게 들어가서 병원 서류 첨부만 해주시면됨","통원비 청구 사진 
링크 요청 
유선접수링크 여부 
모바일접수링크 여부 
매번 전화해서 링크수
유선접수 녹취 
카카오톡 전송 
보험금서 등록 
병원 서류 첨부",가능,0.95,"통원비 청구 링크 요청, 유선접수/모바일접수 확인 후 유선접수 녹취 진행, 카카오톡으로 보험금서류 등록 안내 등 모든 내용이 STT에서 명확히 확인됨.",가능,,E147381,2026-03-09T10:46:21.221629,,,,,가능,,,,,오답,,"정보_누락, STT_내용_추가(정상)","정보_누락: 청크2: 유선접수 vs 모바일접수 확인 과정 및 유선접수 녹취 진행 사실이 generated에 완전 누락. 청크3: '보험금서 등록→병원 서류 첨부' 구체적 절차가 축약됨; STT_내용_추가(정상): 고객명(김회원), 생년월일, 주소 변경 이력, 보험금 지급 계좌(농협 355~), 장애인증 보유, 질병명(암) 등 정답지에 없는 다수의 개인정보/상세정보가 STT에서 추가됨. 모두 전사 정상",Y,,오답,,"{'label': '정보_누락', 'action': 'keep'}, {'label': 'STT_내용_추가(정상)', 'action': 'keep'}",E147381,2026-03-10T18:01:12.453611,,,,,,,,
193,"상담사: 반갑습니다. 입니다.
고객: 반갑습니다.
고객: 여보세요?
상담사: 네 안녕하십니까?
고객: 그 아
고객: 아 네 뭐 좀 여쭤보고 싶은데요 그
상담사: 네.
고객: 제가 그 에이아이 연금보험이 있는데요.
상담사: 아 네 정
고객: 그게 그
상담사: 네.
고객: 네 그게 금융감독원 내연금조회 가보면은 뜨질 않는데요.
상담사: 정보로 한번 여쭙고 안내 도와드리겠습니다. 전화 주신 분 계약자분 이윤정 고객님 분은 맞으세요?
고객: 네.
고객: 네.
상담사: 네 저희 생년월일 말씀 부탁드리겠습니다.
고객: 72008
상담사: 네 휴대폰 번호 0103372에 다음 네 자리 어떻게 되세요?
고객: 7 4 9 8
상담사: 네 확인 감사합니다.
상담사: 당사에 가입하신 상품은 고객님 연금상품은 아니시구요 프라임 유니버셜이라고 해서 일반 저축성 상품으로 확인되세요 고객님.
고객: 아 이게 연금이 아니에요?
고객: 저축성 상품이에요?
상담사: 네 저축성 상품이시고 연금으로 전환할 수 있는 서비스가 있는 거고요.
상담사: 연금 상품은 아니세요.
고객: 아.
고객: 아 그래서 안 쓰는 거구나
상담사: 네.
고객: 음 네.
고객: 알겠습니다 그러면 그 주소
고객: 전화 연결된 김에 주소 변동할 변경 할 수 있나요?
상담사: 네네 변경하실 주소 1번 말씀해주세요.
고객: 7일장.
고객: 지금
고객: 명립동으로 돼 있죠?
상담사: 어 지금 공릉로 430, *
상담사: 104동 8045 확인되세요.
고객: 그 좀 전 집인데.
고객: 바꿀 거는
상담사: 아 그러세요?
고객: 광진구 광장동.
상담사: 광장동
고객: 예.
고객: 아차산길
고객: 아차산로
상담사: 아차광로
상담사: 네.
고객: 76일 30일
상담사: 76 길에 31
상담사: 광나루 현대아파트 맞으세요?
고객: 예.
고객: 네 네 네.
상담사: 네.
고객: 네.
고객: 101동
상담사: 네
고객: 1304호
상담사: 네 주소 확인하겠습니다. 서울 광진구 아차산로 76, ***************************
상담사: 맞으세요?
고객: 네.
고객: 네.
상담사: 네 주소 확인되셨고요 변경 처리 도와드렸습니다.
고객: 네 감사합니다.
상담사: 네 감사합니다.
고객: 네.","고객은 계약자 이윤정이며, 생년월일은 1972년 8월, 휴대폰 번호는 010-3372-****이다. 고객이 가입한 상품은 프라임 유니버셜이라는 일반 저축성 상품이며, 연금 상품은 아니다. 고객은 금융감독원 내 연금조회 시 해당 상품이 뜨지 않는다는 점을 언급했다. 고객은 주소를 서울 광진구 광장동 아차산로 76, 광나루 현대아파트 101동 1304호로 변경 요청했으며, 변경 처리가 완료되었다.","연금상품가입건이 금감원 연금조회에 뜨지 않아 문의. 
가입된 프라임유니버셜 보험은 저축성 보험으로 연금상품이 아니며, 연금전환서비스가 있음 안내 하고 주소변경 처리함. ","연금상품가입
금감원연금조회
미등재
프라임유니버셜보험
저축성보험
연금상품아님
연금전환서비스
주소변경처리",가능,0.95,"연금조회 미등재 문의, 프라임유니버셜이 저축성 보험이며 연금전환서비스 안내, 주소변경 처리 등 모든 내용이 STT에서 명확히 확인됨.",가능,,hjlee,2026-03-09T10:49:50.900089,,,,,가능,,,,,정답,,"정보_누락, STT_내용_추가(정상)","정보_누락: 청크2: '연금전환서비스가 있음 안내'가 generated에 누락됨. 상담 핵심 안내사항 중 하나; STT_내용_추가(정상): 변경 후 주소 상세(서울 광진구 광장동 아차산로 76, 광나루 현대아파트 101동 1304호), 계약자명(이윤정), 생년월일, 휴대폰 번호 등이 generated에 추가됨. 모두 STT에서 확인 가능하며 전사 정상",Y,,오답,,"{'label': '정보_누락', 'action': 'keep'}, {'label': 'STT_내용_추가(정상)', 'action': 'keep'}",E147381,2026-03-10T17:59:22.743594,,,,,,,,
198,"상담사: 어떤 내용으로 문의 주셨을까요? 고객님
고객: 어 문자 왔는데 그 뭐 저
고객: 그
고객: 9월 달에
고객: 9월 달인가 저
고객: 직접
고객: 이 그
고객: 예 아
고객: 보험료가 아닌가
고객: 나머지 40 됐다고
고객: 그 그래 가지고
고객: 수 2
고객: 저 전화했는데
상담사: 9월달에요?
상담사: 9월달은 고객님 20 날 결제 예정이고 유지 계약건 4건 있으신데 4건 모두 다 8월까지는 납부돼서 미납은 없으시거든요.
고객: 9월달이
고객: 근데 뭐 저 메세지가 떴죠?
상담사: 문자 받으셨던 거는 작년에 실효되셨던 건에 대해서 받으신 거 같은데요. 고객님.
고객: 부활 저 부활한다면 뭐 어쩌고저쩌고
상담사: 예 부활 아직 일반 부활이 가능하셔서 작년 8월달까지 납부가 되시고 실효된 계약 건이 있어서 문자 발송되신 거예요.
고객: 네.
상담사: 네 현재 유지 계약 건 4건에 대해서는 정상적으로 잘 납부되고 있고 미납은 없어요.
고객: 아이 그거는
고객: 근데 왜 그 인제 인제서 그것도
고객: 그 새손스럽게 왜 또
고객: 뭐를 했지?
고객: 명절에 거 저 그 저 카
상담사: 네 3년까지는 일반 부활이 가능하기 때문에 문자가 자동으로 발송됐습니다.
고객: 어 아니 카드로 다 해겠다는
고객: 그 정상적으로 그 해고 있는데
고객: 왜 뭐가 저 안빠져 가는가 있는가 해서 확인했어요.
상담사: 음 아닙니다. 4건에 대해서는 정상적으로 잘 납부되고 있고 미납은 없고요. 이제 문자 발송된 거는 작년에 실효됐던 건 아직 일반불이 가능하기 때문에
고객: 네.
고객: 네.
고객: 네. 회원님 성함이랑 생년월일 여쭤볼게요.
고객: 알았어 네.
상담사: 부활 가능 문자 보내드린 거예요.
고객: 예 알았어요.
상담사: 감사합니다. 어머니 건강 유의하시구요. xxxxxx 안내 받으실 수 있도록 신경 써서 같이 전달해 드리겠습니다.","고객은 9월에 보험료 미납 문자를 수신하여 문의하였으며, 상담사가 해당 문자는 작년에 실효된 계약에 대해 일반 부활 가능 기간(3년 이내)에 해당하여 자동 발송된 것이라고 설명함. 현재 유지 계약 건 4건은 8월까지 납부 완료되어 미납 없음.","9월보험료 미납문자 확인요청. 
게약건 4건 모두 8월까지 납부되어 미납없음. 
작년8월까지 납부되어 실효된 계약건이 일반부활 가능하여 부활가능문자가 발송됨 안내. ","9월보험료
미납문자
확인요청
계약건 4건
8월까지
납부
미납없음
작년8월까지
실효된 계약건
일반부활 가능
부활가능문자
발송
안내",가능,0.9,"9월 미납문자 확인요청, 4건 미납없음, 실효계약 부활가능문자 발송 안내 등 모든 내용이 STT에서 명확히 확인됨",가능,,E147381,2026-03-09T11:00:49.993898,,,,,가능,,,,,정답,,STT_내용_추가(정상),"STT_내용_추가(정상): 청크3에서 '3년 이내 일반부활 가능 기간'이라는 정보가 정답지에 없으나 STT에 존재(3년까지는 일반 부활이 가능하기 때문에). STT 전사 정상, 문맥상 이상 없음",Y,,과답,,"{'label': 'STT_내용_추가(정상)', 'action': 'remove', 'reason': ''}, {'label': '정보_누락', 'action': 'add', 'error_detail': ""'작년 8월까지 납부되어'"", 'chunks': [3]}",test,2026-03-10T20:17:26.337811,,,,,,,,
202,"상담사: 네. 회원님 기다려 주셔서 감사합니다.
상담사: 반갑습니다. 신지혜입니다.
고객: 예 어 암보험이 해지한다고요?
상담사: 네
상담사: 그러세요 네 그러면 제가 먼저 몇 가지 여쭙고 안내 도와드리겠습니다.
고객: 예.
고객: 네에
상담사: 네 전화 주신 분은 계약자 임매옥 고객님 본인 되십니까?
고객: 예.
상담사: 네 고객님 생년월일 어떻게 되실까요?
고객: 예 641019-280-****
상담사: 네 고객님.
상담사: 납부하고 계시는 은행 어느 은행이십니까?
고객: 아 농협이요.
상담사: 네 확인 감사합니다. 네 고객님께서는 고객님과
상담사: 아 네 김종희 고객님 앞으로 해서 보험 한 건씩 설계 잘해주셨네요.
상담사: 그런데 어떤 사유로 계약 승인취를 문의하시는 걸까요?
고객: 아 어머니랑
고객: 예 예 입력일 거예요 김정일 거는 놔두고 입력고요.
상담사: 음 고객님 앞으로 되어 있는 게 할 거니요 네.
고객: 네 네
상담사: 고객님께서 오랜 기간 잘 유지하셨는데 어떤 사유로 계약 해지 문의하시는 거세요 고객님?
고객: 아 능력이 없어가지고 해지 들어가 주세요.
상담사: 아 그러셨어요 고객님?
상담사: 좀 납부하시는 게 어려우실까요?
상담사: 고객님?
고객: 네.
상담사: 네 납부하신 게 어려우신 상황이 되셨을까요?
고객: 아 예 예 예.
상담사: 아 그러셨어요 고객님 음 아무래도 요새 경기가 어렵다 보니
상담사: 많은 분들이 어려워들 하고 계시는데요.
상담사: 음 생활하기도 빠듯한데 이런 보험료는 더 부담스럽게 느껴지실 거 같아요.
상담사: 네.
상담사: 그래도 당 저희는 이제 여러 봄 사고를 많이 접하면서 이렇게 당장 봄이라도 줄이고자 하셨다가 네.
고객: 아니요. 이거 아니 있잖아요.
상담사: 네 고객님.
고객: 아 해지 좀 들어가 주세요. 아우
상담사: 음
고객: 예.
상담사: 그러셔도 이제 구인
상담사: 빨리 업무 처리를 하고 싶은 마음은
고객: 네.
상담사: 이해합니다 네 그래도 이제 고객님께서 이 계약 건 오랜 기간 유지를 하셨고 그래도 어떤 보장이신지는 잠깐 확인하시고 어
고객: 아
고객: 아유 아유 아이 아이 그냥 아유 그냥 홈페이지 들어가 주세요 나 지금 머리 아파 죽겠어요 지금요.
상담사: 네 결정하시는 게 어떠실까요 네.
상담사: 그러세요.
고객: 제주 들어가 주세요. 아무 말도 그 고픈 마음 없어요.
상담사: 음?
상담사: 그러세요?
고객: 예.
상담사: 그래도 보험을 해지하는 거는 금방이고 쉽지만 또 나중에 필요하실 때 가입하시려면 절차와 심사 거치셔야 되잖아요.
고객: 예.
고객: 아니요 아니요 아 해지 들어가 주세요.
상담사: 음
고객: 제리 들어가 주세요.
상담사: 그러세요.
상담사: 이제 고객님 이제
상담사: 가입 연령대 층이 점점 올라가게 되면 같은 보장으로 가입이 어려우실 수도 있고 보험료가 많이
고객: 에이 다 알고 있어 들어가 주세요 해주세요.
상담사: 네.
상담사: 그러세요 보험료 인상으로 더욱 큰 부담이 되실 수도 있으실 텐데요.
고객: 예
상담사: 네 이렇게 5000만 원으로 크게 잘 가입해 주셨
고객: 잠시만요.
상담사: 을 때 계약권 유지해보시는 게 어떠실까요?
고객: 아 좀 해지 좀 들어가 주세요. 아우
상담사: 음
상담사: 그러세요 고객님. 어휴 그래도 지금 고객님 암 뿐만 아니라 이렇게 사망보험금까지
고객: 아이고 이거 아이고 이것보다 20년
상담사: 네.
고객: 20년 넘게 들어가면 몇 천만 원 들어가면 또 다 해지 들어갔어요 빨리 좀 해 주세요 지금 머리 아파요.
상담사: 엉.
상담사: 그러셨어요.
상담사: 고객님께서 많이 납부가 어려우신 상황 같으신데요.
고객: 네.
상담사: 음 그러시면 지금 고객님 계약 건
상담사: 진단금뿐만 아니라 전기 특약
상담사: 사망보험금이 가입이 되어 있으세요.
상담사: 그래서 그러면 지금 이 사상금 5000을 줄이시게 되면 그래도 암 진단금 30500원으로 유지도 가능하신 부분이라
고객: 어 아니에요. 그냥 들어가 주세요.
상담사: 네.
고객: 잘 들어요.
상담사: 부르세요.
상담사: 그래도 이렇게 줄여서라도 암 같은 경우에는 유지를 해 보시는 게 좋지 않으시겠어요?
고객: 아 네. 좀 들어가 주세요.
상담사: 음
고객: 팩스로 들어가 주세요. 아유 머리 아퍼
상담사: 음 납부가 많이 어려우시다면요 고객님 어 자동이체 정지해 주시게 되면 어쨌든 10월 말일까지는 보상이 가능하신 부분이라
고객: 바람.
고객: 어 아니에요 해지 들어가 주세요.
상담사: 네.
고객: 했지요.
상담사: 그러세요 그러시면 업무 처리 도와드리겠습니다.
고객: 예.
고객: 예.
상담사: 해당 계약 가입 시에 통신 수단을 이용한 계약 해지에 동의하신 게 맞으세요?
고객: 네.
상담사: 네 고객님
상담사: 신분증 인증 후에 접수 진행할 텐데요 신분증 가지고 계십니까?
고객: 네.
고객: 불러드리면 안 됩니까?
상담사: 아 주민등록증이 싫으면 발급일자가 운전면허증이 싫으면 운전면허번호가 필요합니다.
고객: 아니 그냥 좀 줘보
상담사: 어떤 걸 가지고 계실까요?
고객: 주민등록번호만 불러주니까 해지 되던데요 여기는
상담사: 네.
상담사: 네.
상담사: 금융 사고 예방을 위해서
고객: 그러면 뭐 뭐 불러주댑니까.
상담사: 네 어떤 신분증 가지고 계세요 고객님?
고객: 네 뭐 뭐 불러드리면 될까요?
고객: 아 주민등록증으로
상담사: 어떤 신분증 가지고 계세요?
상담사: 네.
고객: 예 주민등록번호로 들어가지요?
상담사: 네 그러시면 발급일자 말씀해 주시겠습니까?
고객: 주민등록증요 발급 일자가
상담사: 네.
고객: 아
고객: 아 잠깐만요.
상담사: 네 천천히 확인하시고 말씀해 주세요.
고객: 해볼듯이 들어가요.
고객: 어 1999
상담사: 네.
고객: 1019요?
상담사: 음 고객님 사유 좀 여쭤볼게요.
상담사: 1999년 10월 19일 말씀해 주셨습니다.
고객: 네.
상담사: 네 실례지만 고객님 현재 직업은 어떻게 되십니까?
고객: 아 장사하고 있어요.
상담사: 네 당연하시겠지만 고객님의 국적과 거주국 동일하게 한국이십니까?
고객: 네.
상담사: 다른 나라에 세금 납부하시는 거 없으시고 미국 시민권자 아니시고요.
고객: 예.
상담사: 네.
상담사: 고객님께서 문의하신 계약 건은 증권번호 6489 7086 원스톱 슈퍼 암보험
상담사: 오늘 기준 해지 환급금 239500원으로 접수하겠습니다.
고객: 네.
상담사: 에 해지 접수 후에는 보험에 효력이 없고 해지 취소는 가능하지 않습니다.
상담사: 네 지금은 어느 은행으로 봐주시겠습니까?
고객: 네.
고객: 아 예 잠깐만요.
상담사: 네 확인하시고 말씀해 주세요.
고객: 아 예.
고객: 기킬싸
상담사: 어느 은행일까요 고객님?
고객: 농협이요?
상담사: 농협 이시구요.
고객: 너무해다.
고객: 네 기피사
상담사: 네.
상담사: 질투해서
고객: 다시 0
고객: 다시 02
상담사: 국민
상담사: 02
고객: 예 2250 14요.
상담사: 77402
상담사: 25074 맞으십니까?
고객: 네.
고객: 아 예 예
상담사: 네 농협중앙회 계좌이신가요?
고객: 아 다닐 거예요 중앙은 아니고
상담사: 간이 농협이세요?
고객: 네.
고객: 예.
상담사: 네 해당 계좌는 고객님 명의 계좌이시구요.
고객: 네.
상담사: 네.
상담사: 이 계좌로 지급을 도와드릴 거고요 접수 중에 있으니 잠시 기다려 주세요.
고객: 예.
고객: 네
고객: 예.
상담사: 네.
상담사: 누나가 사과 틀어 준 거예요?
상담사: 네 접수 완료되었구요 해지 환급금만 2시간 이내에 지급됩니다.
고객: 네.
고객: 네.
상담사: 네 그러면 김 동의 고객님 앞으로 되어있는 계약 건은 1억으로 크게 들어주셨으니만큼 잘 유지 부탁드리고요 다음번에는 고객님과 맞는 상품으로 다시 만나 뵙길 바라겠습니다.
고객: 네.
상담사: 네.","고객은 계약자 임매옥으로, 생년월일 1964년 10월 19일이며, 농협 계좌를 사용하여 보험료를 납부하고 있음.  
고객은 암보험(증권번호 6489 ****, 원스톱 슈퍼 암보험)을 해지하기 위해 문의함.  
해지 사유는 납부 능력 부족으로, 해지 접수 후 보험 효력이 없어지며, 해지 취소는 불가능함.  
해지 환급금은 239,500원으로, 농협 간이 계좌(계좌번호 2250 14 77402 2****)로 2시간 이내 지급 예정.  
고객은 신분증으로 주민등록증 발급일자(1999년 10월 19일)를 제시함.","납부할 능력이 없어 본인계약건 지금 바로 해지요청
감액, 자동이체 정지, 보장내용 안내등 해지방어 했으나 거부 하여 해지접수
해지취소가능하지 않음/ 2시간이내 지급
","납부능력없음
본인계약건
즉시해지요청
감액
자동이체정지
보장내용안내
해지방어
거부
해지접수
해지취소불가
2시간이내지급",가능,0.9,"납부능력 부족으로 해지요청, 감액/자동이체정지/보장내용 안내 등 해지방어 시도, 고객 거부, 해지접수, 해지취소 불가, 2시간 이내 지급 등 모든 내용이 STT에서 확인됨",가능,,E147381,2026-03-09T10:58:35.196684,,,,,가능,,,,,오답,,"정보_누락, STT_내용_추가(정상)","정보_누락: 청크2에서 감액/자동이체 정지/보장내용 안내 등 해지방어 시도와 고객 거부라는 상담의 핵심 흐름이 generated에 완전 누락됨. STT_내용_추가(정상): 고객 이름/생년월일, 증권번호/상품명, 환급금액, 계좌 은행, 신분증 발급일자 등 다수 추가",Y,,오답,,"{'label': '정보_누락', 'action': 'modify', 'error_detail': '감액, 자동이체 정지, 보장내용 안내 등 해지방한 내용 누락 됨', 'chunks': [2]}, {'label': 'STT_내용_추가(정상)', 'action': 'modify', 'error_detail': '고객이름 임매옥으로, 생년월일 1964년 10월 19일,주민등록증 발급일자(1999년 10월 19일) 인 정보들이 STT에서 추가됨. 모두 전사 정상', 'chunks': [1, 3, 5, 5, 1]}",E147381,2026-03-10T13:50:49.647257,,,,,,,,
203,"상담사: 반갑습니다. 입니다.
고객: 네 딴 게 아니고요 내가 보험 들어있는거 있거든 그 증권 좀 다시 보내달라구요.
상담사: 아 네.
상담사: 음 제가 정보 확인 후 안내 도와드리겠습니다.
고객: 네.
상담사: 어 아
상담사: 고객님 전화 주신 분은 님 계약자 분이 맞으십니까?
고객: 네.
상담사: 생년월일이 어떻게 되세요?
고객: 55년 10월 25일이요.
상담사: 네 핸드폰 번호 어
상담사: 핸드폰 번호는
상담사: 0102467 뒤에 4자리 어떻게 되세요?
고객: 010
고객: 8014
고객: 8014
상담사: 음
상담사: 고객님 지금 전화번호가
상담사: 그 안 보이시거든요.
고객: 01024 010-2467-****
상담사: 아 고객님께서 저희 쪽으로 전화 주신 전화번호는 어떤 번호세요?
고객: 지금 이 전화예요.
상담사: 아 그러세요 근데
고객: 아 그거
상담사: 예 예 예
고객: 보험 상담원이
상담사: 예.
고객: 보험 저 뭐야 그 뭐야 뭐라노 내가 저기
상담사: 예 예.
고객: 간병 보험 그거 들어 있거던 그 아가씨가 글로 연결해 줘서 그래요.
상담사: 네
상담사: 아 그러세요?
상담사: 아
고객: 네.
상담사: 네 선생님
고객: 내가 전화하면 시간 걸린다고 내가
상담사: 아 네.
고객: 내가 증권 좀 보내 달라고 그러니까
상담사: 아 그러셨어요? 네 네 고객님.
고객: 네 네
상담사: 지금 지금.
상담사: 증권은
상담사: 1건 보내드리면 될까요? 지금 1건 있으시거든요.
고객: 저기 뭘 거 몇 년 된 거
상담사: 음
상담사: 암보험이요.
고객: 네 네 맞아요 그것만 보내주시면 돼.
상담사: 2021년에 가입하신 거 어떤 방법으로 받으시겠어요?
고객: 네 네.
고객: 우편이요 안산시 상록고
상담사: 우편이요 네.
상담사: 네.
고객: 반월로 33, **
상담사: 네.
고객: 이불 가게
상담사: 네 알겠습니다 제가 이쪽으로 증권 발송해 드리겠습니다 고객님 증권은
고객: 네.
고객: 네.
상담사: 이제 어
상담사: 어
상담사: 그 우편으로
상담사: 하실 경우에는 최대 7일까지 소요됩니다.
고객: 괜찮아요 네 괜찮아요.
상담사: 네
상담사: 네 알겠습니다.
고객: 어 뭐가 어떻게 되어 있나 확인 좀 할라고 네.
상담사: 네.
상담사: 감사합니다.
고객: 네.","고객은 2021년에 암보험을 가입했으며, 현재 계약자로 55년 10월 25일생이며, 핸드폰 번호는 010-2467-****이다. 고객은 가입한 암보험 증권을 우편으로 안산시 상록구 반월로 33, ** 이불 가게로 발송해 달라고 요청하였으며, 발송은 최대 7일이 소요될 수 있다.","간병보험들어있다고 증권 우편발행요청
2021년 가입한 암보험 1건 가입되어있고 증권 우편발송해드림/ 최대7일소요됨","간병보험
증권우편발행요청
2021년
암보험
1건
증권우편발송
최대7일소요",가능,0.95,"간병보험 언급, 증권 우편 요청, 2021년 암보험 1건, 증권 우편발송 처리, 최대 7일 소요 모두 STT에서 확인됨",가능,,E147381,2026-03-09T10:57:52.246612,,,,,가능,,,,,오답,,"정보_누락, STT_내용_추가(정상)","정보_누락: 청크1에서 고객이 '간병보험'이라고 문의한 사실이 generated에서 누락되고 '암보험'으로만 표현됨. reference의 핵심은 고객이 간병보험이라고 인지하고 있다는 점. STT_내용_추가(정상): 고객 생년월일, 핸드폰 번호, 발송 주소(안산시 상록구 반월로) 등 추가",Y,,오답,,"{'label': '정보_누락', 'action': 'modify', 'error_detail': '간병보험 들어있다고 증권 우편발행요한 부분 누락됨', 'chunks': [1]}, {'label': 'STT_내용_추가(정상)', 'action': 'modify', 'error_detail': '계약자의 생년월일(55년 10월 25일생),핸드폰 번호 010-2467-****,우편 주소가STT에서 추가됨. ', 'chunks': [1, 1, 3]}",E147381,2026-03-10T13:59:19.464549,,,,,,,,
205,"상담사: 반갑습니다. 박근하입니다.
고객: 아 제가
고객: 내가 했어.
고객: 보험은 빠지는 건 있는데 증권을 없어가지고 증권이 좀 필요해서
상담사: 네 고객님 지금 고객님께서 주신 전화번호는 저희 쪽에서 정보 조회가 되지 않아요.
고객: 네.
고객: 예.
상담사: 예 혹시 제가 주민번호 ARS 연결해 드릴 테니까 주민번호 눌러주실 수 있겠어요?
고객: 예 알겠습니다.
상담사: 네.
상담사: 필요한 방법은 아니었어요.
상담사: 할복직 됐다.
상담사: 국제 학생은 80대 막 이상한 거잖아요.
상담사: 이건 남편이 서울에서 누구 보낼까요 동생이 서울에서 누구 보낼까요?
상담사: 네.
상담사: 네 남은 기간은 통원센터 다 받은 거고
상담사: 저는 집약이 터놓고 다니면 정지 그게 오해가 좀 있습니다.
상담사: 네
상담사: 이사하면은
상담사: 있죠 있죠.
상담사: 천만
상담사: 소리만 들리는
상담사: 2월 30일이요.
상담사: 부산광장
상담사: 다 기억을
상담사: 네 여보세요
상담사: 네.
상담사: 고객님
고객: 예.
상담사: 예.
상담사: 지금 고객님이 주민번호 눌러주셨는데 정보 조회가 되지 않거든요.
상담사: 예 저희 에이아이 쪽에 전화 보험이 가입된 게 맞으실까요?
고객: AI 검사
고객: 3주
고객: 달달이 잉그누구치하나씩 빠지던데
상담사: 아 그러세요.
고객: 그거 꼭 병권 병권이 없어가지고
상담사: 제가 잘 못 들어서 죄송합니다.
상담사: 계약?
상담사: 그러면 계약.
고객: 정권이 없어 갖고
상담사: 음 고객님 그러면 계약자가
고객: 예.
상담사: 고객님이 아니실 수도 있어요.
고객: 아 저밖에 없어요 저는 내 것밖에 안 여커니는
상담사: 아
상담사: 그래요 고객님 주민등록번호가 590701, ******
고객: 예.
상담사: 2 2808215 맞으세요?
고객: 예.
상담사: 어
상담사: 고객님.
상담사: 정보 조회가 되지 않으셔 않으셔서
상담사: 예.
상담사: 혹시 에이아이에이 말고 다른 보험사일 수도 있거든요.
고객: 어
상담사: 음
고객: AI
상담사: 예 저희 AIG도 있어요.
고객: 예?
상담사: AI 쥐도 있어요.
고객: 에이알 씨
상담사: 네
고객: 아이
고객: 제가 좀 성경 한번 확인 한번 해볼게요.
상담사: 예.
고객: 예 예 예.
상담사: 네 감사합니다.","고객은 보험 가입 정보 조회를 위해 전화를 걸었으며, 주민등록번호 590701-2280****를 제공했으나 시스템에서 정보 조회가 되지 않았다. 고객은 보험 가입 여부를 확인하기 위해 AI(에이아이) 보험사의 정보를 확인할 예정이며, 계약자에 대한 정보는 본인임을 강조했다.","증권발행요청/ 눌러주신 주민번호로 정보조회안됨
aig 등 다른보험사 일수있음/ 확인해본다고하심","증권발행요청
주민번호 정보조회안됨
aig
다른보험사 가능
확인예정",가능,0.9,"증권 요청, 정보 조회 불가, AIG 등 다른 보험사 가능성 안내, 확인 예정 모두 STT에서 확인됨",가능,,E147381,2026-03-09T10:50:29.753408,,,,,가능,,,,,오답,,"정보_누락, STT_내용_추가(정상)",정보_누락: chunk1 증권발행요청이 generated에 완전히 누락됨. 콜의 핵심 목적 미반영; STT_내용_추가(정상): 주민번호 부분 수치(590701-2280****)가 추가됨. STT 정상 전사 내용,Y,,오답,,"{'label': '정보_누락', 'action': 'keep'}, {'label': 'STT_내용_추가(정상)', 'action': 'keep'}",E147381,2026-03-10T14:08:55.070320,,,,,,,,
215,"상담사: 반갑습니다. 배소영입니다.
고객: 예.
고객: 저기
고객: 제가 보험 들은 거
고객: 그 3만4000
고객: 329원짜리를
고객: 저 정지시킬려고 그래요 납입정지.
상담사: 아 그러세요? 저는
고객: 카드에서 빠져나가거든요.
상담사: 아예 확인 좀 해보겠습니다 전화주신 분 계약자 분입하십니까?
고객: 예.
고객: 네 네 네.
상담사: 번호 번호 010 7276에 몇 번이십니까?
고객: 7.16 5.39
상담사: 주민등록번호 앞 6자리가 어떻게 되세요?
고객: 어
상담사: 몇 년도 몇 월 며칠이십니까?
고객: 응 꾸꾸
고객: 주민등록증번호가
고객: 501204
상담사: 앞자리
상담사: 감사합니다 AI 생명보험에 3건이 있는데요 이 중에
고객: 응.
고객: 네.
상담사: 3만 4329원 말씀하세요?
고객: 네 네 네.
상담사: 아 이 보험은 해약을 처음에 하신다고 문의 주신 거였어요 아니면 자동이체 정지만 일단 해드릴까 안 나가도록.
상담사: 경제상황에 대해서
고객: 예 안나가도록 정지시켜 주세요 예.
상담사: 아 그러면 해양 요청은 취소해 놓을게요. 괜찮으시면 연락 안 가도록 해 놓고요.
상담사: 그럼 자동이체 정지로 하시는 거 맞으시죠?
고객: 예.
상담사: 34329원 인데요 이 보험을 8월달 까지 납부하셨는데 우선 정지를 하시려는 사유가 있으세요 고객님?
고객: 예.
고객: 네.
고객: 아니 그러니까는
고객: 그냥 정지시키면 자동으로
상담사: 경치를
고객: 하는 거지요?
상담사: 2달 예 2달간 유지가 돼요 그래도.
고객: 어
상담사: 2달간 혜택을 받거든요 10월 말까지는 유지가 되고 보험료 안 나가는 상태로 혜택을 줘요 10월 말까지는 10월 말까지 납부가 안 되면 그때 가면 이제 효력이 상실해요 이제 그때 가는 보장을 못 받고 실효가 돼 버려요 실효가 되면 보장을 못 받게 되거든요 또 부활도 할 수 있고
고객: 응 응
고객: 어
고객: 어.
고객: 네.
고객: 네 네.
상담사: 이제 10월 말까지 힌트를 받으실 수 있어요.
고객: 예 그러면
고객: 네.
고객: 그러면 좀 그렇게 해주시겠어요?
상담사: 그럼
상담사: 아유 하시겠어요 그럼 2달간은 유지가 되고요 지난달까지 카드 사용해서 카드는 후불제이신 점 참고하시고요 8월달까지 신한카드 사용을 했잖아요.
고객: 네.
고객: 네.
상담사: 8월달 명세서가 이번 달에 청구가 돼요 그건 납부하셔야 되고요.
상담사: 납입 예정입니다.
고객: 응.
상담사: 예정일을 설정하고 바로 정지만 해드릴 텐데요.
상담사: 어 예정일은 똑같이 20일로 해 드리고 정지해 드리면 되겠습니까?
고객: 네.
상담사: 1건만 해드리면 되죠 정지.
고객: 네.
상담사: 바로 해드릴게요. 고객님 염려 마시구요.
고객: 네
고객: 네.
상담사: 이번 주 보험료부터 안 나가도록 정지만 해드렸습니다.
고객: 네.
상담사: 감사합니다. 네
고객: 그럼 9월부터 안 나가요?
상담사: 어 맞아요 이번 달 보험료가 또 원래 매달 20일 날 일시불로 승인을 하잖아요.
고객: 예 예 예.
상담사: 이번 달부터 납부가 안 되게 정지를 해 놓은 거예요.
고객: 네
고객: 예.
상담사: 감사합니다.
고객: 다음 주에 봬요.
상담사: 예 감사합니다.
고객: 네.","고객은 계약자로서 3만 4329원짜리 보험의 자동이체를 정지 요청하였으며, 8월까지 납부한 바 있다. 9월부터 보험료가 납부되지 않도록 자동이체 정지를 요청하였고, 정지 후 10월 말까지 보험 혜택이 유지된다. 8월 명세서는 이번 달에 청구되며 납부가 필요하다. 정지 일정은 20일로 설정되어 있으며, 이번 주 보험료부터 정지된다.","34,329원건 납입정지요청
해약관련 전화요청 메모있는데 전화안가게 취소해드리고 자동이체 정지 도와드림 
최종납월 8월로 연실안내/ 부활도 가능함/ 
8월 카드승인건은 이번달에 청구예정이며 9월부터 납부안되게 정지해드림","34,329원
납입정지요청
해약전화요청
취소
자동이체정지
최종납월8월
연실안내
부활가능
8월카드승인
청구예정
9월납부정지",가능,0.9,"모든 요약 내용이 STT에서 명확히 확인됨. 34,329원 납입정지, 해약요청 취소 및 자동이체 정지, 최종납월 8월, 연체실효 안내, 부활 가능, 8월 카드청구 예정, 9월부터 정지 처리 등 모두 대응되는 발화가 존재함.",가능,,E147381,2026-03-06T17:52:22.544368,,,,,가능,,,,,오답,,정보_누락,"정보_누락: chunk2(해약 전화요청 메모 취소 처리), chunk3(최종납월 8월 연실 안내), chunk4(부활 가능 안내) 모두 누락",Y,,오답,,"{'label': '정보_누락', 'action': 'keep'}",E147381,2026-03-10T14:09:49.784154,,,,,,,,
217,"상담사: 반갑습니다. 배소영입니다.
고객: 네 수고하십니다.
상담사: 아 예 안녕하세요.
고객: 예 오늘 같은 계좌로 보험료를 입금했는데
상담사: 어 그러셨어요 네 확인해 보겠습니다.
고객: 아니요.
고객: 예 근데 아 뭐 뭐 받았다는 게 없어서 내
상담사: 네 전화주신 분 계약자 배영신 계약자 분님 맞습니까?
고객: 네 네 맞아요. 네
상담사: 전화번호 010에 7530이 몇 번이세요?
고객: 예.
고객: 2900
상담사: 주민등록번호 앞 6자리 어떻게 되세요?
고객: 동공이이고
고객: 에이 배영 배영순 아까 이름 확인했잖아.
상담사: 주민번호 앞 6자리 어떻게 되세요?
고객: 480120 사
상담사: 확인 감사합니다 저희가 가상 계좌는 금액이 정확하지 않으면 입금 처리 자체가 안 돼 버리세요 그래서
고객: 480119
고객: 아
고객: 부가가 했는데?
상담사: 아니 그까 입금을 했기 때문에 따로 연락이 가진 않구요.
고객: 어 어
상담사: 72140원 입금해 주셔가지고 저희가 9, *****************************
고객: 예.
고객: 예예예 아 예 됐습니다 그럼
상담사: 예 염려 안 하셔도 돼요 예.
고객: 예 오후에
상담사: 2달분 납부처리 되었습니다 8월 9월까지요.
고객: 네.
고객: 예 예 알았어요.
상담사: 감사합니다. 잘 납부되었어요. 네
고객: 네. 감사합니다.
고객: 응.","고객은 계약자 배영신(주민등록번호 앞 6자리: 48****)으로, 72,140원을 입금했으며, 8월과 9월 보험료가 정상 납부 처리되었음.","가상계좌 입금이력 확인요청
72100 40 원 입금하셔서 8-9월보험료 처리됨안내","가상계좌입금이력 확인
72100 40원입금
8-9월보험료 처리",가능,0.9,"가상계좌 입금 확인 요청과 72,140원 입금으로 8-9월 보험료 처리 안내 내용이 STT에서 모두 명확히 확인됨. REF의 '72100 40원'은 '72,140원'의 표기 차이로 보이며 STT와 일치함.",가능,,E147381,2026-03-06T17:54:05.886714,,,,,가능,,,,,정답,,"정보_누락, STT_내용_추가(정상)",정보_누락: 가상계좌 입금이력 확인 요청이라는 콜 목적 미반영; STT_내용_추가(정상): 고객 이름·주민번호 앞자리 추가. STT 정상 전사,Y,,오답,,"{'label': '정보_누락', 'action': 'keep'}, {'label': 'STT_내용_추가(정상)', 'action': 'keep'}",E147381,2026-03-10T14:12:45.947792,,,,,,,,
219,"상담사: 반갑습니다. xxx입니다.
고객: 예 뭐 좀 여쭤보려고 하는데요.
상담사: 아 안녕하세요.
고객: 어 예 그 제가 거기
고객: 그 주간지나 뭐 지원사업 이런 것들을 좀 하려고요
상담사: 네.
고객: 계약된 보험이 있는데
상담사: 네.
고객: 예 그
고객: 갱신형이거든요?
상담사: 어 우선은 전화주신 분 성함은 어떻게 되실까요? 본인 확인 먼저 하겠습니다.
고객: 안정인
상담사: 계약직이신 안정인 계약직 본인 맞습니까?
고객: 네
상담사: 전화번호 0102256에 몇 번이실까요?
고객: 0 3 0 8
상담사: 주민등록번호 앞 6자리 말씀 부탁드립니다.
고객: 780308
상담사: 확인 감사합니다.
상담사: AI 생명보험에요 지금 조회해 볼 텐데요.
고객: 네
상담사: 암보험 조건 모두 갱신형 보험입니다 안정의님 건 1건 윤준선 인건 1건이세요.
고객: 네.
고객: 그 그런데 이제
상담사: 네.
고객: 이게
고객: 그 처음에 이제 암 아이 저 저기
고객: 보험 계약하면 보장 금액이
상담사: 네.
고객: 2년 안에는
고객: 50프로인가
고객: 그렇게 되잖아요.
상담사: 네 네네
고객: 근데 이게 이제
고객: 이제
고객: 지금 10년인가
고객: 갱신이 돼서
고객: 다시 시작이 되면
상담사: 네.
고객: 그게 암 보장 금액이
상담사: 어 아니에요 아니에요.
고객: 또 그렇게 적용되나요?
상담사: 그렇게 되는 건 아니구요.
상담사: 그러니까 갱신만 이뤄지는거지
고객: 아 그러면은
상담사: 뭐 2년 다시 갱신되고 2년 지나고 그런 건 아니세요 갱신은 자동으로 이뤄지기 때문에
고객: 감사합니다.
고객: 아
상담사: 그러니까 기간은 그대로 이어가는 거예요 최초 계약일을 이어가는 거고 보험료만 변동이 되는 것도 갱신 시기에 따라
고객: 예 예.
고객: 아
고객: 아
상담사: 그래서
상담사: 그대로예요 예 보장은.
고객: 알겠습니다 아
상담사: 네 그건 염려 안 하셔도 돼요.
고객: 예 예 그럼 예 됐습니다 감사합니다.
상담사: 네
상담사: 예 감사합 예 건강 관리 잘 하시구요 감사합니다 네.
고객: 감사합니다.
고객: 예 알겠습니다.
고객: 네.
상담사: 네 감사합니다.","고객은 안정인으로, AI 생명보험의 갱신형 암보험을 가입하고 있으며, 계약일 기준으로 보장이 이어지고, 갱신 시 보험료만 변동되며 보장 금액은 다시 2년 내 50% 적용되지 않음을 확인했다.","갱신후 감액기간 재적용문의
자동갱신후 보험료만 변동되고, 보장기간 이어가며, 감액기간 재적용 없음안내","갱신후
감액기간 재적용
문의
자동갱신후
보험료 변동
보장기간 유지
감액기간 재적용 없음
안내",가능,0.95,"갱신 후 감액기간 재적용 문의와 상담사의 안내(자동갱신, 보험료만 변동, 보장기간 유지, 감액기간 미재적용) 내용이 STT에서 모두 명확히 확인됨.",가능,,E147381,2026-03-06T17:55:02.071138,,,,,가능,,,,,정답,,STT_내용_추가(정상),STT_내용_추가(정상): 고객 이름(안정인) 추가. STT 정상 전사. 핵심 보장 내용은 모두 정확히 반영됨,Y,,오답,,"{'label': 'STT_내용_추가(정상)', 'action': 'keep'}, {'label': '정보_누락', 'action': 'add', 'error_detail': '갱신후 감액기간 재적용 문의한 내용이 누락되었다.', 'chunks': [1]}",E147381,2026-03-10T14:17:26.419863,,,,,,,,
228,"고객: 어
상담사: 네 반갑습니다 유효손입니다.
고객: 네 반갑습니
고객: 안녕하세요 말씀 좀 묻겠습니다.
상담사: 네.
고객: 예 제가 L.I.
고객: 보험 가입자인데요.
상담사: 죄송합니다만 그럼 고객님 그 지금 이 연락 주신 번호로는 계약 건이 조회가 안되시는데 혹시 저 휴대폰 번호가 어떻게 되세요.
고객: 네 아마 그런 것 같아요.
고객: 안되시는데
고객: 혹시 휴대폰 번호가 어떻게 되십니까?
상담사: 네.
고객: 3030
상담사: 네.
고객: 이이오이오
상담사: 네 확인 한번 해볼게요 고객님.
고객: 확인 1번 해볼게요.
상담사: 고객님 제 아.
고객: 고객님 그 어.
상담사: 혹시 김영일 고객님 기억들 계시고요?
고객: 예예예예.
고객: 예예 연락처는 알려주셨고 생년월일 앞자리 옆자리 좀 말씀해주시겠어요?
상담사: 연락처는 알려주셨고 생년월일 앞자리 6, *************
상담사: 감사합니다 어떤 업무 보시려고 연락주셨을까요 고객님?
고객: 어떤 거 보시려고 연락 주셨을까요? 회원님?
고객: 제가
상담사: 네.
고객: 최장 CT 촬영하구요.
상담사: 네.
고객: 복부 초음파를 했는데 보험 청구가 되는지 궁금해서 전화드렸어요.
상담사: 네.
상담사: 어 죄송합니다만 상품이 그 실비보험은 아니셔가지고 고객님.
고객: 죄송합니다만 상품이.
고객: 실수보험은 아니셔가지고 고객님.
상담사: 시티랑 뭐 뭐 초음파 관해서는 청구가 안 되시는 걸로 확인되는데요.
고객: 아 시시티 하고 초음파는 안 돼요?
상담사: 예. 퀴즈 보험은 아니셔서요.
고객: 네 취소
고객: MRI는 되나요?
상담사: MRI도 안 돼요 여기는.
고객: MRI도 안 돼요. 회원님.
고객: 어 그러면 뭐
고객: 평소에 병원가서 뭐 그런 거 뭐 할 필요성이 많던데
고객: 청구가 안 되면은
고객: 뭐 이거 암밖에 안 돼요 암.
상담사: 아니요 이거는 고객님 조계약은요 질병 입원비.
고객: 시각은 수량위반비
고객: 입원비요?
상담사: 하고요.
상담사: 네 2번 비요.
고객: 예.
고객: 예
상담사: 질병 입원비랑 주요 입원비 입원비 주요 입원 수술비
고객: 비료지방 소재비
상담사: 네 수제비가 1, ****************
고객: 기준치가 1, ****************
상담사: 생활 질환 입원비 생활 질환 수술비
고객: xxxxx 이번 일정.
상담사: 제 사망보험금 제
고객: 아 그러세요.
상담사: 장애급여금 대입원비
고객: 범비 2 대
상담사: 2대 질병이라고
고객: 네 정보 확인 후에 환불 접수 도와드리도록 하겠습니다.
상담사: 급성 심근경색증 뇌출혈 내 경색증으로 진단하시면 진단금이 나오시는 게 있고 그다음에 일반 암 진단 급여금
고객: 이제 경색증으로 진단검사 돼있고 그다음에 일반암
고객: 그러면
상담사: 이렇게 청구가 소위감 소위감 진단 급여금이 나오신 상품 가입하셨어요.
상담사: 네.
고객: 암 검사를 해 가지고 암으로 판정이 돼야
고객: 보험 청구가 되죠.
상담사: 그렇죠. 이제 암 진단비가 나오신 상품이 있어요. 일반 암이랑 소외감이 따로 있어요.
고객: 그렇죠 이제 암 진단비가 나올 수도 있어요 일반암이랑
고객: 그러면 사은
고객: 사망보험금은 얼마나 돼 있어요?
상담사: 제 2 사망보험금이 있는데요. 고객님 제 2 사망보험은 지금 1000만 원 있는 걸로 확인됩니다.
고객: 제외 상품권이 있는데요. 고객님.
고객: 이런 경우는 지금 1000만
고객: 아
고객: 제가 죽었을 때 1000만 원밖에 안 돼요.
상담사: 재해로 사망하셨대요.
고객: 아 예 예 예.
상담사: 어
고객: 감사합니다 좋은 하루 되세요.
상담사: 네 건강하시고요. 연령대 피난 상품으로도 신경 포장해서 연락드려요.
고객: 건강하세요.
고객: 신경 쓰셔서","고객은 김영일씨로, L.I. 보험 가입자이며, 복부 초음파 및 MRI 검사의 보험 청구 가능 여부를 문의함. 상담사 확인 결과, 해당 상품은 실비보험은 아니며, 초음파 및 MRI 검사는 청구 불가능함. 보장 내용은 질병 입원비, 주요 입원비, 주요 수술비, 생활 질환 입원비, 생활 질환 수술비, 급성 심근경색증, 뇌출혈, 내경색증 진단 시 진단금, 일반 암 진단 급여금, 장애급여금, 대입원비 등이며, 사망보험금은 재해 사망 시 1,000만 원 지급.","실비아니여서 검사비 해당무
보장내용 읽어드림","실비아니
검사비 해당없음
보장내용
읽어드림",가능,0.9,"실비 아님, 검사비 청구 불가, 보장내용 안내 모두 STT에서 확인됨.",가능,,E147381,2026-03-09T09:50:33.850120,,,,,가능,,,,,정답,,STT_내용_추가(정상),"STT_내용_추가(정상): 보장 내용 상세 목록(입원비, 수술비, 진단금 등)이 STT에서 추가됨. 정상 전사 내용이나 정답지는 '보장내용 읽어드림'으로 간략화",Y,,과답,,"{'label': 'STT_내용_추가(정상)', 'action': 'keep'}",E147381,2026-03-10T14:18:38.633307,,,,,,,,
230,"상담사: 반갑습니다 박혜은 입니다.
고객: 아 네 제가 그
고객: 그거 뭐지?
고객: 뭐 뭐 보험료 납입을 삼청카드로 했는데
상담사: 네.
상담사: 네.
고객: 그 카드 그 결제 카드를 바꿀 수 있어요 혹시?
상담사: 네 변경 가능하십니다. 고객님 저희 간단한 본인 확인 후에 저희 변경 도와드리겠습니다.
고객: 아 아 아 아니 지금 제가 한다는 게 아니고
상담사: 네 네 네.
고객: 그게 가능한지 제가 함 여쭤보고
상담사: 네네
고객: 어 결정하려고 그 아무 때나 가능한 거예요. 제가
상담사: 네 가능하십니다. 고객님 본인 명의 카드세요?
고객: 아 네 네 그렇죠.
상담사: 아 네 카드.
고객: 2개 다 그러니까 지금도 내 카드
고객: 변경할려는 거 또 내 카드
상담사: 아 변경 가능하십니다. 언제든지 가능하십니다.
고객: 아 그래 그러면
상담사: 네 네 네.
고객: 그 뭐지
고객: 결제일이 제가 한 뭐 20일쯤 되는데
상담사: 네.
고객: 저희 아이가 어렸을 때 클럽에서 막 도우미하고 막 이러다가 도우미가 이렇게 막 이러다가 도우미가 이런 걸 보다 막 이러다가 막 이러다가 막 이러다가 막 이러다가 막 이러다가 막 이러다가 막 이러다가 막 이러다가 막 이러다가 막 이러다가 막 이러다가 막 이러다가 막 이러다가 막 이러다가 막 이러다가 막 이러다가 막 이러다가 막 이러다가 막 이러다가 막 이러다가 막 이러다가 막 이러다가 막 이러다가 막 이러다가 막 이러다가 막 이러다가 막 이러다가 막 이러다가 막 이러다가 막 이러다가 막 이러다가 막 이러다가 막 이러다가 막 이러다가 막 이러다가 막 이러다가 막 이러다가 막 이러다가 막 이러다가 막 이러다가 막 이러다가 막 이러다가 막 이러다가 막 이러다가 막 이러다가 막 이러다가 막 이러다가 막 이러다가 막 이러다가 막 이러면 어 막 이러면 어 막 이러면 안 먹으면 좀 안타가고 막 이러더테보고 막 이러면 안타까고 뭐 이런 식으로 먹으면 좀 안타까 먹으면 좀 안타까진 않먹고
고객: 그 한 몇
고객: 며칠 전에 했
고객: 뭐지 그럼 만약에 지금을 기준으로 하면
고객: 지금쯤 해야?
고객: 이번 달까지는 나오고 다음 달부터는
고객: 그 변경된 카드로 나오는 거예요?
상담사: 지금 이제 만약에 기존 카드로 20, *****************************************************************************************************************
고객: 예 예 잠시만
고객: 네 네 네.
고객: 아 그렇죠?
고객: 네.
고객: 아 요렇게 전화해서 하면 되는 거죠?
상담사: 네 네 동일하게 연락 주시면 저희가 이쪽에서 바로 변경 가능하십니다.
고객: 아 예.
고객: 예 예.
고객: 아 예예 알겠습니다.
상담사: 네 감사합니다.
고객: 네 네 네.
상담사: 네.","보험료 납입을 위한 삼청카드를 변경할 수 있는지 문의함. 변경은 본인 명의 카드로 언제든지 가능하며, 현재 카드로는 이번 달까지 납부가 이루어지고, 다음 달부터는 변경된 카드로 납부가 진행됨. 전화로 연락 시 즉시 변경 처리 가능함.","카드변경 가능여부문의/ 전화신청가능함
20일전 변경시 변경된 카드에서 20일 결제가능함","카드변경 가능여부
전화신청 가능
20일전 변경
변경된 카드
20일 결제가능",가능,0.85,"카드변경 가능여부, 전화신청 가능, 20일 결제일 기준 변경 시기 안내 모두 STT에서 확인됨. 상담사 설명 부분이 마스킹되어 있으나 고객 발화로 내용 추론 가능.",가능,,E147381,2026-03-09T10:08:06.687356,,,,,가능,,,,,정답,,STT_내용_추가(정상),"STT_내용_추가(정상): generated에 본인명의 카드 조건, 이번 달까지 현재 카드 납부, 전화 즉시 변경 가능 등 STT에 있는 정상 전사 내용이 reference에는 없지만 추가됨.",Y,,오답,,"{'label': 'STT_내용_추가(정상)', 'action': 'keep'}, {'label': '정보_누락', 'action': 'add', 'error_detail': '20일전 변경시 변경된 카드에서 20일 결제가능하다는 내용 누락 (STT상 전사 자체에 문제 있음)', 'chunks': [2]}",E147381,2026-03-10T14:21:00.223637,,,,,,,,
231,"상담사: 반갑습니다.
상담사: 중간에
고객: 아 네.
고객: 그 보험료 빠지는 그 카드가 지금 다시 재발급해서
상담사: 9월 이내의 목요일
고객: 갱신을 했거든요 그래서 다시 예 입장을 해야 돼서요.
상담사: 아 네 안녕하세요 저는 뭐 학교인데요
상담사: 지금 여기 와서
상담사: 어렵
상담사: 자 카드변경이세요?
고객: 네네네.
상담사: 네 고객님 문의하신 내용 정보 확인 후 안내드리겠습니다.
고객: 네.
상담사: 저희 등록된 연락처가 010, **************
고객: 1397이요.
상담사: 생년월일은 어떻게 되십니까?
고객: 610820
상담사: 네 확인되었습니다 지금 1건이 있으신데 이 건에 대해서 지금 자동이체 카드 변경이시죠?
고객: 네 네.
상담사: 네.
상담사: 카드는 똑같이 신한카드십니까?
고객: 네 네 네.
상담사: 네 카드번호 불러주시겠습니까?
고객: 9410
상담사: 9410
고객: 6186
상담사: 6186
고객: 8805
상담사: 8899
고객: 8805요.
상담사: 잠시만요. 다시 889.
고객: 아니 8805
상담사: 아 죄송합니다. 8805
상담사: 8805 네.
고객: 네.
고객: 9 8 7 6
상담사: 9876
고객: 예.
상담사: 네 제가 한번 읽어 보겠습니다 9410 6186
상담사: 8805
상담사: 9 8 7 6
고객: 네네 맞아요.
상담사: 네 유효기간 어떻게 되십니까?
고객: 0930
상담사: 30년 09월
고객: 네.
상담사: 네 고객님 지금 현재 국적과 거주하는 곳이 한국 맞으시죠?
고객: 네.
고객: 아직 있어요.
상담사: 네.
상담사: 아 고객님 그 자동으로 자동 승계되셨어요.
상담사: 근데 자동 승계되는 카드도 있는데 어쩌면 자동 승계가 또 안 되시더라고요 그래서 전화하시는데 이 카드는 자동 승계되었네요 고객님.
고객: 네네.
고객: 아 자동 승계가 됐어요?
상담사: 아닙니다.
상담사: 네 배경 되었어요.
고객: 어 아니 어쩌면 그래도 한번 확인해 보라고 그러더라고요.
상담사: 네.
상담사: 그렇죠. 네 예 예 예 확인하시는 게 좋으세요.
상담사: 다 자동 승인 어떻게 된 줄 알고 했는데 또 안 되시는 분들도 있고 그러더라고요.
고객: 네 네.
고객: 음
고객: 음.
상담사: 네.
고객: 그 지금 카드가 다시 지금 교체 발급이 돼서
상담사: 네.
고객: 몇 곤디다 지금 전화를 하고 있어
상담사: 그러세요 네.
고객: 네네 네네 네네.
상담사: 네. 고객님 제가 여기.
고객: 아 그럼 잘 됐어요?
상담사: 예 제가 여기 돼 있는 거 읽어보도록 해요 인제 356297464488-****
고객: 음
상담사: 맞으세요?
고객: 잠깐만요 다시 읽어보세요.
상담사: 네.
상담사: 잠시만요 잠깐 나갔다가 다시 한번 들어볼게요.
고객: 네네.
상담사: 좀 전에 하니까 이제.
상담사: 변경 사항이 없다고 나오시더라고요.
고객: 변동 사항이 없다고
상담사: 예.
상담사: 네.
상담사: 네 3562 9746
상담사: 0488.
상담사: 9139
고객: 이거는 지금 폐기할 카드거든요.
상담사: 근데 왜
고객: 지금 불러준 거는
상담사: 고객님 그러시면
상담사: 이거 그
고객: 네.
상담사: 새로운 파드 발급 받으시고.
상담사: 그거 하셨죠.
상담사: 있죠?
상담사: 등록을 하셨죠?
고객: 네 지금 이거 지금 등록한 거 지금 쓸 수 있다고 그랬거든요.
고객: 문자로 다 지금
상담사: 고객님 죄송합니다 예 죄송합니다만 다시 한번 그 번호 불러 보실래요 새로운 카드.
고객: 아 9410
상담사: 9410
고객: 6186
상담사: 6186
고객: 8805
상담사: 8805
고객: 9 8 7 6
상담사: 9876
상담사: 아주 번호가 다르신데 왜 잠깐만요.
고객: 네.
고객: 그니까요.
상담사: 네.
고객: 이건 압정 카드예요 불러 준 건 아까.
상담사: 그니까 네네 그리고 유효기간은
상담사: 30년
고객: 0930 30년 9월
상담사: 예 9월 30년 9월 네.
고객: 네 네
상담사: 잠시만요. 이게요.
상담사: 고객님이
상담사: 아직 그게 등록이 안 되셨나 봐요.
고객: 어 근데 저한테 문자를 안 됐
고객: 지금 등록이 안 됐다고 나와요?
고객: 지금 나한테 문자는 오전에
상담사: 네네.
고객: 다 내가 내가 저 본인이 받았으니까 본인이 받으면은
상담사: 네.
상담사: 예.
고객: 그냥 자동으로 다 그 저기가 되거든요?
상담사: 그니까 저 저 본인이 받으면 되는데 여기에서
고객: 네.
상담사: 입력 요망하고 나오는데
상담사: 이게 지금 안 되시는데.
고객: 엄마야 이
상담사: 고객님 그러시면 오늘 지금 인자 받아서 안 되나?
고객: 아니에요 그러지는 않아요.
상담사: 아 네.
고객: 내가 그러면
상담사: 그렇죠.
상담사: 네네.
고객: 확인을 하고 다시 전화드릴까요?
상담사: 네 네 고객님 제가 이제 가 아.
상담사: 아 다시 1번
상담사: 전화 주실래요 지금 여기서는 안 되고 있거든요.
고객: 안 된대요?
상담사: 예 지금.
고객: 근데 그게 나한테 문자인다던데.
상담사: 예.
상담사: 여기가 여기서 확인 뭐 요망으로 나오세요.
상담사: 하긴.
고객: 아하
상담사: 다시
상담사: 네.
고객: 오늘 써도 된다고 신한카드 거기에서 문자 예.
고객: 바로 사용 가능합니다 이렇게 써 있거든요.
상담사: 그러세요 근데 지금 안 되시는데
고객: 네.
상담사: 네.
고객: 그러면 또 내가 또 이거를 해야지요.
상담사: 아 네 확인해 보고 다시 여쭤 부탁드릴게요 고객님.
상담사: 죄송합니다. 네 이게 안 돼
고객: 사실은 이제 수학 과학 쪽에 더 많 강한 강한 강풍이 강한 강풍이 강한 강풍이 강한 강풍이 강한 강풍이 강한 강풍이 강한 강풍이 강한 강풍이 강한 강풍이 강한 강풍이 강한 강풍이 강한 강풍이 강한 강풍이 강한 강풍이 강한 강풍이 강한 강풍이 강한 강풍이 강한 강풍이 강한 부품부 품목이 강한 강풍이 강한 강풍이 강한 부품명 때문에
고객: 아 뭐 아니 아니요 그럴게요.
상담사: 네 알겠습니다.
고객: 알겠습니다.
상담사: 예 감사합니다. 네.
고객: 네.
고객: 네.","고객은 신한카드를 재발급받아 자동이체 카드 변경을 요청하였으며, 카드번호 9410 6186 8805 ****, 유효기간 30년 9월을 제시함. 현재 등록된 카드 정보는 35629746****-****이며, 변경 사항이 없다고 안내됨. 새로운 카드는 등록되지 않은 상태로, 고객이 문자를 받았으나 시스템에서는 확인되지 않음. 카드 변경은 현재 시스템에서 처리되지 않음.",카드변경요청하셔서 확인해보니 새로운카드 자동 승계되어 있는줄 알았는데 변경 안되어있고 등록도 안되고 입력요망 나옴/ 카드사 확인후 다시 연락주시라 안내,"카드변경요청
새로운카드자동승계
변경안됨
등록안됨
입력요망
카드사확인
다시연락요청
안내",가능,0.9,"카드변경 요청, 자동승계 확인, 변경/등록 안됨, 입력요망, 카드사 확인 후 재연락 안내 등 모든 내용이 STT에서 확인됨.",가능,,E147381,2026-03-09T10:09:15.670353,,,,,가능,,,,,오답,,"STT_내용_추가(정상), 정보_누락","STT_내용_추가(정상): generated에 고객 카드번호, 유효기간, 기존 등록 카드 정보 등 STT에 있는 인적사항 정보가 추가됨.; 정보_누락: '카드사 확인 후 다시 연락주시라 안내' 내용이 generated에 없음.",Y,,오답,,"{'label': 'STT_내용_추가(정상)', 'action': 'keep'}, {'label': '정보_누락', 'action': 'keep'}",E147381,2026-03-10T14:28:34.416715,,,,,,,,
233,"상담사: 반갑습니다. 입니다.
고객: 감사합니다.
고객: 아이 AI 제가 요거 실 그거 할라고
고객: 돈을 못 내가지고 비슷한 암 보험이 좀 있어가지고
고객: 그래서 불까지가 안 냈죠. 지금 시료 그 뭐라고
상담사: 3가지
고객: 낼 수가 없어가지고 그래
상담사: 네 고객님 제가 정보 확인 후 안내 도와드리겠습니다.
고객: 네.
상담사: 전화 주신 분은
고객: 예.
상담사: 조한옥 님 계약자 본인 맞으십니까 생년월일은 어떻게 되세요?
고객: 네 네 네.
고객: 네 네.
고객: 740210
상담사: 그거는 지금이랑
상담사: 핸드폰 번호는 0108131 뒤 4자리 어떻게 되세요?
고객: 8783
상담사: 네 확인 감사합니다.
상담사: 고객님 지금 어
상담사: 어
상담사: 1건이 실효되셨거든요.
고객: 네 네 네 네 네.
상담사: 네 네 제가 1, **********
고객: 네
상담사: 신청자는
상담사: 최고는 말씀이시군요 진짜 최고
상담사: 학습권호로 인제 학습할 경우인데
상담사: 2가지가 관련이
상담사: 지역구
상담사: 음
상담사: 수업이 제대로 되는지 아 저
상담사: 보험 선호사는 개인 아니고 의사 교수니까는 신경을 썼던
상담사: 시간 잘 될 수 있다라고 해주셨네요.
고객: 네 네.
상담사: 고객님 지금 이 건은 부활로 처리돼야 돼가지고 2개월 치 보험료가 있어야 되거든요. 그러면 8만 5404원 필요해요. 그러면 부활 자동 부활은 되시는 거예요.
고객: 네.
고객: 네.
고객: 아 지금은 놔두고 나중에 형편이 그래서
상담사: 네.
상담사: 네.
고객: 만약에 지금 찾으면 찾는 돈은 없지예.
상담사: 네?
고객: 수화를 안 시키면
고객: 지금 해지하면
상담사: 네.
고객: 여기에 제가 찾는 돈은 얼마 안 되죠?
상담사: 음 잠시만요.
고객: 네.
상담사: 음
상담사: 이제 해지 환급금은 3871원 있어요.
고객: 그러면 이거를 좀 놔뒀다가 형편이 됐다 할라 하면 어떻게 해야 됩니까?
상담사: 음
상담사: 얼마나
상담사: 이따 하시려고요.
고객: 뭐 한 6개월이든 좀 시간이 걸릴 것 같애요.
상담사: 음
고객: 6개월이나 1년 놔두고 원래 3년이나 뭐 다시 할 수 있는 그 제도가 있다 아입니까.
상담사: 어 그 할 수는 있는데
고객: 이미 암보험이 중복된 게 좀 있어 가지고 예
상담사: 예.
상담사: 아
상담사: 이게 이제
상담사: 가능은 하실 수도 있는데요.
상담사: 그게 이제
고객: 네.
상담사: 실효 건인 경우는
상담사: 음
상담사: 이제 어 지금
상담사: 이 건은
고객: 시간이 지나서 이제 형편이 될 때 좀 넣을 수 있는가 함 제가
상담사: 참 아 예.
상담사: 3년 3년 이내는 부활은 가능하신데 이게 이제
고객: 3년 이내요?
상담사: 예 근데
고객: 네.
상담사: 어 무조건 다 되는 건 아니거든요.
고객: 그때 내 몸이 괜찮고 뭐 건강 뭐 이런 게 있었는데 일단 그러면 그대로 놔두는 걸 뭐라 해야 됩니까 그냥 놔두면 자동 내가
상담사: 예 예 그렇죠. 예 그런 부분이
상담사: 네.
상담사: 예.
고객: 1년 뒤던 6개월 뒤던 육아가 될 때 좀 직장을 또 못 구하고
고객: 집단보험이 좀 있어가지고
상담사: 예.
고객: 그래서 지금 병원 형편은 안 되거든 게 수입은 없어요.
상담사: 아
상담사: 아 그러세요.
상담사: 음
고객: 그래서 그냥 그대로 두고
상담사: 네.
고객: 나중에 유지를 부활할 때 한번 이야기를 하면 어떻나 이래 한번 물어보는데
상담사: 음 네
상담사: 네.
고객: 배우니까 인제 3년 그렇게 배우고 있다가 예
상담사: 음
상담사: 그 부분에 대해서는
상담사: 네
고객: 네.
상담사: 이제 모두 부활이 다 되는 부분은 아니기 때문에
고객: 네.
상담사: 예 저 고객님께서 되도록이면 이게 부활에 대해서
상담사: 음 생각이 있으시면 이제
고객: 네.
상담사: 되도록이면 빨리 부활하시는 부분이 좋으시거든요.
고객: 네.
고객: 네 네 네.
상담사: 예.
고객: 일단 그렇게 알고 그면 그대로 그렇게 놔뒀지요 뭐 해약 환급금을
고객: 얼마 더 밖에 되면 나중에 부활은 못 시킨다 아입니까
고객: 그렇지 예
상담사: 이게 고객님 이제 어
상담사: 저희가
상담사: 만약에 3년 정도 3년 이내면은.
상담사: 이게 어 3년 정도 고객님께서 시간을 끄시면
고객: 네.
상담사: 실효된 이제 날부터
고객: 네.
상담사: 이제 3 3년 이내에는 일반부활 신청이 가능해요 일반부 하시는 부활 보험료 및 연체 이자 납입과 함께 청약서 작성하고 부활 심사를 거쳐야 해요 심사 결과는
고객: 네.
고객: 네.
상담사: 피봉 피험자의 건강 상태나 직업 여부나 이런 부분이 있을 거 아니에요 거기에 따라서 부하된 거절 될 수 있어요.
고객: 네 네.
상담사: 그래서
고객: 네 네
상담사: 결정을 잘하시고
상담사: 어 이제 유지하실 건지 어
상담사: 이제 또 그냥 실효
상담사: 이 어 해지를 하실 건지 고객님께서 잘 결정하시기 바랍니다.
고객: 네네 그러면 지금 가만히 그냥 이대로 놔두면 됩니까?
상담사: 네.
고객: 일단은
상담사: 네 놔두셔도 괜찮습니다.
고객: 어 지금까지 복싱한 금액은 얼마에요?
상담사: 네?
고객: 제가
고객: 우리 반 금액이 한 3년 됐습니까 이거 한 지가?
상담사: 음 제가 한번 볼게요.
고객: 네 좀 봐주세요.
상담사: 음
상담사: 고객님께서 지금까지 총 28회 납입하셨거든요?
고객: 네 네.
상담사: 사랑을
상담사: 한 119만 원 정도 납입하셨네요?
고객: 예.
고객: 네 알겠습니다. 일단은
상담사: 네 네
고객: 그렇게 하고 암에 대한 그게 제가 그러면
상담사: 네.
고객: 그러면 일단 형편이 되게 좀 하는 걸로 일단 그냥 놔두시면
상담사: 네 아 저희가 해지하고 그러는 건 없어요 고객님 이제 고객님께서 부활에 대한
고객: 다시 또 그때 심사해서 하는 거라
고객: 나 나이 그냥 주물면
상담사: 예 부하를 너무
고객: 오케이 하고 싶은 신경이 언제든지 제 형편이
상담사: 예 그렇죠.
상담사: 예.
고객: 되면 6개월이 뒤든 이런 데든 하면 하면 어쨌든
상담사: 저희가
고객: 지금 바로 예.
상담사: 예 네 이제 실효 당월해서 만약에 이제 고객님께서
상담사: 이 건의 실효가 2000, **
고객: 네. 회원님 성함이랑 생년월일 여쭤볼게요.
고객: 예.
상담사: 어 9월 1일자로
상담사: 실효가 되셨어요 올해 이번 달 9월 1일자로 실효가 되셨단 말이에요.
고객: 네 네 네.
고객: 네 네 네 네.
상담사: 그러면
상담사: 9월 10월 11월 12월
상담사: 네 이렇게 12월 12월에는 이게 자동 부활이 가능해요 그냥 돈만 몇 달치만 내시면 자동 부활이 가능해요.
상담사: 그런데
고객: 네.
상담사: 시간이 넘어가버리면 아무래도 이제 일반부활로
상담사: 가야 되는 부분이어서
상담사: 조금 더 번거롭실 수 있다는 부분이에요.
고객: 네.
고객: 음 알겠습니다 일단은 알겠습니다 네.
상담사: 네 감사합니다.
상담사: 네 건강하세요.
고객: 네.","고객은 조한옥(생년월일 74****)으로, 계약자 본인이다. 현재 1건의 보험이 실효 상태이며, 실효 일자는 2023년 9월 1일이다. 고객은 이 보험을 부활시키기 위해 2개월 치 보험료인 8만 5404원을 납부해야 하며, 자동 부활이 가능하다. 해지 환급금은 3871원이다. 실효 후 3년 이내라면 일반부활이 가능하며, 부활 시 보험료 및 연체 이자 납부, 청약서 작성, 건강 상태 및 직업 여부 등을 고려한 심사가 필요하다. 고객은 현재 경제적 형편이 어려워 보험을 유지하거나 해지하지 않고, 나중에 형편이 되면 부활을 고려 중이다. 고객은 지금까지 총 28회 납입하여 약 119만 원을 납부했다.","1건 9.1일 실효되어 12월까지 자동부활가능기간임
현재 2개월 보험료 85004 104 원으로 자동부활가능함
총납입보험료 110 9만원 정도, 해지환급금은 3,871 원임
3년이내 부활보험료 및 연체 이자 납입과 청약서 작성후 일반부활 가능하며, 심사결과에 따라 부활또는 거절될수있음","1건
9.1일 실효
12월까지 자동부활가능기간
2개월 보험료 85004 104원
자동부활가능
총납입보험료 110.9만원
해지환급금 3,871원
3년이내 부활보험료 납입
연체이자 납입
청약서 작성후 일반부활 가능
심사결과 부활
심사결과 거절가능",가능,0.85,"모든 핵심 내용이 STT에서 확인됨. 총납입보험료 금액이 REF(110.9만원)와 STT(119만원)에서 차이가 있으나, STT 인식 또는 REF 오기 가능성. 전반적으로 요약 내용이 STT와 일치",가능,,E147381,2026-03-09T10:14:28.540103,,,,,가능,,,,,오답,,STT_내용_추가(정상),"STT_내용_추가(정상): 총납입보험료를 STT 기준 '119만원'으로 반영(reference는 '110.9만원'), 고객 인적사항(조한옥, 740210, 28회 납입), 경제적 어려움으로 나중에 부활 고려 등 STT에 있는 내용이 추가됨. STT 전사는 정상.",Y,,과답,,"{'label': 'STT_내용_추가(정상)', 'action': 'keep'}",E147381,2026-03-10T14:31:50.983960,,,,,,,,
236,"상담사: 네 반갑습니다.
고객: 이건 왜?
고객: 이건 아예.
고객: 여보세요.
상담사: 네.
고객: 예 예 예.
고객: 저는 송동식 어르신을 그
상담사: 예.
고객: 어 그니까 보호하고 있는
고객: 적이거든요. 예 보호자인데
상담사: 네.
상담사: 예.
상담사: 네
고객: 어르신이 이거를
상담사: 네.
고객: 뭐 어떻게 들었는지
고객: 뭐 작년에 들으셨다고 하는데 지금은
고객: 어떤 상태인지
상담사: 아 우선은 그러면
고객: 그거를 궁금하셔갖고 성동식 어르신 바꿔드릴까요 옆에 계신데?
상담사: 에에 동의받고 에 동의받고 안내드려볼게요.
고객: 예 예 예 예.
고객: 8시 5분
고객: AI
고객: 여보세요.
상담사: 네 안녕하세요 고객님 생명보험회사입니다 송정식 고객님 계약자 본인 맞으시구요.
고객: 예.
상담사: 네 사용하시는 번호가 010, ********************
고객: 이자 이후의
상담사: 네 생년월일 앞자리 여섯 자리 말씀 부탁드려요.
고객: 55년
상담사: 네 감사합니다. 옆에 그 도와주신 분이라고 하셨는데요. 고객님 계약 사항에 대해서 안내하는 거에 다 동의를 하실까요?
고객: 2월 24일
고객: 예.
상담사: 네 그럼 바꿔주시겠어요?
고객: 어떤 상탠
고객: 그러면 여쭤
고객: 여보세요?
상담사: 아 네 고객님 상품이 작년 7월달에 가입을 하신 걸로 확인되구요.
고객: 예 예.
고객: 예예.
상담사: 그래서 전화상으로 녹취하고 가입하신 걸로 확인되고요 이 상품은 올해 3월까지만 납부가 되셔서 4월 5월 미납으로 6, ********************
고객: 예.
고객: 음.
상담사: 어 있으신 걸로 확인돼요.
고객: 음
고객: 음 이제 1달에 얼마씩 내시는 겁니까?
상담사: 그 1달에 그전에 38734원씩 납부하셨던 걸로 확인됩니다.
고객: 38000원
상담사: 네 38334원씩이라고 하셨어요.
고객: 예 예 예.
고객: 이게 10년 납부입니까 아니면 뭐 아니 제가 안 읽어봐서 예예.
상담사: 요거는
상담사: 아 포장은 이제 고객님 그니까 주계약은
상담사: 10년
고객: 예 예.
상담사: 납부 31년 보장이시구요.
상담사: 특약 넣어 놓으신 게 그 치밀 특약 넣어 놓으셨거든요 요게 10년 납부에 96년 보장이셨 런 거
고객: 예예.
고객: 예.
상담사: 100년 보장으로
고객: 음 예.
상담사: 예 가입하신 상품이셨는데
상담사: 현재는 막.
고객: 예 이미 이미 인제 저기 해지된 상태예요.
상담사: 해지는 아니고 실효 상태예요.
고객: 음.
고객: 그러면
상담사: 네.
고객: 지금
고객: 정이 이렇게 진행 중이시고 그래서 이거를
고객: 음
고객: 내는 게 좋은 건지 저는 제가 판단을 지금 못 하겠거든요.
상담사: 네.
고객: 이게 치매도
고객: 되는 거죠.
고객: 치매
상담사: 치매 예 특약은 들어있어요.
고객: 치매 특약 간병인 특약은요?
상담사: 간병인은 따로 없습니다.
고객: 아 간병인 특약은 없어요?
상담사: 예.
고객: 그러면 이거를
상담사: 네.
고객: 지금 생활보호 대상자시거든요 제가 알기로는?
상담사: 네.
고객: 예.
고객: 이거를
고객: 낸 금액은 그냥 저기잖아요 보험은 이거는 뭐 되돌려 받을 수는 없는 거죠?
상담사: 아니요. 지금 납부하신 거는 바로.
상담사: 전화 처리는 안 되세요.
고객: 반환 처리 안 되는 그 저기 상품이죠?
상담사: 네 네.
상담사: 에
고객: 음.
고객: 예 이거는 어르신하고
고객: 음 저는
고객: 상의를 해 보고 해야 되겠네요 예.
상담사: 그러면
상담사: 그러면은
상담사: 그러면 고객님 저희가 스피커폰으로 좀 볼 돌려줄 수 있을까요 저희가 필수적으로 안내할 사항이 있어서요.
고객: 예 예.
상담사: 계약자님한테.
고객: 예 예 예.
고객: 예 말씀하세요.
상담사: 예 예 고객님 이 상품이 지금 아까 알린 안내드린 대로 3, ************************************************
상담사: 이 상품이 이달 말일까지는 자동발의 가능하신 계약건이세요 그런데 이달 말일까지 미납보험료 미입금 시에는 실효가 확정이 돼서 약정된 보험 혜택을 받을 수가 없게 되시고 다만 이 경우에는요 25년도 6월 1일부터 3년 이내에 일반 발 신청은 가능하시구요.
고객: 네.
고객: 아 네. 그러시면 정확한 안내를 위해서 실례지만 아이디 말씀 부탁드리겠습니다.
고객: 네.
고객: 저는
고객: 네.
상담사: 일반 발생은 부활보험료 및 연체이자 납부와
고객: 네.
상담사: 청해서 작성해 부활 심사를 거쳐야 되시고 심사 결과에 따라 수용이나 거둘이 될 수가 있기 때문에 혹시라도 부활 의사 있으시면 이달 말일까지는 납부제가 혹 되셔야 되세요.
고객: 네.
고객: 음.
고객: 음 그런데 그
고객: 만약에 납부를 하면 어디 계좌나 이런 거 그게 없던데 청구서가
상담사: 어 일단은 계좌 저희가 지로로는 안 나가고요 고객님.
고객: 지로도 못 봤어요.
상담사: 네 실효가 되셨기 때문에
고객: 예.
상담사: 즉시 출금 하시거나 가상계좌로 입금하시거나 이렇게 2가지 방법이 있습니다.
고객: 그전에는 계좌에서 이
고객: 그냥 이체하셨나요?
상담사: 예 맞아요.
고객: 직접 내셨나요? 아니면 자동이체가 되셨나요?
상담사: 그
상담사: 하나 하나은행 계좌에서 납부하셨었는데.
상담사: 어 보험료가
고객: 자동이체는 아니었었죠.
상담사: 자동이체요.
상담사: 하나은행 계좌에서
고객: 자동이체가 그래요?
상담사: 예 하나 남은 계좌에서 납부하셨다가.
고객: 아 예.
상담사: 예 잔액 보조금 출금이 안 되셨다 안 되셔서
고객: 아
상담사: 부가세가 납부가 되시다 보니까 실효가 되신 거예요.
고객: 아
고객: 매달 어 매달 그러면 며칠 날 빠져나가요?
상담사: 그 20일 날 하셨어요. 그전에는 납부하셨을 때는.
고객: 아 20일 날 빠져나갔어요.
상담사: 네.
고객: 아
고객: 그렇구나.
고객: 그러면 이 저기 메시지를 1 보내 주실래요 만약에 어르신한테 여쭤보고 뭐
상담사: 어떤
고객: 그 가상 계좌에다 돈을 넣어야 된다는 거예요. 그거는 자동 이체가
상담사: 아 그러면 가상계좌 같은 경우는 오늘만 사용이 가능하거든요 오늘 입금하실 건가요?
고객: 제가 이제.
고객: 그러니까 그거를 지금 옆에 듣고 계신데 여쭤보고
상담사: 아 그럼 저희가.
고객: 네 예.
상담사: 지금 4 5 6 7
상담사: 7 8 5개월 최소 납부하실 건가요?
고객: 5개월째는 없어요 지금
상담사: 그럼 최소 4개월치는 납부를 하셔야 돼요 고객님.
고객: 아 그것도 잔액이 안 되실 거예요. 지금 받
상담사: 예.
고객: 그게 액수가
고객: 정해져 있잖아요 1달에
상담사: 아 근데 저희가 이게 포화기간
고객: 에 하여튼
고객: 알겠습니다 그러면
상담사: 그러면 고민 1번 하고 연락 주시겠어요?
고객: 예 예 예 알겠습니다.
상담사: 네 그럼 연락 1번 주십시오 감사합니다.
고객: 예 수고하세요 예.
상담사: 네 수고하세요.
고객: 예.","송동식 어르신은 2023년 7월에 보험 상품을 가입했으며, 10년 납부, 31년 보장의 주계약과 10년 납부, 96년 보장의 치매 특약이 포함된 상품을 보유하고 있음. 현재는 2024년 3월까지 납부가 이뤄졌고, 4월부터 6월까지 미납 상태로 실효된 상태임. 실효된 상품은 2025년 6월 1일부터 3년 이내에 일반 재가입이 가능하며, 부활을 원할 경우 25년도 6월 1일까지는 부활보험료 및 연체이자 납부 후 심사 절차를 거쳐야 함. 현재는 계좌에서 자동이체로 매월 20일에 납부되었으나, 잔액 부족으로 인해 실효됨. 납부는 가상계좌 또는 즉시 출금 방식으로 가능하며, 최소 4개월치 납부가 필요함. 치매 특약은 포함되어 있으나 간병인 특약은 없음.","작년가입건 계약상태및 내용문의
계약자 동의통화후 보호자에게 안내동의 얻음
작년 7월 가입한 통신계약건, 올해 4-5월 미납되어 6.1일로 실효됨/ 납입기간, 보장기간 안내/ 간병인 특약 없음
매달 20일 계좌 자동이체 했었고, 기납입보험료 반환안됨
납입최고안내완료
입금방법은 즉시출금과 가상계절 입금방법있음
가상계좌는 오늘만 사용가능한계좌이며 최소 4개월분은 납부하셔야됨/ 생각해보고 전화준다고하심","작년가입건 
계약상태 
내용문의 
계약자동의통화 
보호자안내동의 
작년7월가입 
통신계약건 
올해 4~5월미납  
6월1일실효 
납입기간안내 
보장기간안내 
간병인특약없음 
매달20일자동이체 
기납입보험료반환안됨 
납입최고안내완료 
입금방법즉시출금 
입금방법가상계좌 
가상계좌오늘사용가능 
최소4개월분납부 
전화예정",가능,0.95,"모든 요약 항목이 STT에서 명확히 확인됨. REF의 '통신계약건'은 '전화가입건'의 오기로 보이나, STT에서 '전화상으로 녹취하고 가입하신 걸로 확인'으로 내용은 일치",가능,,E147381,2026-03-09T10:21:21.938038,,,,,가능,,,,,오답,,"정보_누락, STT_내용_추가(정상)","정보_누락: 계약자 동의통화 후 보호자 안내동의, 납입최고안내, 생각해보고 전화준다는 내용이 generated에 없음.; STT_내용_추가(정상): 보험료(38334원), 부활 가능 기간(25년 6월 1일까지), 치매 특약 보장기간 등 STT에 있는 내용이 추가됨.",Y,,오답,,"{'label': '정보_누락', 'action': 'keep'}, {'label': 'STT_내용_추가(정상)', 'action': 'modify', 'error_detail': '계약자 이름, 보험료(38334원), 부활 가능 기간(25년 6월 1일까지), 치매 특약 보장기간 등 STT에 있는 내용이 추가됨.', 'chunks': [1]}",E147381,2026-03-10T14:49:55.577636,,,,,,,,
237,"고객: 여보세요?
상담사: 네 반갑습니다 무엇입니다 네.
고객: 네 오세연 사진 그 저기 뭐야 주민등록증 보냈는데
고객: 그 문자 들어와가지고 사진 그 주민등록증 보내놓고 전화하라니까 지금 전화드린 거예요.
상담사: 아 정보 확인하고 안내드리겠습니다 고객님 전화 주신 분은 전향
상담사: 순 고객님 개화자는
고객: 순 네네네네
상담사: 본인 맞으시고요? 네 사용하시는 번호가 010, ***********
고객: 822 다 어 동사무소입니다.
상담사: 네 생년월일 앞자리 6, *******************
고객: 역사학원 고 1이요.
상담사: 감사합니다 일단은 그럼 주민등록증을 다시 보내셨다는 말씀이신 거예요 고객님.
고객: 네 운전면허증 보냈는데 그 연도 수가 줄어놨다게 하고
상담사: 아이
고객: 그 저 주민등록증을 다시 버나뎃어요.
상담사: 그럼 고객님 사용하시는 번호로 보내셨나요?
고객: 아니 그 저기 뭐야 그쪽에서 그 문자 보낸 걸로 오팔 보낸 거 보내주면 그걸로
상담사: 그러면요.
상담사: 그니까 그니까 그거를 보냈는데 고객님 사용하시는 번호로 사진 찍어서 보내신 건지 아니면 다른 분 번호로 보내신 건지 여쭤보는 거거든요.
고객: 저걸로 저걸로 아들한테 저한테 보내라기 보냈어요 저걸로.
상담사: 아 보
상담사: 아 그럼 고객님 사용하시는 번호로 보냈다는 거죠?
고객: 네네네네네.
상담사: 네 확인 한번 해드릴게요.
상담사: 그럼 휴대폰 번호 0108224 마지막 발화 다시 1번만요 고객님.
고객: 3333
상담사: 네 생년월일 앞자리 옆자리 다시 한번 말씀해주세요.
고객: 육사하고 거기도
상담사: 감사합니다 조회 한번 해볼게요 오늘 보내신 거죠?
고객: 방금 보냈어요.
상담사: 어 사진 찍어서 문자로 전송해주신 게 맞으세요?
고객: 네.
상담사: 들어오신 게 없으신데
상담사: 16009393으로 보내신 게 맞으세요?
고객: 잠깐만요.
상담사: 네.
고객: 여보세요.
상담사: 네
고객: 오빠예요.
고객: 오
고객: 1581898 98
상담사: 아 그건 저희 대표 번호 번호고요 연락을 주실
고객: 예.
상담사: 그 그 본스거는 1호.
상담사: 16009393으로 보내셔야 되는데요.
고객: 저한테 바로 바로 지금 빨리 찍어주세요.
상담사: 아 보내 보내드려볼게요 문자 번호요.
고객: 예 그래갖고 1번 보내지.
상담사: 네 그쪽으로 보내드리면 돼요 제가 문자 발송해놨거든요 보내시고 연락 다시 한번 주셔야 될 거 같애요.
고객: 네 네.
상담사: 네 감사합니다.
상담사: 네 통화 종료 부탁드리겠습니다.
고객: 여보세요?
상담사: 네.
고객: 여보세요?
상담사: 네 고객님.
상담사: 그 통화 종료해 주시면 되는데요 고객님.
고객: 네 그 벚꽃 저
고객: 이 사진을 보내야 돼요 그 저기 뭐야.
상담사: 번호는 문자로 문자로 발송드렸어요.
고객: 번호가 안 뜬 거
고객: 네 알겠어요.
상담사: 감사합니다.
상담사: 통화 종료되지 않아 제가 먼저 종료하겠습니다. 감사합니다.
고객: 네 안녕하세요.","고객은 본인의 휴대폰 번호(010-8224-****)로 주민등록증 사진을 촬영하여 1600****으로 문자 발송하였으며, 해당 사진이 시스템에 도착하지 않은 상태에서 재발송 요청을 하였다.","주민증 문자발송후 도착여부 확인요청
도착이력없음/ 1516009393으로 발송하시라 안내하니 문자요청하셔서 문자발송
주민증 발송후 다시 연락주시라 안내","주민증 문자발송
도착여부 확인요청
도착이력 없음
1516009393 발송
문자요청
문자발송
주민증 발송후 연락요청",가능,0.9,모든 요약 항목이 STT에서 확인됨. 번호가 REF(1516009393)와 STT(16009393)에서 약간 차이나나 동일 번호로 판단됨,가능,,E147381,2026-03-09T10:22:23.801563,,,,,가능,,,,,오답,,"정보_누락, STT_내용_추가(정상)","정보_누락: 1516009393으로 발송 안내 및 문자발송 완료, 주민증 발송 후 재연락 안내가 generated에 없음.; STT_내용_추가(정상): 고객 휴대폰 번호(010-8224-****)가 STT에 있는 내용으로 추가됨.",Y,,오답,,"{'label': '정보_누락', 'action': 'keep'}, {'label': 'STT_내용_추가(정상)', 'action': 'keep'}",E147381,2026-03-10T14:51:00.059400,,,,,,,,
239,"상담사: 반갑습니다.
상담사: 음.
고객: 여보세요?
상담사: 네. 고객님.
고객: 어우 저희 그
고객: 은행계좌 좀 변경을 할려구요.
고객: 자동이체
상담사: 아 그러세요 고객님 그러신데 이 그 저희 계약자님이십니까?
고객: 예.
상담사: 저희 이 번호로는 저희 계약자님 지금 정보가 조회가 안 되시는데
상담사: 혹시 다른 분은 있으십니까?
고객: 아니요.
고객: 그거 계약자인데요?
상담사: 혹시 금.
고객: 제가 그
상담사: 아
고객: 제 계좌에서 계속 자동이체가 되는데
상담사: 아 그러세요? 그러면 여기 혹시 저 그.
상담사: 그 전화번호.
상담사: 정부 조회 그냥.
상담사: 변경 같은 게 있으실까요?
고객: 아 그게
고객: 바뀌었을 수가 있다 워낙 이게
상담사: 잠시만.
고객: 오우의
상담사: 010 네.
고객: 오
고객: 보험 든 지가 오래돼서
상담사: 아 그러세요 그럼요 고객님.
고객: 거기 몇 번으로 돼 있어요?
상담사: 그
상담사: 아 여기 몇 번이 아니라 정보 조회 자체가 안 되세요 여기 AI 생명 맞으시죠?
고객: 예 예 미리 했어야 돼요.
상담사: 예?
고객: 미래에세
상담사: 여기는 AI A입니다. 고객님.
고객: 근데 미래 SCA AI A로 바뀐 거 아닌가요?
상담사: 달라요 고객님 예 미래에 있어서 달라요 여기는 AI AI 생명이십니다.
고객: 어 그래요? 나 지금 미래 SET AI로 바뀐 걸로 알고 있는데?
상담사: 네.
상담사: 아니예요. 미래에스에스는 다 또 다루고 있습니다. 고객님.
고객: 이래서 정인이 따로 있나요?
상담사: 네 한번 전화번호 조회해보세요.
고객: 엉뚱한 데 전에
상담사: 아 네.
고객: 아유 미안합니다.
상담사: 아 예 괜찮습니다.
고객: 예.
상담사: 네 감사합니다.
고객: 업무 마치죠 예.
상담사: 네.","고객은 계약자로서 은행계좌를 변경하여 자동이체를 처리하고자 하며, 계약자 정보가 현재 전화번호로 조회되지 않아 문제가 발생하고 있음. 고객은 보험 가입 후 오랜 시간이 경과하여 계좌 변경이 필요하다고 설명함. 상담사는 고객이 AI 생명(이전에 미래SCA AI로 운영되던 기관)과 혼동하고 있을 수 있음을 안내하며, 현재는 AI 생명으로 운영 중임을 확인함. 고객은 계좌 변경 시 전화번호 조회를 통해 정보를 확인해야 함을 인지함.","자동이체 계좌변경요청하셨으나 정보조회되지않음
잘못걸린전화","자동이체계좌변경
정보조회 안됨
잘못걸린전화",가능,0.95,"자동이체 계좌변경 요청, 정보조회 불가, 잘못 건 전화 내용이 모두 STT에서 명확히 확인됨",가능,,E147381,2026-03-09T10:22:53.467497,,,,,가능,,,,,오답,,"정보_누락, STT_내용_추가(정상)","정보_누락: '잘못걸린 전화'라는 상담 결론이 generated에 반영되지 않음.; STT_내용_추가(정상): 보험 가입 후 오랜 시간 경과, 회사명 혼동(AI 생명/미래SCA) 등 STT에 있는 내용이 추가됨.",Y,,오답,,"{'label': '정보_누락', 'action': 'keep'}, {'label': 'STT_내용_추가(정상)', 'action': 'keep'}",E147381,2026-03-10T14:52:16.371378,,,,,,,,
240,"상담사: 반갑습니다. 박계은입니다.
고객: 예.
상담사: 네 고객님
고객: 여보세요?
고객: 예.
상담사: 네.
고객: 아 보험을 중지해 줘야 할라 그러는데 지금
상담사: 네.
고객: 그래 이
고객: 어떻게 하는 거야 중도 협의를 좀 할라 그러는데
상담사: 계약을 해지하시는 걸까요?
고객: 예.
상담사: 네 저희 우선은 간단한 본인 확인 후에 고객님 저희가 해지 부서는 별도로 있으시기 때문에 해지 부서로 연락처 전달을 좀 도와드리겠습니다.
고객: 예.
상담사: 네 지금 전화 주신 분 계약자 최 도호관님 본인 맞으시고요 고객님 생년월일은 어떻게 되세요?
고객: 예 예.
고객: 63년 12월 22일
상담사: 네 핸드폰 번호가 0103550, ***************
고객: 207호
상담사: 네 확인 감사드리구요 저희 해지 부서로 연락처 전달해드릴 거구요 지금 순차적으로 연락드리고 있기 때문에 전화 정리해주시고 좀 기다려 주시면 저희 대표 번호 15889898로 전화 오실 겁니다.
고객: 네.
상담사: 네 전화 받으셔서 해지한다고 말씀하시면 상담사님이 이제 업무 처리 도와드릴 거예요.
고객: 아
고객: 예.
고객: 예.
상담사: 네 감사합니다.
고객: 예.","고객은 계약자 최 도호관님으로, 1963년 12월 22일생이며, 핸드폰 번호 010355****호로 본인 확인 후 해지 부서에 연락처가 전달될 예정이다. 해지 부서에서 순차적으로 전화를 걸어오며, 고객이 전화를 받고 해지 요청을 하면 상담사가 업무 처리를 도와줄 예정이다.","보험해지요청하셔서 해지부서로 메모전달
순차적으로 전화드릴예정임","보험해지요청
해지부서
메모전달
전화예정",가능,0.9,"보험 해지 요청, 해지부서로 연락처 전달, 순차 연락 예정 내용이 모두 STT에서 확인됨",가능,,E147381,2026-03-09T10:26:32.044340,,,,,가능,,,,,정답,,STT_내용_추가(정상),"STT_내용_추가(정상): 고객 인적사항(최 도호관, 1963년 12월 22일생, 핸드폰 번호, 대표번호 15889898) 등 STT에 있는 내용이 추가됨.",Y,,과답,,"{'label': 'STT_내용_추가(정상)', 'action': 'keep'}",E147381,2026-03-10T14:52:39.980819,,,,,,,,
241,"상담사: 네 반갑습니다.
고객: 예 그 저
고객: 저의 그
고객: 보험료 그
고객: 대출 이자하고
고객: 보험료 가상 계좌하고 쫌 하고 싶어갖고.
상담사: 어 죄송합니다만 고객님 그 성함이 어떻게 되세요?
고객: 총 1세요.
상담사: 어
상담사: 확인 1번 해볼게요 계약 건이요.
상담사: 계약자님 황일성 고객님 본인 맞으시구요.
고객: 예.
상담사: 네 사용하시는 번호가 010, **************************
고객: 공공유품.
상담사: 네 생년월일 앞자리 6, **************
고객: 10061
상담사: 감사합니다. 일단은 고객님 그 지금 저희가.
상담사: 11자 청구가 들어가셔서요.
고객: 네.
상담사: 어 오의자 청구가 들어가셔서 기존 계좌에 잔고 있으시면 금요일날 출금되시는 건데 따로 기존 계좌에 잔고는 없으셨을까요?
고객: 모르겠어요 몇 번으로 돼있어요?
상담사: 아
고객: 번호가?
상담사: 농협으로 돼 있어요.
고객: 4개월인데
상담사: 어 끝자리를 확인해 드리면요 잠시만요.
상담사: 맨 마지막 자로 확인이 되시거든요 끝자리가.
상담사: 어 020으로 끝나는 계좌 확인되시는데요.
고객: 예?
상담사: 020으로 끝나는 계좌로 확인돼요 아 죄송해요.
상담사: 잠시만요.
상담사: 어 저희 전산이 조금 오류가 있어서 잠시만요.
상담사: 끝자리가 6621, ****************
고객: 어 그러죠.
상담사: 예.
고객: 그 가상 그 저 이자는 얼마에요?
상담사: 이자는 지금 촉권해서요.
상담사: 어
고객: 네.
상담사: 어제까지 이자가.
상담사: 9504원 확인돼요.
고객: 그 가상 계좌하고요.
상담사: 네.
고객: 이자에 대한 가상 계좌하고 그 보험료는 얼마인가요?
상담사: 보험료는 그 이제 은행에서 납부하시면 예전에 계약건은
상담사: 2건 있잖아요 오우 진짜 만보험이랑
상담사: 밥보다 그려보면 2프로 정도 할인이 되시는데 원래대로 이제
상담사: 그 가상 계좌 일감 시 원래대로 납부를 해야 되거든요 그럼 3건이 10만 2880원이에요.
고객: 음.
고객: 그럼 저 가상 계좌로
상담사: 예.
고객: 그 다른 폰에서 빼갈 수 있어요?
상담사: 어 지금 바로 출금도 가능해요 고객님 요청하시면.
고객: 아 그래요?
상담사: 네.
고객: 아 그러면은
상담사: 네.
고객: 네.
상담사: 바로 납부 처리해 드릴까요?
고객: 예.
상담사: 네 그러면 계좌는 계약자님 본인 계좌신 거고요?
고객: 예.
상담사: 네 국적과 실제로 거주하신 곳이 동 에.
고객: 홈
상담사: 에이라게 예.
고객: 네.
고객: 302
상담사: 아 302
고객: 0783
상담사: 0 7 8 3
고객: 0568
상담사: 0568.
고객: 11
상담사: 11이시고요 농협이시라고 하셨어요 본인 계좌라고 하셨고 막 1가지만 더 여쭤봐야 되겠어요 국적과 실제로 거주하시는 곳이 동일하게 한국은 맞으신 거죠?
고객: 예.
고객: 예 예.
고객: 예.
상담사: 그럼 요거 그 3건에 대한 보험료랑 이자 부분 쪼금 해달라고 하셨고요.
상담사: 맞부락에서 ARS 1번 연결할 거거든요 요청하신 정보가.
고객: 그리고 저기
상담사: 예.
고객: 그리고 저 황 연태기라고 있어요 연태기
상담사: 네.
상담사: 어 잠시만요.
고객: 우리 아들 아들 거
고객: 하나 또 있어 몇 가지 해서
상담사: 아 고객님 앞으로는 없는데 따로 있으신 거예요?
고객: 아 내가 내가
고객: 내가 늦은 건가 있어요.
상담사: 아 어 그럼 우선은 고객님 거 먼저 진행해야 될 거 같애요 계약 건이 따로 있다 보니까 일단은 고객님 거 먼저 진행하고 뭐 자녀분 거는 진행해 드릴게요 우선 요거 먼저 할게요.
고객: 예.
고객: 네.
상담사: 그 ARS 1번 연결해 드릴 거니까 요청하신 정보 맞으면 1번 1번 눌러주세요.
고객: 네.
상담사: 연결하겠습니다.
고객: 수고하십니다.
상담사: 황혜성.
상담사: 고객님께서는 AI의 생명으로 요청하신 업무 처리를 위하여
상담사: 황혜성.
상담사: 니네.
상담사: 농협중앙회
상담사: 은행 계좌
상담사: 3 0
상담사: 2 0
상담사: 칠
상담사: 83
상담사: 영
상담사: 오 육
상담사: 팔
상담사: 1 1
상담사: 로부터 이체 출금을 신청하셨습니다.
상담사: 동의하시면 1번 취소하시거나 상담사 연결은 2번을 눌러주세요.
고객: 그랬어요?
상담사: 1번 눌러줘야 돼요 고객님.
고객: 눌렀어요.
상담사: 안 눌러지셨는데?
상담사: 동의하시면 1번 취소하시거나 상담사 연결은 2번을 눌러주세요.
고객: 어
고객: 계속 눌르는 게?
상담사: 고객님 그럼 안 되시면 제가 쪼금 전에 이거 녹취를 쫌 해 드릴 거니까 전화 끊지 마시고 잠시 기다려 주세요.
고객: 예.
고객: 예.
상담사: 입력 시간이 초과되었습니다.
상담사: 동의하시면 1번 취소하시거나 상담사 연결은 2번을 눌러주세요.
상담사: 입력 시간이 초과되었습니다.
상담사: 원하시는 서비스를 선택하지 않으시오 입력 시간이 경과되었습니다.
상담사: 다시 연락 주시면 친절한 상담으로 도와드리겠습니다.
고객: 여보세요?
상담사: 네 고객님 이거 그냥 제가 녹취로 진행할게요.
고객: 예.
상담사: 그 에이아이에서 출금하는 계좌를요.
상담사: 계좌에 황일성의 계좌 농협계좌시구요 302
상담사: 0783
상담사: 0568
상담사: 팔하나하나 계좌로
상담사: 출금 요청하셨습니다 맞으십니까?
고객: 예.
상담사: 네 그러면 지금.
상담사: 고객님 그 2건 이자요 9504원 있거든요 요거 먼저 추가할게요 2건 해서요.
상담사: 그 합산되신 보험료로 조금 해 드려도 되시는 거죠?
고객: 예.
고객: 네.
상담사: 네 그럼 우선은 보험료 먼저 출금하겠습니다 아이 대출 이자 먼저 출금하겠습니다.
상담사: 우선 고객님 대출 이자는 출금해 드렸고요 보험료 바로 출금해 드릴 건데 아까 말씀드린 것처럼 보험료는 고객님 조금 차이가 있어요.
상담사: 금액 차이가요 그분
상담사: 참고 부탁드리고요.
상담사: 3건에서 아까 말씀드렸던 보험료
상담사: 지금 102880원 출금하겠습니다.
고객: 예.
상담사: 아 잠시만 기다려 주세요.
고객: 네.
고객: 예?
고객: 먼저.
고객: 떨어지
상담사: 이것도 동일하게 보니 그 합산되신 법률은 게재해 드려도 되시는 거죠 조금 해드려도요.
고객: 예 예 예.
고객: 예.
상담사: 네 잠시만요.
상담사: 오늘 그러면 요거는 다 내셨고 지금 확인해 보니까 아까 말씀하셨던 피보험자님 아 그 계약자님 황연태님으로 돼 있고 고객님께서 자녀분으로 돼 있는 계약 건인데요.
상담사: 요거는 지금 현재 고객님 8월까지 납부되셨는데요.
고객: 아 그렇죠.
상담사: 보험료 예 예 예.
고객: 예 그럼 됐어요.
상담사: 아 다 되셨고요 네 다른 문의사항은 없으신 거죠?
고객: 예 예.
상담사: 더불어 연령대에 필요한 상품으로도 신경 쓰셔서 연락드리고 있어요 편안한 시간을 느시면 간단한 상담 부탁드려요.
고객: 예 감사합니다.
상담사: 네 감사합니다.","고객 황일성은 계약자로, 농협중앙회 계좌(끝자리 0568)를 사용하며, 보험료 및 대출 이자 납부를 위해 가상 계좌를 통해 3건의 보험료 총 102,880원과 이자 9,504원을 출금 요청하였다. 계좌 정보는 3020783****로 확인되었으며, 출금 요청 후 보험료와 이자가 순차적으로 처리되었다. 또한, 자녀 계약 건(황연태 기준)에 대해 8월까지 납부 완료 상태임이 확인되었다.","계약 3건의 영업보험료 102,880 원과 어제까지 이자 9,504 원 즉시출금완료
아들계약건은 최종납월 8월임","계약 3건
영업보험료 102,880원
이자 9,504원
즉시출금완료
아들계약건
최종납월 8월",가능,0.9,"계약 3건 보험료 102,880원, 이자 9,504원 즉시출금, 아들 계약건 8월까지 납부 내용이 모두 STT에서 확인됨",가능,,E147381,2026-03-09T10:27:19.973616,,,,,가능,,,,,과답,,STT_내용_추가(정상),"STT_내용_추가(정상): 고객 인적사항(황일성, 농협중앙회 계좌 끝자리 0568, 계좌번호 3020783****)과 자녀 이름(황연태) 등 STT에 있는 내용이 추가됨.",Y,,과답,,"{'label': 'STT_내용_추가(정상)', 'action': 'keep'}",E147381,2026-03-10T14:53:53.550977,,,,,,,,
242,"상담사: 반갑습니다 박예은입니다.
고객: 네 저기
고객: 그 납입
상담사: 네 위원님
상담사: 네.
고객: 카드
고객: 가 변경돼 갖고요.
상담사: 네 저희 간단한 본인 확인 후 카드 변경 도와드리겠습니다 지금 전화 주신 분 계약자 유희영 님 본인 맞으시구요.
고객: 네.
고객: 네.
고객: 네.
상담사: 네 고객님 생년월일은 어떻게 되십니까?
고객: 76년 3월 15일이요.
상담사: 네 핸드폰 번호가 01037142, ************
고객: 0334번이요?
상담사: 네 확인 감사드리고요 저희 쪽으로 유지하고 있는 계약 1건 있으시고요 지금 변경하시는 카드는
고객: 네.
고객: 네.
상담사: 고객님 본인 명의 카드 맞으시고요?
고객: 네.
상담사: 네 변경하실 카드사는 어디실까요?
고객: 우리카드요.
상담사: 동일하게 우리카드시구요 카드번호 한번 말씀 부탁드리겠습니다.
고객: 네.
고객: 네.
고객: 9500
상담사: 네.
고객: 0100
상담사: 네.
고객: 0460
상담사: 네.
고객: 1535번이요.
상담사: 1535 시고요.
고객: 네.
상담사: 네 고객님 유효 기간은 어떻게 되세요?
고객: 0830이요.
상담사: 30년 8월이시구요.
고객: 네.
상담사: 네 고객님 당연하시겠지만 고객님 국적과 실제 거주하시는 곳은 동일하게 한국 맞으시고요?
고객: 네.
상담사: 네.
상담사: 저희 정상적으로 카드 변경 잘 되셨구요 이번 9월부터는 매월 20일에 변경하신 우리 카드로 월 보험료 42220원 결제되실 겁니다.
고객: 네 감사합니다.
상담사: 네 감사합니다.
고객: 네.
상담사: 네.","고객은 계약자 유희영으로, 1976년 3월 15일생이며, 핸드폰 번호는 0103********입니다. 본인 명의의 우리카드로 카드 정보를 변경하였으며, 카드번호는 9500-0100-0460-****, 유효기간은 2030년 8월입니다. 국적과 거주지는 모두 한국입니다. 변경된 카드로 9월부터 매월 20일에 보험료 42,220원이 결제됩니다.",1건 카드변경/ 9월부터 매월 20일 변경된 우리카드로 월 보험료 42000 220 원 결제예정임,"카드변경 1건
9월부터
매월20일
우리카드
월보험료42000 220원
결제예정",가능,0.9,"1건 카드변경, 9월부터 매월 20일 우리카드로 42,220원 결제 예정 내용이 STT에서 확인됨. 레퍼런스의 '42000 220원'은 STT상 42220원으로 동일 금액",가능,,E147381,2026-03-09T10:27:42.534455,,,,,가능,,,,,오답,,STT_내용_추가(정상),"STT_내용_추가(정상): 고객 인적사항(유희영, 1976년 3월 15일생, 핸드폰 번호, 우리카드 번호 9500-0100-0460-****, 유효기간, 국적·거주지) STT에 있는 내용이 추가됨.",Y,,과답,,"{'label': 'STT_내용_추가(정상)', 'action': 'keep'}",E147381,2026-03-10T14:54:35.603852,,,,,,,,
243,"상담사: 반갑습니다. 입니다.
고객: 아 수고하십니다.
상담사: 네
고객: 여보세요?
상담사: 네 안녕하세요?
고객: 제 보험이 지금
상담사: 네.
고객: 잘 살아 있는지 확인 좀 해보려고요.
상담사: 네 정보 확인 후 안내 도와드리겠습니다 전화 주신 분은 김순위님 계약자분이 맞으십니까?
고객: 예.
상담사: 생년월일이 어떻게 되세요?
고객: 630131
상담사: 핸드폰 번호는 0103072 뒤 4자리 어떻게 되세요?
고객: 3444요?
상담사: 네 확인 감사합니다.
상담사: 음
상담사: 고객님 유지하고 계시는 이제
상담사: 지금 돈을 납부하고 계시는 보험은 2건이시거든요.
고객: 네.
상담사: 예.
고객: 뭐 뭐 있습니까?
상담사: 음
상담사: 암보험 하나하고 이제 유니버셜
고객: 네.
상담사: 보험이 있으시거든요.
고객: 예.
고객: 유니버설 잘 있습니까?
상담사: 네.
상담사: 어 네.
상담사: 잘 있습니다.
고객: 잘 되지?
상담사: 네.
고객: 암보험
고객: 암보험 따로 하나 들은 거 있어요?
상담사: 예.
상담사: 암보험도 8월분까지 잘 납입되고 있습니다.
고객: 어
고객: 네.
고객: 이거 저기 주소가 바뀌었어요.
상담사: 아 주소가 변경되셨어요 그러면 주소 변경하시려면
고객: 이사
상담사: 지금 아 이제 본인인증 절차가 필요하거든요.
고객: 네.
고객: 네.
상담사: 핸드폰 번호로 제가 인증번호 보내드릴 거예요 쓰고 계시는 통신사가 어떻게 되세요?
고객: 네.
고객: SK요.
상담사: 네.
상담사: 휴대폰 본인확인 서비스 아
고객: 1630
상담사: 고객 고객님
상담사: 저
고객: 예 예.
상담사: 아직 발송 안 해드렸거든요.
상담사: 휴대폰 본인 확인 서비스 이용과 관련하여 고객님의 정보를 수집 이용 취급 위탁하고 고유 식별 정보를 처리하는 것에 동의하십니까?
고객: 예 예.
고객: 네.
상담사: 네
상담사: 인증번호 여섯 자리 저한테 불러주세요.
고객: 6 5 8 1 9 6
상담사: 네
상담사: 아 저 의원님 발언하겠습니다.
상담사: 지금 주소 어 변경되신 주소 저한테 어 도로명 주소 불러주세요.
고객: 네.
고객: 지금은 어디로 돼 있어요?
상담사: 어 영독으로 돼 있는데요.
고객: 아 태종로 170, **************
상담사: 네.
상담사: 네.
고객: 아 동호수만 바뀌었어요. 106동
상담사: 아
상담사: 아 그러세요 잠시만요.
고객: 예.
상담사: 네 고객님.
상담사: 네 동호주
고객: 106동 1710
상담사: 1700 이럽니까?
상담사: 제가 다시 한번 확인하겠습니다.
고객: 네.
고객: 예.
상담사: 영도군 퇴적로 172, ************************************
상담사: 맞으세요?
고객: 네 네.
상담사: 예.
고객: 네 네 106동 701호요.
상담사: 아 1701호가 아니라요?
고객: 아 17층 1호.
상담사: 예.
고객: 네.
상담사: 네.
고객: 그렇게 하고
상담사: 네.
고객: 이거 약관 좀 보내주세요 2개 다
상담사: 아 증권 말씀하세요?
고객: 아 아 증권요.
상담사: 예예예 음
상담사: 어 증권은 고객님 저희가 lms 문자 발송도 지금 바로 가능하시거든요.
고객: 아니 저기
고객: 그 종이로 받으려고요 우편.
상담사: 예.
상담사: 아 종이로요 고객님 이제 저희가
고객: 네.
상담사: 어 증권을 발송을 해드리면
상담사: 어 평일 기준 최대 7일 정도 소요되시거든요 평일 기준이에요 주말 빼구요.
고객: 네.
고객: 예 예.
고객: 예 예.
상담사: 조금 늦게 발송될 수 있는데 어 한 3 4일 기다리다가 전화 주시는 분 계시거든요.
고객: 예 예.
상담사: 한 1주일 정도까지 걸릴 수 있다는 점 양해 부탁드립니다.
고객: 예.
고객: 예.
상담사: 제가 지금 증권 고객님 주소로 발송해드리겠습니다.
고객: 예 예.
고객: 아 2개요?
상담사: 네.
고객: 네 알았습니다.
상담사: 감사합니다.
고객: 네에.
고객: 수고하세요.
상담사: 네 건강하세요.
고객: 네 네.","고객 김순위는 계약자로, 생년월일 1963년 1월 31일이며, 핸드폰 번호는 010-3072-****로 SK 통신사 사용 중이다. 현재 유지 중인 보험은 암보험과 유니버설 보험 2건이며, 암보험은 8월분까지 납부 완료 상태이다. 주소 변경 사유로 현재 주소는 영도군 퇴적로 172, 106동 17층 1호로 변경되었으며, 증권은 종이로 우편 발송될 예정이며 평일 기준 최대 7일 소요될 수 있다.","암보험과 유니버셜보험 2건 있음
주소변경완료 
증권 우편발송/ 평일기준 최대 7일소요됨안내","암보험
유니버셜보험
2건
주소변경완료
증권우편발송
평일기준
최대7일소요
안내",가능,0.95,"암보험/유니버셜보험 2건, 주소변경, 증권 우편발송, 평일기준 최대 7일 소요 안내 내용이 모두 STT에서 확인됨",가능,,test,2026-03-09T08:40:01.908834,,,,,가능,,,,,정답,,STT_내용_추가(정상),"STT_내용_추가(정상): 고객 인적사항(김순위, 생년월일, 핸드폰 번호, SK 통신사), 암보험 8월분 납부완료 상태, 변경 주소(영도군 퇴적로 172, 106동 17층 1호) 등 STT에 있는 내용이 추가됨.",Y,,과답,,"{'label': 'STT_내용_추가(정상)', 'action': 'keep'}",E147381,2026-03-10T14:55:54.493503,,,,,,,,
246,"상담사: 반갑습니다.
상담사: 예 은입니다.
고객: 여보세요?
상담사: 네 고객님.
고객: 아예 뭐 좀 여쭤볼게요.
상담사: 네 저희 간단한 본인 확인 후에 계약 건 안내 도와드리겠습니다 지금 전화 주신 분 계약자 반 옥락 님 본인 맞으시고요?
고객: 네.
고객: 예 맞습니다.
상담사: 네 분의 생년월일은 어떻게 되실까요?
고객: 52년 7월 21일입니다.
상담사: 네 핸드폰 번호가 0109018, ***************
고객: 4 5 1 8 입니다.
상담사: 네 확인 감사드리구요 어떤 문의로 연락 주셨을까요?
고객: 네. 확인 감사합니다.
고객: 아니 뭐 이 나 지금
고객: 휴대폰을 바꿨거든요.
상담사: 네네.
고객: 다 꼈는데 뭐 자꾸 무슨 앱을 깔아 깔고 뭐 하라는데 그게 뭔 뜻인지를 몰라 가지고
상담사: 아 앱을 다운받으라고 하셨다고요?
고객: 예 예.
상담사: 네 그거는 이제 고객님 저희가 이제 에이아이에이플러스 라는 어플이 있어요.
고객: 예.
상담사: 네 뭐 그걸로 이제 계약 건 확인도 가능하시고 뭐 청구 이런 것도 가능하시기 때문에 저희가 앱 설치하라고 이제 연락이 가신 걸 겁니다.
고객: 아 X K을 할 줄 모르니까
상담사: 네  네 없 이제 고객님께서 앱 사용하시는 게 어려우시면 이제 뭐 저희 쪽으로 연락 주셔서 문의하셔도 되구요.
고객: 네.
고객: 예 설치를 어떻게 받는 거예요?
상담사: 이제 고객님 이제 스마트폰 사용하실 때 어플 사용하시잖아요 뭐 카카오톡이든 뭐 다른 어플들 사용하시잖아요.
고객: 예.
상담사: 네 그런 것처럼 동일하게 저희도 이제 에이아이에이플러스라는 앱이 있어요. 이제 그거 설치해서 사용하는 겁니다.
고객: 아.
상담사: 네.
고객: 네 네 알겠습니다.
상담사: 네 감사합니다.
고객: 네
고객: 네 수고하세요.
상담사: 네 네 감사합니다.","고객은 계약자 반 옥락 님으로, 1952년 7월 21일생이며, 휴대폰을 변경한 후 앱 설치를 요청하는 연락을 받았다고 설명함. 상담사에서는 에이아이에이플러스 앱을 통해 계약 건 확인 및 청구 등이 가능하다고 안내하며, 앱 설치 방법에 대해 스마트폰 어플 사용 방식과 유사하게 설치할 수 있다고 설명함.","핸폰 바꾼후 앱 다운받으라고 연락온다고문의
계약 확인, 청구도 가능한 AIA+라는 앱 설치하라고 연락드리고있음/ 스마트폰에 앱 다운받는거와 동일함
앱사용 어려우면 고객센터 연락주셔서 문의하셔도됨","핸폰변경 
앱다운로드 
연락문의 
계약확인 
청구가능 
AIA+앱 
설치연락 
스마트폰앱 다운방법동일
앱사용어려움 
고객센터연락",가능,0.95,"핸드폰 변경, AIA+ 앱 안내, 계약확인/청구 가능, 스마트폰 다운로드 방법, 고객센터 문의 안내 등 모든 내용이 STT에서 확인됨",가능,,test,2026-03-09T08:34:02.079861,,,,,가능,,,,,정답,,"정보_누락, STT_내용_추가(정상)","정보_누락: '앱사용 어려우면 고객센터 연락주셔서 문의하셔도됨' 안내가 generated에 없음.; STT_내용_추가(정상): 고객 인적사항(반 옥락, 1952년 7월 21일생, 핸드폰 번호) STT에 있는 내용이 추가됨.",Y,,오답,,"{'label': '정보_누락', 'action': 'keep'}, {'label': 'STT_내용_추가(정상)', 'action': 'keep'}",E147381,2026-03-10T14:56:45.977801,,,,,,,,
247,"상담사: 네 반갑습니다. 유선입니다.
고객: 네 수고하십니다.
상담사: 네 감사합니다.
고객: 어 보험 약간 대출 되나 하고 전화했는데요.
상담사: 어 정보 확인하고 안내드리겠습니다. 고객님 전화 주신 분은 계약자님
상담사: 전 경순고
고객: 정경궁
상담사: 어 고객님 본인 맞으시고 사용하시는 휴대폰 번호가 06504, **********
고객: 예.
상담사: 새라나 네.
상담사: 네 마지막 자리가
고객: 615
상담사: 네 생년월일
고객: 615
고객: 55년 3월 27일
상담사: 요거 말고 보험료 납부하시는 방법이 어떻게 되시나요?
고객: 방법이요?
상담사: 네 보험료를 계좌로 하고 계신지 카드로 하고 계신지 여쭤보는 거거든요.
고객: 아 자동이체.
상담사: 하시고 계시고요 그럼 조금 전에 고객님 그 대출 관련으로 통화 요청하셨던 걸로 확인되시는데요.
고객: 예.
고객: 네 근데 연결해 준다고 그러고서는.
상담사: 그래서 저는 아
상담사: 요거 제가 바로 해드릴 수가 있어서 조금 전에 요청하셨던 건 취소 처리해드리고요 제가 금액을 좀 안내드릴 건데 추가로 대출 가능하신 계약 건은 1건 있어요 고객님.
고객: 예.
고객: 예.
고객: 예 얼마 내요?
상담사: 그
상담사: 16만 원 가능합니다.
상담사: 추가로
고객: 그것 그것 좀 해줄래요.
상담사: 바로 해드릴 수 있고요. 요거 저희 녹취하고 가능하신 부분이셔 가지고 녹취 1번 진행해드릴게요 잠시만 기다려 주세요.
고객: 예.
고객: 예.
고객: 네네.
고객: 네.
상담사: 그럼 보온결사
상담사: 보험계약 배출 체결 및 이행 후에 고객님의 고유세별 정보 보임 계약 정보 등을 수집 이용하고 제삼자인 신용 정보 집중 기관 등에 제공하며 금융거래 안심처나 신청 정보 등을 조회하여 거래 종료 최대 5년까지 보유 이용하는 것에 동의하십니까?
고객: 네.
상담사: 네 그러면
상담사: 금액 다시 한번 안내드려야 돼서요 증거번호 30231994 우배당 원스톱 암 보험 1 다시 1 형에서 근데 대출 가능 금액은 16만 원 가능하신데요 전액 다 하시는 거죠?
고객: 네 네.
상담사: 그럼 이율은 5.75 퍼센트로 확인되시구요 바로 접수는 해 드릴 건데 그 어제까지 이자가 있어요 고객님 기존에 받으신 거 4719원 공제하고 나머지 금액만 입금이 가능하신 부분이고 접수를 하기 위해서는 인증이 한 번 필요하시거든요 휴대폰 인증이나 신분증 인증이 필요한데 어떤 걸로 인증하시는 게 편하세요?
고객: 네.
고객: 네.
고객: 예.
고객: 휴대폰 인증은 여기 인증번호가 와요?
상담사: 네 휴대폰 문자로 가시는데 그 보시 아 그럼 통신사 어떻게 되세요.
고객: 네 그렇게 해 주세요. 네.
고객: SK요.
상담사: 본인 명의 휴대폰이신 거구요.
고객: 네.
상담사: 그럼 고객님 휴대폰으로 인증 번호 하나를 발송드릴 거고요 휴대폰 본인 확인 서비스 이용과 관련하여 고객님의 정보를 수집 이용 취급 위탁하고 고유 시발점 정보를 처리하는 것에 동의하십니까?
고객: 예.
상담사: 그 문자로 인증 번호 발송드렸구요 문자 보시고 주소지 1자리 말씀 부탁드리겠습니다.
고객: 잠깐만요.
상담사: 예.
고객: 여보세요?
상담사: 네.
고객: 어우 잠깐만요 또 가버리네.
고객: 81 4234
상담사: 네 확인 한번 하겠습니다.
상담사: 그럼 이제 아까 말씀드린 것처럼 16만 원 하신다고 하셨잖아요 근데 어제까지 이제 아까 말씀드린 4719원 공제하고 4000 어 15만 5281원 지급 가능하고요 접수 바로 진행하겠습니다 대출 접수하시는 취소 처리는 어렵고요 실례지만 고객님 국적과 실제로 거주하신 곳이 동일하게 한국은 맞으신 거죠?
고객: 네 네.
고객: 예.
고객: 예.
고객: 네.
고객: 네 네.
상담사: 다른 나라에 세금 납부하신 거 있으세요?
고객: 없어요.
상담사: 아 없으시고요. 그러면 지급받으실 은행명하고 계좌번호 계좌 본인 계좌 알려주시겠습니까?
고객: 네 네.
고객: 630
상담사: 630
고객: 0057.
상담사: 광고 호텔
고객: 65
상담사: 요거
고객: 200
상담사: 200
상담사: 이게 마지막이세요.
고객: 예.
상담사: 네 그 은행 어떤 은행이십니까?
고객: 하나은행이요.
상담사: 안하는 계좌시구요 계좌 확인 한 번 해볼게요.
상담사: 네 계좌 확인되셨고 그리고 지금 대출 이자 같은 경우는 매달 20
상담사: 5일 날 하나 하는 거에 대해서 납부하고 계신데 그대로 유지하실 건가요?
고객: 네 네 그렇게 해 주세요.
상담사: 그럼 그럼
상담사: 제출 약정서는 저희가 문자를 통해서 안내가 가능하거나 음성 안내 ARS 통해서 가능한데 어떻게 안내 받 문자로요 문자를 받아보시는 경우는 약정서 내용과 같이 약정됨에 동의하는 것으로 처리가 되시는데 괜찮으십니까?
고객: 네.
고객: 문자로
고객: 네.
고객: 네 네 네.
상담사: 그럼 고객님 휴대폰으로 대출 예약 청약철회 관련 안내 문자를 보내드리고 있으니까요 궁금한 확인하시고 궁금하신 점 있으면 저희 쪽으로 연락 한번 주시면 되시구요 약정서 발송드렸고 철회 관련해서도 문자 발송 드렸어요.
고객: 네 네.
고객: 예.
고객: 네 감사합니다.
상담사: 네 그리고 이제 신청하신 대출금.
상담사: 그 요청하신 계좌로요.
상담사: 예 곧 2시간 이내로 지급 처리 되시니까요 계좌 확인하시면 되실 거예요.
고객: 네 네 예 예.
고객: 예.
고객: 예 감사합니다.
상담사: 네 완료되셨구요 더불어고 연령대의 필요한 상품으로도 신경 쓰여서 연락드리고 있는데요 편안한 시간을 내주시면 간단한 상담 부탁드려요.
고객: 네.
고객: 네.
고객: 예 감사합니다.
상담사: 네 네 감사합니다.
고객: 네.
상담사: 이거 통화 종료 부탁드리겠습니다.
상담사: 통화 종료되지 않아 제가 먼저 종료하겠습니다 감사합니다.","고객 정경궁은 계약자이며, 1955년 3월 27일생으로, 휴대폰 번호는 010-****-615, SK텔레콤 본인 명의 계약자이다. 보험료 납부 방법은 자동이체이며, 대출 관련 문의로 상담을 요청하였다. 대출 가능 계약 건은 1건으로, 증권번호 3023****, 우배당 원스톱 암 보험 1형에서 대출 가능 금액은 16만 원이며, 이자율은 5.75퍼센트이다. 기존 대출 이자 4,719원을 공제한 후 15만 5,281원이 지급 가능하며, 대출 접수는 휴대폰 인증을 통해 진행되었다. 지급은 계좌번호 630-****-65-200(하나은행)로 2시간 이내 처리될 예정이며, 매달 20일 날 보험료 납부 방식은 그대로 유지된다. 약정서는 문자로 발송되었으며, 철회 관련 안내도 문자로 전송되었다.","증 30231994 암보험 이율 5.75%, 추가대출가능금액 16만원신청/ 전일까지 이자 4,719원 공제후 2시간이내 지급/ 
대출이자납부 기존과 동일하게 유지/ 접수후 취소어려움

","증30231994
암보험
이율5.75%
추가대출가능금액16만원
전일까지
이자4719원공제
2시간이내지급
대출이자납부
기존과동일유지
접수후
취소어려움",가능,0.95,"증권번호, 암보험, 이율, 대출금액, 이자공제, 지급시간, 이자납부유지, 취소불가 안내 모두 STT에서 명확히 확인됨",가능,,test,2026-03-09T08:28:59.072221,,,,,가능,,,,,오답,,"정보_누락, STT_내용_추가(정상)","정보_누락: '접수후 취소어려움' 안내가 generated에 없음.; STT_내용_추가(정상): 고객 인적사항(정경궁, 1955년 3월 27일생, SK텔레콤, 하나은행 계좌), 약정서 문자 발송, 철회 안내 등 STT에 있는 내용이 추가됨.",Y,,오답,,"{'label': '정보_누락', 'action': 'keep'}, {'label': 'STT_내용_추가(정상)', 'action': 'keep'}, {'label': '해석_오류', 'action': 'add', 'error_detail': 'STT상에서 보험료 납부일이 20 5일이라고 나와있고, Generated 에서는 20일이라고 되어있음. 따라서 25일 가능성도 있음.', 'chunks': [3]}",E147381,2026-03-10T15:02:04.004823,,,,,,,,
249,"상담사: 네 반갑습니다.
고객: 예 수고하십니다 저.
고객: 카드 자동 이체를.
고객: 경기지역으로 찾기려고 하는데요.
상담사: 예
상담사: 자동 이체 해지 말씀하세요.
고객: 네 네.
상담사: 정보 확인하고 안내드리겠습니다. 박 3차 고객님 계약자 본인 맞으시고요.
고객: 네 맞습니다.
상담사: 사용하시는 번호 4466 마지막 자리가 몇 번이십니까?
고객: 유후 유
상담사: 네 생년월일 앞자리 몇자리 좀 말씀 부탁드려요.
고객: 72년 1 0 1 5
상담사: 감사합니다 저 그 혹시 가던 게 정지하시려는 특별한 다른 사유가 있으신 거예요 고객님?
고객: 아 카드를 바꾸려고 하는데요. 지금 아직
상담사: 아 아 예.
고객: 확실하지 않아 가지고
상담사: 아 그러면 이제 제가 바로 전
고객: 일자로
상담사: 어 바로 해드릴 수 있는데요 이렇게 정지를 하시면 보험료 납부하실 때마다 저희 당사로 연락을 주셔서 보험료를 즉시 출금 하시거나 가상 계좌로 입금하셔야 되시기 때문에 예 조금 번거로울 수가 있는데 이 부분은 괜찮으신 거고요?
고객: 예.
고객: 예 예.
고객: 예 예 괜찮습니다.
상담사: 이쪽으로 해서 종료하겠습니다.
상담사: 그럼 추후에 보험료를 납부하게 되신다고 하시면 납부 일정일은 어떻게 되십니까?
고객: 음.
고객: 지금 제가
고객: 결정할 게 아니고 집사람이 결정해야 돼서요.
상담사: 아 그럼 정확한 거 모르신다는 거죠 그럼 일단은
고객: 예 예 일단은
상담사: 예 정리는 해놨고
고객: 정기말고
상담사: 어 정리를 해놨고요 고객님 이제 그 9월까.
고객: 예.
고객: 예.
상담사: 8월까지 납부가 되셨기 때문에 9월부턴 납부 처리가 안 되실 건데 2달치가 납부가 안 되시면 실효가 돼요 고객님 까 10월 말일까지 납부 안 되시면 11월 1일자로 실효가 될 수가 있구요 일단은 8월까지는 보험료를 납부를 하셨잖아요 고객님께서 그래서 인제
고객: 예.
고객: 예.
고객: 예 예.
고객: 예.
고객: 네네.
상담사: 그 8월달에 납부하셨던 거는 9월달 카드 대금이 나오실 수는 있어요.
고객: 예 알겠습니다.
상담사: 정리를 해놨습니다 감사합니다.
고객: 예. 수고하세요.
상담사: 네 감사합니다.
상담사: 네 통화 종료 부탁드리겠습니다.
상담사: 통화 종료되지 않아 제가 먼저 정리하겠습니다. 감사합니다.
고객: 예 예.
고객: 예.","박 3차 고객님의 카드 자동 이체를 8월까지 납부 완료 후 9월부터 정지 처리하였습니다. 9월 이후 보험료 납부 시 당사로 연락하여 즉시 출금 또는 가상 계좌로 입금해야 하며, 10월 말일까지 납부되지 않을 경우 11월 1일자로 실효될 수 있습니다.","카드자동이체 정지요청/
정지시 즉시출금 또는 가상계좌 입금가능
최종납월 8월로 10월말일까지 미납시 11.1일 실효될수있음
8월 납부건은 9월에 카드대금으로 나옴","카드자동이체 정지요청
정지시 즉시출금
가상계좌 입금가능
최종납월 8월
10월말일 미납시
11.1일 실효
8월 납부건
9월 카드대금",가능,0.95,"카드자동이체 정지, 즉시출금/가상계좌 안내, 10월말 미납시 11월 실효, 8월분 9월 카드대금 등 모든 내용이 STT에서 확인됨",가능,,test,2026-03-09T08:22:56.655316,,,,,가능,,,,,오답,,정보_누락,정보_누락: '8월 납부건은 9월에 카드대금으로 나옴' 안내가 generated에 없음.,Y,,오답,,"{'label': '정보_누락', 'action': 'keep'}",E147381,2026-03-10T15:06:10.367684,,,,,,,,
250,"상담사: 네 반갑습니다. 교수님입니다.
고객: 아 예 그 자주 AI 쪽
고객: 전화로 연락이 오는 것 같은데 혹시 어떤 이유 때문에 오는건지 확인 좀 할려구요.
상담사: 요새 당사자세요. 고객님.
고객: 오.
고객: 예 그게 아마 전화번호를 제가 검색을 해보니까 AI 관련된 뭐 전화번호로 나오는데
상담사: 네.
고객: 이게 혹시 광고 전화인 것 같기도 하고 그래서
고객: 뭘 어떻게 막을 수 있나 싶어서
상담사: 정보 확인 한번 하고 안내 바로 드려볼게요 고객님. 그 고한줄공이니 계약자님 본인 맞으시구요?
고객: 예 맞습니다.
상담사: 네 그 사용하시는 번호가 010, *****
상담사: 예 마지막 자리가 몇 번
고객: 333 3339번입니다.
상담사: 네 생년월일 앞자리 6, ******************
고객: 예 80년 5월 20일생입니다.
상담사: 감사합니다. 일단은 고객님 확인을 해보니까 고객님 그 가입하려는 거고 마케팅 동의가 돼 있어 가지고 요 관련해서 연락을 드렸던 것 같아요. 근데 요거 이제 거부 처리해 달라는 말씀이신 것 같아요. 그래서 예 이거 저희 그러면 거부 처리해드릴 거고 이동 이체를 해드릴 거고 다만 저희가 이제 전 센터에 같이 한번 전달드릴 거예요. 고객님 근데 이제 전 센터에 전달 가능 가
고객: 네.
고객: 네.
고객: 아 네 네 네 네.
고객: 예.
고객: 네.
상담사: 과정에서요. 전달하는 과정에서 하루 이틀 정도는 연락이 가시는 경우가 있긴 하드라고요. 고객님 이 부분 양해 부탁드리고 제가 전달해 놓을게요. 고객님.
고객: 네 네 네.
고객: 네.
고객: 네 알겠습니다 감사합니다 네.
상담사: 아 너무 죄송합니다 감사합니다.","고객은 1980년 5월 20일생으로, 계약자 본인임을 확인받았으며, 010-****-3339 번호를 사용 중이다. 고객은 AI 관련 전화번호로 검색되며 광고 전화일 가능성이 있어 연락을 차단하고자 상담을 요청했다. 현재 고객의 계약 정보에 마케팅 동의가 활성화되어 있어 관련 연락이 이루어졌으며, 고객은 이에 대한 거부 처리를 요청했다. 상담사는 거부 처리 및 이동 이체를 진행하고, 전 센터에 전달할 예정이며, 전달 과정에서 하루 이틀 정도 추가 연락이 올 수 있음을 안내했다.","어떤 이유로 전화연락이 오는지 확인요청 
광고성 연락이면 연락거부/
마케팅 수신동의되어있어 연락드림/ 마케팅 거부 신청 
하루이틀정도는 연락이 갈수있는점 양해구함","전화연락 이유 확인
광고성 연락 거부
마케팅 수신동의
마케팅 거부 신청
하루이틀 연락 가능
양해",가능,0.95,"전화연락 이유 확인, 마케팅 동의로 인한 연락, 거부 처리, 하루이틀 양해 등 모든 내용이 STT에서 확인됨",가능,,E147381,2026-03-06T09:50:12.026768,,,,,가능,,,,,정답,,STT_내용_추가(정상),"STT_내용_추가(정상): 고객 인적사항(1980년 5월 20일생, 핸드폰 번호 010-****-3339) STT에 있는 내용이 추가됨.",Y,,과답,,"{'label': 'STT_내용_추가(정상)', 'action': 'keep'}",E147381,2026-03-10T15:06:45.176077,,,,,,,,
256,"상담사: 그러면 이거.
고객: 예 안녕하세요?
상담사: 네 고객님
고객: 저 지금 들어가고 있는 지금 보험 지금 뭐 뭔지 좀 알고 싶어가지고
상담사: 네.
상담사: 저희 간단한 본인 확인 먼저 도와드리겠습니다. 지금 전화 주신 분 계약자 박공배 님 본인 맞으시고요?
고객: 예 예.
상담사: 네 고객님 생년월일은 어떻게 되실까요?
고객: 52년 5월 12일이요.
상담사: 네 핸드폰 번호가 0108945, **************
고객: 6594
상담사: 네 확인 감사드리고요 고객님 저희 쪽으로 이제 총 3건 유지하고 있으시고요 치아보험 1건 있으시고요.
고객: 예.
상담사: 네 그리고 이제 월 보험료 28800원 계약 건 무배당 초간병 건강 갱신형 보험 1건 있으시고요.
상담사: 그리고 이번 9월 3일에 가입하신 계약 건 또 1건 있으시네요 총 3건 있으시네요.
고객: 네.
고객: 예.
고객: 시아하고
고객: 28800원하고
상담사: 800원 네.
고객: 그다음은요?
상담사: 3만 2866원 계약 건 이번 9월 3일에 계약하신 거 있으시잖아요.
고객: 아 어 그걸
상담사: 네.
상담사: 이렇게 총 3건 있으시네요.
고객: 네.
고객: 어.
상담사: 네.
고객: 잠시만요.
고객: 없고
고객: 피아 보험하고
고객: 이번에 가입한 거 이번에 가입한 건 저기
고객: 그 서류 안 옵니까?
상담사: 어 고객님 청약 서류 지금 이제
상담사: 핸드폰으로 못 받아보셨을까요?
고객: 예 예 예.
상담사: 잠시만요.
고객: 그냥 저 저 서류를 좀 보내줬으면 좋겠는데
상담사: 네 저희가 이제 이거는 좀 기다려 주시면 가실 거고 제가 문자로도 지금 한번 보내드릴 거예요 고객님.
고객: 네 회원님 기다려 주셔서 감사합니다.
상담사: 네 그 링크 들어가셔서 한번 확인해보시면 되실 거 같습니다.
고객: 네.
고객: 그 저기
고객: 그냥 교육이 뭐야 서류
고객: 좀 보내주세요.
고객: 늦더라도
상담사: 네.
고객: 좀 보내주세요 그냥.
고객: 그래야 제가
상담사: 우편 우편으로 말씀하실까요?
고객: 예 예 예.
상담사: 네 지금 자택 주소가
상담사: 지금 서울 성북구.
고객: 겨울
고객: 성북구
상담사: 회기로 오길
고객: 회계로 옮기는
상담사: 네 142 101동 1306호 맞으시구요.
고객: 예예 예예
상담사: 저희 지금 발행해드리면 평일 기준 5일에서 7일 영업일 정도 걸리시기 때문에 좀 기다려주셔야 됩니다.
고객: 예 예.
상담사: 네 알겠습니다 발행해 드리겠습니다.
고객: 네 고맙습니다.
상담사: 네 감사합니다.
고객: 네 수고하세요.
상담사: 네 네 감사합니다.
고객: 예.","고객은 계약자 박공배(1952년 5월 12일생)로, 현재 총 3건의 보험 계약을 유지하고 있으며, 그 중 28,800원 월 보험료의 무배당 초간병 건강 갱신형 보험과 2023년 9월 3일에 가입한 32,866원 계약 건이 포함된다. 고객은 최근 가입한 계약의 청약 서류를 핸드폰으로 받지 못해 우편으로 발송을 요청하였으며, 주소는 서울 성북구 회기로 142-101동 1306호이다. 서류 발행 후 평일 기준 5~7영업일 소요될 예정이다.","현재 유지중인 보험 확인차 연락하였으며 총 3건 유지중임.
9월 3일에 가입한 계약건 청약서류 자택주소로 재발송요청함 / 평일 5-7 영업일 소요됨 안내","현재 유지중인 보험
총 3건
9월 3일 가입
계약건
청약서류 재발송
자택주소
평일 5-7 영업일 소요",가능,0.9,"모든 reference 내용이 STT에서 명확히 확인됨. 보험 3건 유지, 9월 3일 가입건 서류 재발송, 평일 5-7영업일 안내 모두 정상 매칭.",가능,,E147381,2026-03-06T10:00:36.169712,,,,,가능,,,,,정답,,STT_내용_추가(정상),"STT_내용_추가(정상): 정답지에 없는 계약자 이름(박공배), 생년월일(1952년5월12일), 보험료 금액(28800원/32866원), 자택 주소 등 STT 정상 내용이 추가됨",Y,,과답,,"{'label': 'STT_내용_추가(정상)', 'action': 'keep'}",E147381,2026-03-10T15:07:37.034962,,,,,,,,
259,"상담사: 반갑습니다. 박예은입니다.
고객: 네 수고하십니다.
상담사: 네 고객님.
고객: 저는 강릉 선이구요.
상담사: 네 지금 전화 주신 분 계약자 강인선 님 본인 맞으시고요?
고객: 아
고객: 네.
상담사: 네 고객님 생년월일 말씀 부탁드립니다.
고객: 6203203
상담사: 네 핸드폰 번호가 0107764, ***************
고객: 공익부이요.
상담사: 네 확인 감사드리고요 어떤 문의로 이제 연락 주셨을까요?
고객: 아 저 지금 자동 이체 그 국민 카드에서 신한 카드로
상담사: 네.
고객: 옮길려고 전화드렸어요.
상담사: 아 카드 변경하시는 걸까요?
고객: 오 오
상담사: 네 지금 저희 쪽으로 유지되고 있는 계약 건 2건 이제 변경 도와드리겠습니다.
상담사: 지금 변경하시는 카드는 고객님 본인 명의 카드 맞으시구요?
고객: 네
상담사: 네 고객님
상담사: 어디 카드로 이제
상담사: 바꾸신다 하셨죠 신한카드요?
고객: 신한카드로
상담사: 네.
고객: 오
상담사: 카드 번호 한번 말씀 부탁드릴게요.
고객: 5428
상담사: 네.
고객: 7967
상담사: 네.
고객: 21972
상담사: 네.
고객: 2557
상담사: 네 고객님 유효기간은 어떻게 되십니까?
고객: 0 8 3 0
상담사: 30년 8월 이시구요.
고객: 네.
상담사: 네 고객님 당연하시겠지만 고객님 국적과 실제 거주하시는 곳은 동일하게 한국 맞으시고요?
고객: 네.
상담사: 네 저희 정상적으로 카드 변경되셨고요 이번 9월부터 매월 20일에 변경하신 신한카드로 월 보험료 1920원
상담사: 9월 보험료 39080원 총 2건 이제 결제되실 겁니다.
고객: 3만 9000원하고 어 얼마짜리인가요 1000
상담사: 1920원이요.
고객: 그리고 그 1920원 속에 13500원 그건 끝난 거죠?
상담사: 지금
고객: 그게요.
상담사: 아 네 맞습니다 주계약이 끝나셔서 이제 이 치 특약으로 치매에 들어가 있으시잖아요.
고객: 예.
고객: 예.
상담사: 네 이
고객: 주계약이 지금 이게 암 보험 그건가?
고객: 아니 가만있어봐
상담사: 급성 심근경색증이랑 뇌출혈 2가지요.
고객: 이거 그러면
고객: 주계약 이거 해지하면은 어떻게 돼요?
상담사: 지금 이제 오늘 기준으로 회수 환급금은 이제 1920원짜리는 오늘 해지하신다고 하시면 이제 오늘 기준 회수 환급금으로 958050, ********
고객: 예.
고객: 주계약만 그게 치매만 가져가면 되겠네요?
상담사: 네 그러시죠 치매 이제 치매 남으셨으니까요.
고객: 음 잠시만요.
상담사: 네.
고객: 그러면은 그것만 해지 해주시겠어요?
고객: 네.
상담사: 치매 이거 1920원짜리 해지하시는 거예요?
고객: 아니 그거는 놔두고
상담사: 그럼 어떤 계약 건이요?
고객: 13500원짜리.
고객: 2개야.
상담사: 줄계약은 이미 끝나신 거예요. 고객님
고객: 그러면 이거
고객: 그
고객: 해지해가지고 이제 또 환급받는 것도 없어요?
상담사: 고객님께서 지금 이제 주계약은 납입 기간 끝나셨고 보장은 2042년 9월 2일까지 받으실 수 있는 거예요.
고객: 네.
고객: 응.
상담사: 네 그러신데 고객님께서 이 치매만
상담사: 남기고 이걸 뺄 수 있는 게 아니구요.
고객: 네.
상담사: 네 네 이 계약을 아예 이제 해지를 하셔야 되는 겁니다.
고객: 아 같이 가는 건가요?
상담사: 네 네 그러시죠.
고객: 어
상담사: 한 이제 이게 하나로 유지가 되어 있으시니까요.
고객: 근데 집에
고객: 이게 하나씩 유지하는데 그럼 치매는 계속 들어가고 이거는 치매는 언제까지 하는 거예요 그럼?
상담사: 지금
상담사: 동일하시죠?
상담사: 지금 잠시만요.
고객: 그래서 나는 이 같이 안 끝나고 왜 치면은 걔 따른 지금 돈이 끊을라 하는가 해서 뭐 여쭤보는다고
상담사: 네.
상담사: 치매도 동일하게 2042년 9월 2일에 이제
상담사: 끝나십니다 만기되십니다 이 계약은.
고객: 그런데 인제 지금은 1920원씩 나가잖아요잉
상담사: 네 네 그러시죠.
고객: 근데 왜 이렇게 똑같이 이게 안 되고 이것만 따로 나가는 건지 나 이해를 못 해가지고
상담사: 아 이게 지금 고객님께서 주기하 주계약은 지금 이제 아까 말씀드린 급성 심근 경색증이랑 뇌출혈 제가 있다고 말씀드렸잖아요 이걸 주계약으로 이제 가입을 하셨어요 근데 이제 어
고객: 응
고객: 오.
고객: 네.
고객: 네.
상담사: 어 보시면 납입 기간 10년 10년만 납입하시면 이제 보상 기간은 29년이신 거예요 그러시기 때문에 2042년 9월 2일까지 이제 나 13500원을 납입을 안 하시고 유지를 하시는 거고요 이제 이 특약으로 들어간 치매는 납입 기간 5년 보장 기간 5년 5년마다 갱신으로 들어가신 거예요 이게.
고객: 응
고객: 오늘
고객: 그러게 이게 지금
고객: 그러면
고객: 갱신 아 5년씩 갱신
상담사: 그러시죠. 5년마다 이 특약만 갱신이 되는 겁니다. 주계약은 이제 납입기간이 10년이고 끝나셨구요. 보상기간이 이제 29년 받는 거구요. 네 그리고 이제 특약 이제 침해로 들어간 거 있으시잖아요. 이제 이거는 5년마다 갱신되는 걸로 특약이 들어가 있으세요.
고객: 음 아 그러니까 예.
고객: 예 예.
고객: 그런데 왜 이렇게 했을까 나는 뭐 또 모르니까 막 묻는 말에게 그러면 이게 만기 됐을 때 돌려받는 거 하나도 없나요?
상담사: 응
상담사: 음
상담사: 이 계약건은 만기 환급금은 없으십니다. 계약 종료되시는 거예요.
고객: 그러면 중간에 그냥 해지하면은 그냥 조금은 받을 수 있는 거네요?
상담사: 그러시죠 이제 해지 환급금이 있는 거죠 근데 이게 납입 다 하셨는데 이제 해지한 거 하면은 또 아깝진 않으시겠어요.
고객: 뭐지?
고객: 네.
고객: 네.
고객: 우리가 아파야
고객: 이 지금
상담사: 예.
고객: 매주 좀 그것만 기다리면서 매주
상담사: 뇌출혈 뇌출혈이랑 급상 심근경색증.
고객: 매출이 된다는 거 뭐고
상담사: 네.
고객: 아 치매도 있네 치매 진단금도 있네
상담사: 침에도 네 침에도 들어가 있으시고요.
고객: 응
고객: 김해고 이게 지금 경증일 땐가요 아니면 중증일 땐가요?
상담사: 이제 중증 치매로 되었을 때라고 되어 있네요 보장 내용에.
고객: 그게 경증은 있고 경증은 가벼울 때 하는 건데 중증까지 될 정도면은 중증은 어느 정도
상담사: 중증이 이제 3000만 원 되어 있으시
고객: 몇 급이 나와요 둘 중에?
고객: 음 그니까
상담사: 네 이제
고객: 중땐 맥급을
고객: 예스 댄스.
고객: 중증으로 이게 되는 가요?
상담사: 이제 중증 치매라는 거를 진단받으시면은 나오시는 걸 겁니다 중증이라고.
고객: 근데 이거 불전 불전까지 받기에는 힘들 것 같은데
상담사: 아
상담사: 이제 부인이 함 고민해보시고 네 고민해보시고 저희 쪽에 연락 주셔도 되고요.
고객: 네 이제 모르는 일이지만
고객: 그러면
고객: 그러면 이거 1가지 또 있잖아요.
상담사: 네.
고객: 2개인데 지금
고객: 3만 9000원
고객: 이거는요.
고객: 이것도 지금 만기 환급금이 없죠?
고객: 50프로 있는데?
상담사: 예.
상담사: 이 계약 건은 만기 환급금 있으세요.
고객: 이거는?
상담사: 만기 환급금 네 만기 환급금 이제 2042년 6월 12일에 나오시
고객: 그러니까
상담사: 계약 만기 되실 때 나오시구요.
고객: 나올 때 그때 얼마 정도 나오는가요 그러면 만경 환급금이?
상담사: 예.
상담사: 이제 고객님께서 뭐 보장받으신 거 없고 유지를 이제 계속하셨을 때 종료되셨을 때는 468만 9000원 가량 나오십니다.
고객: 네
고객: 예예예.
고객: 그게.
상담사: 네.
고객: 알겠습니다 감사합니다.
상담사: 네 엄 네 감사합니다.
고객: 네.
상담사: 네.","고객은 계약자 강인선이며, 생년월일은 620****, 핸드폰 번호는 010*******************이다.  
고객은 국민 카드에서 신한카드로 자동 이체 카드를 변경하기 위해 연락했다.  
현재 유지 중인 계약 건은 2건이며, 카드 변경 대상은 신한카드로, 카드 번호는 5428796721972****, 유효기간은 30년 8월이다.  
변경된 카드로 9월부터 매월 20일에 월 보험료 1920원이 결제되며, 9월 보험료는 총 3****원이다.  
주계약은 급성 심근경색증과 뇌출혈에 대한 보장으로, 납입 기간은 10년, 보장 기간은 2042년 9월 2일까지이다.  
특약 중 치매는 납입 기간 5년, 보장 기간 5년으로 5년마다 갱신된다.  
고객은 주계약만 해지하고 치매 특약만 유지하고자 했으나, 계약은 하나로 묶여 있어 전체 해지가 필요하다고 설명받았다.  
치매 특약도 2042년 9월 2일에 만기되며, 보장 내용은 중증 치매 진단 시 3000만 원 지급된다.  
주계약은 만기 환급금이 없으며, 중간 해지 시 회수 환급금은 95****원이다.  
다른 계약 건은 만기 환급금이 있으며, 2042년 6월 12일에 468만 9000원 가량 지급된다.","2건 납부카드를 국민에서 신한카드로 변경
2건의 당일 기준 해지환급금 95만 8050 원이고 
2대질병보험 치매특약만 남기고 주계약 삭제는 불가. 계약건을 해지해야하며 만기환급금은 없음
주계약은 10년납 29년 보장이고 치매특약은 5년납 5년갱신으로 치매 특약 보험료 납입되고 중증치매 보장금액안내
39000원 계약건은 만기환급금 42.6.12일 발생예정이며 468만 9000원 안내함.","납부카드변경
국민
신한카드
2건
해지환급금
95만8050원
당일기준
치매특약
주계약삭제불가
2대질병보험
계약건해지
만기환급금없음
주계약
10년납
29년보장
5년납
5년갱신
치매보험료납입
중증치매보장금액
39000원계약
만기환급금예정
42.6.12일
468만9000원안내",가능,0.9,"모든 reference 내용이 STT에서 확인됨. 카드변경 2건, 해지환급금 958050원, 주계약 삭제 불가, 10년납 29년 보장, 5년납 5년갱신, 중증치매, 39000원 계약 만기환급금 468만9000원 모두 매칭.",가능,,E147381,2026-03-06T10:04:45.117529,,,,,가능,,,,,정답,,STT_내용_추가(정상),"STT_내용_추가(정상): 정답지에 없는 계약자 이름(강인선), 생년월일, 카드번호, 유효기간, 월보험료, 보장 만기일, 중증치매 보장금액(3000만원) 등 STT 정상 내용이 추가됨",Y,,과답,,"{'label': 'STT_내용_추가(정상)', 'action': 'keep'}",E147381,2026-03-10T15:10:41.722313,,,,,,,,
262,"상담사: 반갑습니다. 신지혜입니다.
상담사: 네.
고객: 여보세요.
상담사: 네 반갑습니다 고객님.
고객: 아유 이거 전화 통화하기 힘들어서 이거
상담사: 어 그러셨어요 고객님 아무래도 월 찾아보니
고객: 제가 이
상담사: 네.
고객: 제가 일자 몇 번 누른지 아세요?
상담사: 그러셨어요 고객님 기다리게 해드려서 죄송합니다.
상담사: 네 월초다 보니까 좀 상담량이 밀리네요 고객님 네.
고객: 저기요.
상담사: 예.
고객: 제가 가입한 거 중에서
상담사: 네.
고객: 어 15년 8월 26일 날 가입한 가입했고
상담사: 네.
고객: 25년
고객: 8월 26일 날 만기된 게 하나 있어요.
상담사: 네 고객님
고객: 그거 있죠?
상담사: 네.
상담사: 확인을 위해서 제가 먼저 몇 가지 여쭙도록 하겠습니다 고객님.
고객: 네.
상담사: 네 전화 주신 분은 계약자 김은중 고객님 본인되십니까?
고객: 네.
상담사: 네 고객님 생년월일 어떻게 되세요?
고객: 50년 12월 27일
상담사: 네.
상담사: 고객님 자택 주소 어떻게 되십니까?
고객: 어 서울시
상담사: 네
고객: 관악구
상담사: 네.
고객: 송현로 80, *******
고객: 127동 아니 저 아니 관악들이타운 아파트
상담사: 네.
상담사: 네.
고객: 127동
상담사: 네.
고객: 1802호
상담사: 네.
상담사: 고양이
상담사: 납부하고 계시는 은행은 어느 은행이십니까?
고객: 국민은행
상담사: 확인 감사합니다 네 고객님께서 2015년 8월 26일에 가입하신 계약 건 말씀하시는 게 맞으실까요?
고객: 네 맞아요.
상담사: 네.
상담사: 어 이 계약금 같은 경우에는
상담사: 네 고객님 신년 갱신을 통해서
상담사: 네 고객님 80세까지 보장이 가능한 상품이세요.
고객: 예.
상담사: 네 그렇다 보니까 지금 2025년 8월 26일 날짜로 네 갱신이 되었고요.
상담사: 갱신이 되면서
고객: 네.
상담사: 어 고객님 3만 8220원에서 3만2200원으로
상담사: 금액이 줄어든 것으로 확인되었습니다.
상담사: 그래서 고객님 5년
상담사: 이제 마지막 80세까지 5년 더 이제 유지하시게 되면 만기가 되는 상품이시네요.
고객: 어 이거 그냥 빼주세요 빼주세요.
상담사: 네.
상담사: 어 빼 달라는 게
고객: 해지 해지해 주세요.
상담사: 양 일을 하신다는 말씀이실까요?
상담사: 음
고객: 예 해지해 주세요 그냥.
상담사: 그러세요? 5년 정도밖에 남지 않으셨는데 5년 더 유지하 네
고객: 아이 이거 뭐
상담사: 네.
고객: 아니 이거 보니까
상담사: 네
고객: 이거 저기 그
고객: 혜택 보는 게 뭐 이거 별것도 아닌데
상담사: 네.
상담사: 네.
상담사: 음
상담사: 그래도 이제 나이 드실수록 이런 질병 입원이라든지 1종에서 5종 수술 같은 경우에는 혜택을 더 받아보실 수가 있는 상품이세요 고객님도 네.
고객: 아이 이거 뭐 차라리
상담사: 네 네.
고객: 이거
고객: 저기 이런 사기 이런
고객: 건이 발생되면 돈 돈으로 내고 말지요.
상담사: 음 그러세요.
고객: 그렇잖아요?
상담사: 그래도 고 그 고객님 연령대 중에서 이제 건강검진하실 때 용종들 많이 띠시는데 그런 부분들도 모두 보상이 가능하신 부분이라서
고객: 예.
고객: 예.
상담사: 그리고 왜
고객: 저기 이거 빼주세요.
상담사: 네.
상담사: 그러세요.
상담사: 음 그래도 이제껏 고객님 292만 원 이 상품으로 혜택 많이 받아보셨었는데요.
고객: 네.
상담사: 어 그래도 5년 남았으니만큼 1번 유지해 보시고 혜택 받아보셔보는 게 어떠실까요?
고객: 아이 됐어요 그냥 빼주세요.
상담사: 그러세요 음
고객: 이거 저 저 해지 해지 환급금은 없어요?
상담사: 네.
상담사: 한번 확인해 보겠습니다 잠시 기다려 주세요.
고객: 네.
고객: 네.
상담사: 네 고객님 이 상품 같은 경우에는 이제 소멸성 상품이라서
상담사: 이제 갱신 이제 해지하는 것 때문에 소멸이 되는 거고요 그래서 오늘 기준으로 13599, ************
고객: 네.
고객: 예.
상담사: 음
고객: 그 전에 들어간 거는
상담사: 네.
고객: 그건 해지 환급금이 하나도 없는 건가요?
상담사: 어떤 계약건이요 고객님?
고객: 아니 이거 저기 그 만기 됐을 때
상담사: 만기 되었을때요 이 상품은 환급형 상품으로 가입해 가입을 해주신 게 아니어서
상담사: 네.
고객: 예.
상담사: 그 그 만 갱신 됐을 때 환급이 되는 건 아니었고요.
상담사: 네 그래서 이제
고객: 예.
상담사: 그 어
상담사: 이 계약건은 소멸시효 상품이라
고객: 예.
상담사: 갱신이 될 때 해장 습금이 0원이 되었다가 또 이제 납부하시면서
고객: 네.
상담사: 환급금이 쌓이는 상품이세요 고객님 그래서 오늘 기준으로 13599, ***********
고객: 예.
상담사: 음 그러셔서
고객: 네.
상담사: 어 이렇게 해장 학생이 적은 상품 같은 경우에는 고객님께서 유지하시고 보장 받으시는 게 더 유리하시니까요.
고객: 아이 됐 됐어요 이거 빼주시고
상담사: 아이
상담사: 네.
상담사: 지나고 있는 지
고객: 저 환급 나오는 건 저기 입금시켜주세요.
상담사: 그러세요 고객님? 네 그러시면 고객님께서 자동이 지금 8월까지 납부를 하셨네요.
고객: 네.
고객: 예.
상담사: 그러시면 자동이체 정지해주시게 되면 어쨌든 고객님 2달간은 보장이 가능하신 부분이라 그렇게 업무 처리하시는게 어떠실까요?
고객: 아니 일단 빼주세요.
상담사: 그러세요 그
고객: 해지 해지해 주세요.
상담사: 음 10월 말일까지는 고객님께서
상담사: 어 혹시나 이런 입원 수술을 하셨을 경우에는 청구도 가능하신 부분이라 그렇게 혜택을 하루 더 받아보시는 게 좋지 않으실까요?
고객: 네.
상담사: 음
고객: 그냥 빼 주세요.
상담사: 그러세요 그러시면 해당 계약 가입 시 통신 수단을 이용한 계약 해지에 동의하신 게 맞으십니까?
고객: 네.
고객: 예.
상담사: 네 고객님 통신사 어디이세요?
고객: 어 엘지 유플러스.
상담사: 네 전화 주신 번호 고객님 양해 휴대폰이시구요
고객: 네.
상담사: 네 인증 번호 발송에 앞서 휴대폰 본인 확인 서비스 이용과 관련하여
상담사: 고객님의 정보를 수집 이용 취급 위탁하고
상담사: 고유식별정보를 처리하는 것에 동의하십니까?
고객: 네.
상담사: 네 문자로 인증번호 발송되었습니다 확인하시고 말씀해 주세요.
상담사: 또는 이제 내가
고객: 네.
상담사: 말씀하셨던 방법이 있는데요.
상담사: 어떤 음성이가
상담사: 아 내 방으로
상담사: 그러면은 내방","고객은 2015년 8월 26일에 가입한 계약 건을 2025년 8월 26일 만기로 하여 해지 요청하였으며, 계약자는 김은중(1950년 12월 27일생), 주소는 서울시 관악구 송현로 80, 관악들이타운 아파트 127동 1802호, 납부 은행은 국민은행이다. 해당 계약은 80세까지 보장 가능한 신년 갱신 상품으로, 갱신 시 보험료가 3만 8,220원에서 3만 2,200원으로 감소하였으며, 현재까지 292만 원의 혜택을 받았음. 계약은 소멸성 상품으로, 해지 시 환급금은 0원이며, 10월 말일까지는 보장 유지가 가능함. 고객은 통신사로 LG유플러스, 휴대폰 본인 확인 서비스에 동의하여 인증번호 발송을 요청함.","25년 8월 26일 만기된 건 해지요청으로 갱신을 통해 보험료도 저렴해졌으며 5년 유지하면 80세만기가 됨 안내
질병입원이나 수술로 혜택을 많이 받아보며 용종 절제도 보상이 가능함 안내.
최종납 8월로 자동이체 정지 권유하였으나 거부하여 해지접수차 인증번호 문자 발송후 종료됨","25년 8월 26일 만기
해지요청
갱신
보험료 저렴
5년 유지
80세 만기
질병입원
수술 혜택
용종 절제 보상
최종납 8월
자동이체 정지 권유
거부
해지접수
인증번호 문자 발송
종료",가능,0.95,모든 청크가 STT에서 명확하게 확인됨. 갱신/보험료/혜택/자동이체정지/인증번호 발송 모두 STT 내용과 일치,가능,,E147381,2026-03-06T10:12:40.248334,,,,,가능,,,,,오답,,"정보_누락, STT_내용_추가(정상)","정보_누락: 질병입원·수술 혜택 및 용종절제 보상 안내(chunk3), 자동이체 정지 권유 및 거부(chunk4)가 generated에서 누락됨; STT_내용_추가(정상): 정답지에 없는 계약자 이름(김은중), 생년월일, 주소, 납부은행, 292만원 혜택, 해지환급금 0원, 통신사(LG유플러스) 등 STT 정상 내용이 추가됨",Y,,오답,,"{'label': '정보_누락', 'action': 'keep'}, {'label': 'STT_내용_추가(정상)', 'action': 'keep'}",E147381,2026-03-10T15:13:17.895093,,,,,,,,
264,"상담사: 반갑습니다 박예은입니다.
고객: 아 네 보험료 납입 정지할려고 하는데요.
상담사: 네 제가.
고객: 예. 아 제가
상담사: 제 간단한 본인 확인.
상담사: 네.
고객: 아 그 저희 오빠가 거기 계약이 있는데 그 보험 이거를
상담사: 네네
고객: 입력을 하니까 계속 다른 데로 연결이 된대가지고 전화가 안된다 하거든요.
고객: 전화 좀 나가게 좀 해주세요.
상담사: 네.
고객: 계약자 이현승이구요
상담사: 네 아 전화를 제가 드리라고요?
고객: 네 감사합니다.
고객: 네 알겠습니다.
고객: 네 네.
상담사: 아 네 알겠습니다 전화드릴 거고요 전화 못 받으실 경우에는 계약자님이 저희 쪽으로 1, ***************
고객: 감사합니다.
고객: 예.
상담사: 네.
고객: 전화번호는 0103554에 3549
상담사: 네 알겠습니다.
고객: 네 감사합니다.
상담사: 네","계약자 이현승님의 보험료 납입 정지를 요청하며, 전화 연결이 되지 않아 전화를 재개설해 달라고 요청함. 전화번호는 010-3554-****.","오빠 계약건 납입정지 요청으로 계약자에게 전화해달라고함
연락드릴 예정이며 연락을 못받으실 경우에는 계약자가 연락주셔야함 안내","오빠 계약건
계약건 납입정지 요청
계약자 전화 요청
연락 예정
연락 못받음
계약자 연락 필요",가능,0.95,모든 청크가 STT에서 명확하게 확인됨,가능,,E147381,2026-03-06T10:24:31.575325,,,,,가능,,,,,오답,,"정보_누락, STT_내용_추가(정상)",정보_누락: 연락 못받을 경우 계약자가 직접 연락해야 한다는 안내(chunk2)가 generated에서 누락됨; STT_내용_추가(정상): 정답지에 없는 계약자 이름(이현승)·전화번호 등 STT 정상 내용이 추가됨,Y,,오답,,"{'label': '정보_누락', 'action': 'keep'}, {'label': 'STT_내용_추가(정상)', 'action': 'keep'}",E147381,2026-03-10T15:14:14.985782,,,,,,,,
265,"상담사: 나쁜 분이에요.
고객: 여보세요?
상담사: 네 고객님 방금 그 AI AI 상담원 방금 만기금 해드렸는데 그 요청하신 서류 그 용도가 어떻게 되십니까?
고객: 네.
고객: 예.
상담사: 팩스 용도
고객: 그럼 내가
상담사: 예.
상담사: 영수증 예 예 예.
고객: 잠깐만요. 내가 이게 끊지 말고 잠깐만 있어보세요.
상담사: 네.
고객: 여보세요.
상담사: 네.
고객: 어?
상담사: 예.",해당 없음,만기금 회수드렸는데 요청하신 서류 용도 확인차 연락했다고하니 전화 끊지 말고 잠시 있어보라고함,"만기금 회수
요청서류 용도 확인
전화 끊지 않음
잠시 대기",가능,0.95,모든 청크가 STT에서 확인됨,가능,,E147381,2026-03-06T10:21:38.516541,,,,,가능,,,,,오답,,정보_누락,"정보_누락: 상담 내용 전체(만기금 처리 후 서류 용도 확인차 연락, 대기 요청)가 generated에서 누락되어 '해당 없음'만 출력됨",Y,,오답,,"{'label': '정보_누락', 'action': 'keep'}",E147381,2026-03-10T15:14:49.251243,,,,,,,,
273,"상담사: 반갑습니다. 박예은입니다.
고객: 아 예 그 자동이체 계좌를 변경할려구요.
상담사: 어 네 고객님 지금 전화 주신 번호로는 계약 건 확인이 안 되시는데 지금 계약자님이실까요?
고객: 아 어머니 계약건인데
상담사: 네.
고객: 그 계약자가 어머니로 돼있는데
상담사: 네네.
고객: 그 돈 빠지는 거는 제 딸 통장에서 빠지게끔 할려고 하거든요.
상담사: 아 저희 계약자님 핸드폰 번호가 어떻게 되십니까?
고객: 옆에 있어요.
상담사: 어 핸드폰 번호 먼저 말씀해 주세요. 제가 저 계약 건 확인 먼저 하겠습니다.
고객: 아 계약건을 3699
상담사: 네 네.
상담사: 3699
고객: 9534
상담사: 9934요.
고객: 9534
상담사: 9534요.
고객: 네.
상담사: 네 저희 어머님 바꿔주세요.
고객: 네 엄마 통화할 수 있나?
고객: 그냥 본인확인이다.
고객: 어?
고객: 저기 무슨 약속이 된
고객: 저희가 자세한 안내를 위해서 회원님 정보 확인이 필요한데요.
고객: 네.
상담사: 네 고객님
상담사: 네 고객님
고객: 말씀하신 거
상담사: 네 지금 전화 받으신 분 계약자 윤분이 님 본인 맞으실까요?
고객: 예예예
고객: 예.
상담사: 네 고객님 생년월일은 어떻게 되십니까?
고객: 510 410
상담사: 네 확인 감사드리고요. 지금 이제 자녀분께서 어 저희 유지하고 있는 계약 건 자동 이체 변경하시는데 동의하십니까?
고객: 예 예.
상담사: 네 저희 자녀분 바꿔주세요.
고객: 네.
고객: 음 같은 대구은행이구요.
상담사: 네 잠시만요 지금 2건 유지하고 있는 2건 변경 도와드리면 될까요?
고객: 네.
고객: 네네네 네네
상담사: 네.
상담사: 저희가 이제 어머님은 납입일을 기존에 25일로 해 놓으셨는데 동일하게 25일로 해드리면 될까요?
고객: 예예 똑같이 해주세요.
상담사: 네 대구은행이시구요.
고객: 054
상담사: 잠시만요.
고객: 아
상담사: 네 고객님 말씀해주
고객: 아니야 다시 다시 불러줄게 이거지?
상담사: 네
상담사: 네.
고객: 508
상담사: 508
고객: 예 예.
상담사: 하나 하나
고객: 728
상담사: 728
고객: 4 3 7
상담사: 4 3 7
고객: 다시 2
상담사: 이시구요.
상담사: 조회경님의 계좌로 확인되시는데 맞으실까요?
고객: 네.
상담사: 네 자녀분이시구요.
고객: 네.
상담사: 네 저 예금주님 동의 없겠습니다. 계약의 업무 관련으로 예금주 신분 확인을 위해 회사가 귀화한 성명 은행 계좌번호 계약자와의 관계를 수집 이용하는 것에 동의하고 위 정보를 은행 금융 결제원 등에 제공함에 동의하십니까?
고객: 네.
상담사: 네 동의하신 사항과 같은 목적으로 귀하여 주민등록번호를 처리하는 데 동의하십니까?
고객: 네.
상담사: 네 당연하시겠지만 고객님 국적과 실제 거주하시는 곳은 동일하게 한국 맞으시고요?
고객: 네.
상담사: 네 업무 처리를 위해 제가 ARS 연결해 드릴 건데요. 예금주 조회경 님의 주민등록번호 13자리 입력 부탁드립니다.
고객: 13살이요.
상담사: 네 네 네 네
상담사: 감사해요.
상담사: 안녕하세요.
상담사: 이런 거 아시죠?
상담사: 네 고객님 저희가 전산이 바로 환급 가능해서요.
상담사: 화면으로 넘어가 버렸네요. 혹시 어떤 말씀하셨을까요?
고객: 아 아니요 아뇨 아뇨 됐어
상담사: 네 네.
상담사: 입력은 다 되셨고 이제 변경 중이라 잠시만 기다려 주세요.
고객: 네.
상담사: 네.
상담사: 아 네 고객님 저희 이제 마지막으로 출금 동의 한번 얻을 건데 저희 도 ARS 한번 더 동일하게 연결해드릴 겁니다 동의하시면 킵 키패드 1번 눌러주시면 됩니다.
고객: 네.
상담사: 네.
상담사: 네.
상담사: 은근히.
상담사: 고객님께서는 AI의 생명으로 요청하신 업무 처리를 위하여
상담사: 조해경
상담사: 미니미
상담사: 대구은행.
상담사: 은행 계좌.
상담사: 오 영
상담사: 8 1
상담사: 이 칠
상담사: 예.
상담사: 팔
상담사: 4 3
상담사: 7 2
상담사: 로부터 이체 출금을 신청하셨습니다.
상담사: 동의하시면 1번 취소하시거나 상담 1번을 누르고 동의하여 주셨습니다.
상담사: 네 고객님 확인되셨고요 저희 변경 중이라 잠시만 기다려 주세요.
고객: 네.
상담사: 네.
상담사: 네 저희 정상적으로 계좌 변경 잘 되셨구요 이번 9월부터는 변경하신 대구은행 계좌로 매월 25일에 저희 월 보험료 13365원 월 보험료 19520원 자동 출금되실 겁니다.
고객: 예예.
상담사: 네 감사합니다.
고객: 네.
상담사: 네.","계약자 윤분이님의 계약 건(계좌 변경 요청)에 대해 자녀인 조회경 님이 대구은행 계좌로 월 보험료 자동 이체를 변경하기 위해 계약자 윤분이님의 동의를 얻어 계좌 변경 절차를 완료하였으며, 변경된 계좌로 9월부터 매월 25일에 보험료 13,365원 및 19,520원이 자동 출금될 예정이다.","계약자+자녀 인입/ 납입계좌를 자녀 계좌로 변경요청 
2건 모두 변경하였으며 납입일은 25일. 
예금주(조해경) 동의녹취 완료 
9월부터 변경된 계좌에서 출금됨 안내","계약자
자녀
납입계좌변경
자녀계좌
2건변경
납입일25일
예금주조해경
동의녹취완료
9월부터출금
변경계좌안내",가능,0.9,"모든 핵심 내용(계약자+자녀 인입, 2건 변경, 납입일 25일, 예금주 동의녹취, 9월부터 출금)이 STT에서 명확히 확인됨",가능,,E147381,2026-03-06T10:43:32.084286,,,,,가능,,,,,오답,,STT_내용_추가(정상),"STT_내용_추가(정상): 정답지에 없는 계약자명(윤분이)·자녀명·은행명(대구은행)·계좌번호·각 건 보험료(13,365원/19,520원) 등 STT 정상 내용이 추가됨",Y,,과답,,"{'label': 'STT_내용_추가(정상)', 'action': 'keep'}",E147381,2026-03-10T15:38:21.680229,,,,,,,,
287,"상담사: 반갑습니다 박혜은 입니다.
고객: 아 예 안녕하세요 제가 그 에이아이 생명의 보험을 가입한 게 있는데요.
상담사: 네.
고객: 예 증권을 새로 조금 우편으로 받고 싶어서요.
상담사: 네 지금 전화 주신 분 계약자 김하늘 님 본인 맞으시구요?
고객: 예 맞아요 네.
상담사: 네 고객님 생년월일 말씀 부탁드립니다.
고객: 840105요?
상담사: 네 핸드폰 번호가 0104155, ***************
고객: 예 3 3 2 1요.
상담사: 네 증권 우편으로 요청하셨고요 지금 자택 주소가 서울 동대문구 한빈로 73, ***********************************
고객: 예 맞아요 예
상담사: 네 제가 지금 증권 바로 발
상담사: 발행해드릴 거고요 저희 증권을 우편으로 받아보실 때는 평일 기준 5일에서 7일 영업일 정도 걸리시기 때문에 좀 기다려 주시면 받아보실 수 있으십니다.
고객: 네 네.
고객: 네 그 보험증권 3개 다 보내주시는거죠?
상담사: 네. 3개 다 발행했습니다.
고객: 예 감사합니다.
상담사: 네 감사합니다.
고객: 네.
상담사: 네.","고객 김하늘은 에이아이 생명 보험에 가입되어 있으며, 보험증권 3건을 우편으로 발행 요청함. 계약자 본인 확인 완료, 생년월일 84****, 핸드폰 번호 0104155****, 주소는 서울 동대문구 한빈로 73번지. 증권은 평일 기준 5~7영업일 내 발송 예정.",전건 증권 우편발송요청하여 발송신청/ 평일 5-7 소요안내,"전건 증권
우편발송 요청
발송신청
평일
5-7 소요
소요안내",가능,0.95,"증권 우편발송 요청 및 발송신청, 평일 5-7일 소요 안내 내용이 STT에 모두 확인됨",가능,,E147381,2026-03-06T11:33:38.402492,,,,,가능,,,,,정답,,STT_내용_추가(정상),"STT_내용_추가(정상): 고객 성명(김하늘), 생년월일(84****), 핸드폰번호(0104155****), 주소(서울 동대문구 한빈로 73번지) 등 정답지에 없는 개인정보를 모델이 STT에서 추출하여 추가함",Y,,과답,,"{'label': 'STT_내용_추가(정상)', 'action': 'keep'}",E147381,2026-03-10T15:17:11.291540,,,,,,,,
289,"상담사: 반갑습니다. 입니다.
고객: 예 저기 팩스 저기 보험 서류 좀 늘려 그러는데요.
상담사: 뭐 언제 적나 그런 거
상담사: 아 그러세요?
상담사: 네.
고객: 예 팩스 번호 좀 문자로 좀.
상담사: 네 고객님 문의하신 내용 정보 확인 후 안내를 드리겠습니다 전화 주신 분은 계약자 최 춘자님 본이십니까?
고객: 네.
상담사: 저희 등록된 연락처가 010, **************
고객: 590이요.
상담사: 생년월일은 어떻게 되십니까?
고객: 62년 11월 16일이요.
상담사: 네 확인되었습니다.
상담사: 고객님 지금 보험금 청구하시는 겁니까?
고객: 네 네.
상담사: 네 고객님 이제 보험 청구는 이제 척 가능한 부서가 따로 있습니다 그 부서에서 고객님께 전화 갈 겁니다 그럼 그때 서류랑 보내는 방법 안내받으시면 되겠습니다.
고객: 아 저기
고객: 절개 스님한테 보냈기 때문에 그분이 팩스 번호를 원하세요.
상담사: 아 그러셔도 저희가 이제 저희는 저희가 여기서 바로 팩스 번호를 알려드릴 수는 없고 이제 번 그 부서에서 전화드릴 겁니다 고객님.
고객: 아 네네네.
고객: 네 알았습니다.
상담사: 감사합니다 네.","계약자 최 춘자님(1962년 11월 16일생)이 보험금 청구를 위해 팩스 번호를 문의하셨으며, 현재 등록된 연락처는 010-****-590입니다. 보험 청구 관련 안내는 별도의 청구 부서에서 전화로 안내할 예정입니다.","보험 서류 발송할 팩스번호 문자요청 
패스본을 안내가 어려우며 청구부서에서 전화드릴 예정임 안내","보험 서류
팩스번호
문자 요청
패스본
안내 어려움
청구부서
전화 예정
안내",가능,0.85,"REF '패스본'은 '팩스번호' 오타로 보이나, 핵심 내용(팩스번호 문자요청, 안내 불가, 청구부서 연락 예정)은 STT에서 모두 확인됨",가능,,E147381,2026-03-06T13:18:12.399919,,,,,가능,,,,,정답,,STT_내용_추가(정상),"STT_내용_추가(정상): 고객 성명(최 춘자), 생년월일(1962년 11월 16일), 연락처(010-****-590) 등 정답지에 없는 인적사항을 모델이 추가함. STT 전사 정상",Y,,과답,,"{'label': 'STT_내용_추가(정상)', 'action': 'keep'}",E147381,2026-03-10T15:19:07.885409,,,,,,,,
291,"상담사: 반갑습니다. 주인 은정입니다.
고객: 예 선생님 수고하십니다.
상담사: 네 감사합니다. 네
고객: 그래 갖고 그러는데
고객: 이게
상담사: 네.
고객: 약관도 없고 아무것도 없어갖고 정확하게 중복 포장이 되는지 우리 딸내미 걸 내가 들은 들여놨거든요?
상담사: 아 그렇
상담사: 아 그러세요 고객님 이제 문의하신 내용 정보 확인 아니다 고객님 그러신데 제가 보니까 여기
고객: 예.
상담사: 계약자님 지금 여기.
상담사: 이 번호로는 등록된 번호로는
상담사: 이거 조회가 안 되시는데.
고객: 저 뭔 번호요?
상담사: 지금 이 번호 이제 아니 5176에
고객: 주민번호?
상담사: 9770이 인제 저희가 안 되세요 정보가.
고객: 아 번호가 선생님 바뀌었어.
상담사: 아 그럼 불러주세요 010
고객: 전화번호
고객: 5176
상담사: 5176에
고객: 9770 그건 똑같고
상담사: 9 7 7 0
고객: 예 예
고객: 주소도 바뀌었는데 그것도 부탁드려요.
상담사: 고객님 5176에 9779
고객: 76
상담사: 5176에 9770.
고객: 호응
고객: 예 9770
상담사: 그니까 이 번호를 조회가 안되세요 고객님 그 전에 번호.
상담사: 저희 이제.
고객: 63099770
상담사: 010
상담사: 네 63
고객: 공부
상담사: 6309에
고객: 9770
상담사: 9770 네.
고객: 네.
상담사: 성함이 어떻게 되십니까?
고객: 유진주
상담사: 계약자님 유진주 님이십니까?
고객: 예 예.
상담사: 아 네 그러면 저 그
상담사: 생년월일은 어떻게 되십니까?
고객: 620918
상담사: 네. 고객님.
상담사: 고객님 그 피보험자님 박혜린 님로 돼 있는
상담사: 계약 건이세요?
고객: 예 예 예.
상담사: 아
고객: 예 예.
상담사: 고객님 그러시면 이제
상담사: 전화번호 변경해 드릴까요 6309에 9770으로 돼 있으신데
고객: 예 예 이따가 선생님 이거 먼저
상담사: 네.
고객: 확인 좀 하고 주소도 변경해야 되고 전화번호도 변경해놔야 되고
상담사: 아
상담사: 네 네 박혜림 님의 인제 계약금이 있었습니다.
고객: 예.
고객: 아 이게 선생님 안부 암 중복 보장 가능한 거예요?
상담사: 네 암 보험은 고객님 이제 그 저희 나라에서 1인당 이제
상담사: 들여 놓을 수 있는 보험 금액이 있대요 근데 이 건은 1억이네요?
고객: 예.
상담사: 근데 한 사람당 이제 암이 이제
상담사: 한 적이 있으세요.
상담사: 금액이.
상담사: 모든 이제
고객: 금액이
상담사: 예예예.
고객: 예 얼마까지 선생님?
고객: 내가 저쪽에 딴 데도 하나 들어 놓은 게 있거든요.
상담사: 아
상담사: 제가 알기로는 이제 2억 얼만가 된 걸로 알고 있는데
상담사: 어 이역 여부
고객: 보장 내용이 총 합쳐서 2억
상담사: 통합 암에서 네 네 한 사람당 가입할 수 있는 암 보험이
고객: 아 그럼 저는 넘지는 않으니까
상담사: 아 그러세요 네.
고객: 선생님 이게 진단비가 얼마 나오는 거고 이게 내용이 하나도 없어가지고
고객: 오래되다 보니까 뭐 그 내용을 뭐에 대해서 들은 건가 이것도 몰라가지고 지금 전화를 드려본 거거든?
상담사: 아 그러세
상담사: 여기에는 인제 고객님 그.
고객: 그때 당시에 암보험이라고 알고
고객: 들었거든요 제가.
상담사: 예 여기는 이제 우선 이제 특정한 및 차기.
상담사: 특정 암하고 4기 암까지는 이제
상담사: 이러기로 돼 있으시고 이제 일반 암은 이제 5000만 원
고객: 진단비는 선생님 진단비
상담사: 네 그때 찜판비예요 지금 고객님.
고객: 진단비 때문에 그랬을 것 같은
고객: 아 진단비가 5000, ****
상담사: 네네.
고객: 예.
고객: 음 알겠어요 선생님.
고객: 그 암에 대한 것만 긴 거죠?
상담사: 네.
상담사: 네 암만 있으세요.
고객: 예 예 예 알겠어요.
상담사: 그럼 전화번호로 변경해 드릴까요?
고객: 예예 주소하고요.
상담사: 네 잠시만요 고객님.
상담사: 시면
상담사: 고객님 통신사가 어디십니까?
고객: 에스케이요?
상담사: 에스케이시고 지금 변경된 번호가 010, ******
상담사: 5176에 92411.
고객: 5176
상담사: 9 7 7 0이시죠?
고객: 들고있다.
고객: 예 예.
상담사: 네 제가 인증 번호 발송해 드리겠습니다.
상담사: 고객님 휴대폰 본인 확인 서비스 이용과 관련하여 고객님의 정보를 수집 이용 취급 위탁하고 고유식별 정보를 차량에 동의하십니까?
고객: 예 예.
고객: 예 예.
상담사: 네 인증 번호 6자리 갔을 겁니다 그거 불러주시면 됩니다.
고객: 네.
고객: 641625
상담사: 641625 네.
고객: 예 예.
상담사: 네 정보 변경이 되었습니다 우선 전화번호가.
고객: 예.
상담사: 5176에 9770
상담사: 네 전화번호는 51769770
고객: 네.
상담사: 으로 해드리고
상담사: 네 주소는 어디십니까? 네
고객: 주소
고객: 음 충남 논산시
상담사: 예 예.
고객: 용산시 은지면
상담사: 13시.
상담사: 은진
상담사: 면
고객: 미안
고객: 원 아
고객: 앙로
상담사: 원앙.
상담사: 어낭차 할 때 어낭요?
고객: 예.
고객: 예.
상담사: 네.
고객: 원앙로
상담사: 랑
고객: 1326번 길.
상담사: 1300.
고객: 26번 길
상담사: 번 길 네.
고객: 53 16
상담사: 잠시만요.
상담사: 아 네.
상담사: 논산시 은진 은진면 원앙로 1326, *
상담사: 6번길 53, ******
고객: 예 예 예.
상담사: 주택이십니까?
고객: 아 네.
고객: 예 예.
상담사: 네.
상담사: 내에 주소 논산시 은쟁 은진면 원안 원당로 1326, ***********
상담사: 그다음에 어 번호는 010 5176에 9770 네 변경되었습니다 고객님.
고객: 예 예.
고객: 예 감사합니다 수고하셨습니다.
상담사: 감사합니다. 행복한 하루 되세요.
고객: 네.
상담사: 네.","고객은 계약자 유진주(생년월일 62****)로, 피보험자 박혜린의 암보험 계약을 확인하고 전화번호 및 주소 변경을 요청함. 계약 전화번호는 010-6309-****에서 010-5176-****으로 변경되었으며, 주소는 충남 논산시 은진면 원앙로 1326, 53-16번길로 수정됨. 암 보험 보장 내용은 일반 암 진단비 5000만 원, 특정 암 및 4기 암까지 보장되며, 한 사람당 가입 가능한 암 보험 금액은 2억 원까지임.","피보험자 박혜림의 암보험의 보장내용 안내
연락처 및 주소 변경완료","피보험자(박혜림)
암보험
보장내용
연락처 변경완료
주소 변경완료",가능,0.9,피보험자 박혜림(STT상 박혜린)의 암보험 보장내용 안내(일반암 5000만원 등)와 연락처/주소 변경 완료가 STT에서 명확히 확인됨,가능,계약자 이름에 오류가 있지만 경미한 차이로 가능도 고려해볼수 있음,E147381,2026-03-06T13:19:40.022516,,,,,가능,,,,,정답,,STT_내용_추가(정상),"STT_내용_추가(정상): 계약자 성명(유진주), 생년월일(62****), 변경 전후 전화번호(010-6309-**** → 010-5176-****), 주소(충남 논산시 은진면 원앙로 1326), 1인당 암보험 가입한도(2억 원) 등 정답지에 없는 STT 내용을 모델이 추가함",Y,,과답,,"{'label': 'STT_내용_추가(정상)', 'action': 'keep'}",E147381,2026-03-10T15:21:24.609760,,,,,,,,
292,"상담사: 알겠습니다. 입니다.
고객: 네 여보세요?
상담사: 네 안녕하세요?
고객: 네 이 보험에서 약관 배출이 되나요?
상담사: 정보 확인 후 안내 도와드리겠습니다 전화 주신 분은 이름22단님 계약자 본인 맞으십니까?
상담사: 생년월일은 어떻게 되세요?
고객: 660125
상담사: 핸드폰 번호는 010 9800 뒤에 네 자리 어떻게 되세요?
고객: 7 8 3 1이요.
상담사: 네 확인 감사합니다.
상담사: 고객님 어 제가 잠깐 잠깐 설명을 드리면 될까요?
상담사: 제가 오늘
상담사: 이렇게
상담사: 고객님이 가입하신 보험에 대해서 조회해 봤는데요 약관 대출이 가능한 상품이 아니라고 나옵니다.
고객: 그러면 이번에 해약 환급금은 있나요?
상담사: 음 해안상각증 조회해보겠습니다.
상담사: 제가 바로입니까?
상담사: 어
상담사: 암보험에 대한 해안 환급금이 10만 2256원 있습니다.
고객: 아 해약 환급금만 10만 2000원이 있다고요?
상담사: 네.
고객: 아 그래요 그러면 지금 현재는
고객: 저기 뭐지?
고객: 미납된 건 없고요?
상담사: 네 미납된 거는 없으시고요 8월분까지 납부는 돼 있습니다.
고객: 네 알겠습니다 다시 여쭤볼게요.
상담사: 네 감사합니다.
고객: 네.","고객은 계약자 본인으로, 생년월일이 66****이며 핸드폰 번호는 010 9800-****이다. 가입한 보험 상품은 약관 대출이 불가능하다. 암보험의 해약 환급금은 10만 2256원이며, 8월분까지 납부 완료되어 미납된 납부금은 없다.","약관대출 가능여부와 해지환급금문의 
대출가능상품아님, 해알 환급금이 10만 2256원 안내
미나땡 건은 없고 8월분까지 납부됨","약관대출 가능여부
해지환급금 문의
대출가능상품 아님
해지환급금 10만2256원
미납 건 없음
8월분 납부",가능,0.95,"모든 요약 내용이 STT에서 명확히 확인됨. 약관대출 문의, 대출불가 안내, 해약환급금 금액, 미납 없음 및 8월분 납부 모두 정확히 대응",가능,"전사 오류가 있지만 경미하여 가능을 고려할 수 있음
",E147381,2026-03-06T13:21:04.934206,,,,,가능,,,,,정답,,STT_내용_추가(정상),"STT_내용_추가(정상): 생년월일(66****), 핸드폰 번호(010 9800-****) 등 정답지에 없는 인적사항을 모델이 추가함. STT 전사 정상",Y,,과답,,"{'label': 'STT_내용_추가(정상)', 'action': 'keep'}",E147381,2026-03-10T15:25:45.558947,,,,,,,,
294,"상담사: 반갑습니다. 입니다.
고객: 네 저
고객: 잠시만
상담사: 네.
고객: 여보세요?
고객: 네 그
고객: 저 배우자가 사망해서
고객: 그 보험료 그 이렇게 해서 봤는데
상담사: 아 그러세요 네.
상담사: 네.
고객: 여기 뭐가
고객: 보험이 있고
고객: 근데 보험 계약 상태에 실효라고 되어 있어서 네.
상담사: 아 그러세요.
고객: 네 네.
상담사: 고객님 그러시면 저희 인제 계약자님 저희
상담사: 그 번호 한번 알려주실래요 010?
고객: 계약자님
고객: 어떤거요 핸드폰 번호요?
상담사: 네네.
고객: 010 6309
상담사: 네.
고객: 1635
상담사: 163억
상담사: 계약자님이 안희재님이세요.
고객: 네 네.
상담사: 고객님 이 1건은 이제 19년 11월에 가입하셔서
고객: 네.
상담사: 보험료 1회차만 내시고 안 내셨어요 이거는
고객: 네 네.
상담사: 네 그러니까 그 해지 않고 아무것도 없는 거죠. 고객님.
상담사: 2009년이에요 2009년 11월.
고객: 네.
고객: 네 맞아요 2009년 11월 그리고 2014년 11월 종료 뭐 이렇게 써 있는데
고객: 그래서 여기 또
상담사: 네.
고객: 네 여기 목록에 있어서 전화해야 되나 싶어서 전화드렸거든요.
상담사: 아 네 근데 고
상담사: 예. 이 건은 지금 이제
고객: 음
고객: 예.
상담사: 보험료가 1, *********
상담사: 이거는 네 아무것도 없으신데요.
고객: 네.
고객: 아 그럼 이건 뭐 따로 뭐 해야 될 거는 없는 거예요?
상담사: 네 네 네.
고객: 아 네 알겠습니다.
상담사: 네 감사합니다 네.
고객: 네 감사합니다.
고객: 아 그럼 뭐 따로
고객: 뭐 해지 뭐 이런 것도 안 하고 아무것도 한 아무 작업 할 게 없다는 거죠 네.
상담사: 이제 해지하실 하시는데 고객님 지금 인제.
고객: 네 감사합니다.
상담사: 그 인제 계약자님이 사망하셨잖아요.
상담사: 그러시면 이제 서류 들어오시고 이제 뭐 하시고 하셔야 되는데
고객: 네 네.
고객: 응.
상담사: 지금 이제 혹시 이제 책임 준비공단 받으실 거 있으시면 저희가 이제 서류를 안내할 건데
고객: 예 예.
상담사: 전혀 그게 없으시니까 그냥 이 상태로 놔둬도 이제
고객: 네네.
상담사: 뭐
고객: 네.
상담사: 따로 거기는 인제 또 아니겠는데.
상담사: 전화번호도 지금 이제.
상담사: 뭐 안 쓰실 거 아니에요 사망하셨기 때문에.
고객: 이제 한 몇 달 있다가 해지해야겠죠? 네.
상담사: 예 예 그러시니까 이제 그냥 놔둬도 될 것 같아요 고객님.
고객: 네 감사합니다.
고객: 저희가 이제 환불 같은 경우에는 이제 가상 계좌로 환불 처리해 드리는 거고 현금 환불 같은 경우에는 입금자 명이 다르고 이제 계좌 번호 입금 시점이 종료되는 경우가 이제 이번 주 금요일 6시 이후에 확인해 보시면은 이제 확인 가능하실 거에요.
고객: 아 도움이 되나요? 아 네네 알겠습니다.
상담사: 없으시면
상담사: 네 네.
상담사: 네 감사합니다. 네.
고객: 네 감사합니다.
상담사: 네.
상담사: 네
고객: 네
고객: 네 감사합니다.","고객의 배우자(계약자: 안희재)가 사망하여 보험 계약 상태가 실효로 표기된 상황이며, 계약은 2009년 11월에 가입되었고 보험료 1회차만 납부한 상태로 이후 납부 없음. 계약자 사망으로 인해 별도의 해지 절차 없이 현재 상태 유지 가능. 환불은 가상 계좌로 처리되며, 현금 환불은 금요일 6시 이후 확인 가능.","배우자가 상황에서 보험 계약 실효라고 되어 있어서 문의 
19.11월 가입하여 1회만 납부함
해지 등 따로 할건 없는지 문의하여 책임 증빙 전혀 없으므로 그대로 놔둬도 될것 같다 안내","배우자 상황 
보험 계약 실효 
19.11월 가입 
1회 납부 
해지 여부 문의 
책임 증빙 없음 
그대로 유지 안내",가능,0.9,"모든 요약 내용(배우자 사망 후 실효 보험 문의, 2009년 11월 가입 1회 납부, 책임준비금 없어 그대로 놔둬도 됨 안내)이 STT에서 명확히 확인됨",가능,,E147381,2026-03-06T13:28:02.122485,,,,,가능,,,,,과답,,해석_오류,"해석_오류: STT에 혼입된 다른 상담/서비스 관련 발화('가상 계좌로 환불 처리', '금요일 6시 이후 확인')를 해당 보험 상담의 내용으로 잘못 해석하여 generated에 포함시킴",Y,,오답,,"{'label': '해석_오류', 'action': 'keep'}",E147381,2026-03-10T15:28:22.005824,,,,,,,,
295,"상담사: 반갑습니다.
고객: 네 수고하십니다 아까 전화한 분인가 통화한 분인가
상담사: 인터넷에서
고객: 나 이름을 적어놓는데 안 적어 놨네.
상담사: 어 어 맞습니다. 네 고객님 청약 철회 도중에 저랑 종료되셨거든요.
고객: 네 네 네.
고객: 감사합니다.
고객: 네 네 네 네.
상담사: 네.
고객: 내가 그 이 이분한테 전화해서 물어봤더니 수입 결제래 핸드폰 핸드폰
고객: 결제한 거래 수입결제 핸드폰으로 그거 받아갖고
상담사: 네. 회원님 기다려 주셔서 감사합니다.
고객: 그래 근데 어떡하니까 핸드폰이 몸으로 빠져나간다고 그러는데
상담사: 네.
고객: 이 사람한테 내가 물어봤더니 그렇게 얘기하는구만.
상담사: 예.
상담사: 그러면은 핸드폰으로 결제하신 부분이에요?
고객: 네 네 네.
상담사: 네
상담사: 제가 그러면 청약철회 고객님 접수해드리면 될까요?
고객: 네네네네 취소해 준다고? 예.
고객: 예 예
상담사: 음.
상담사: 그럼 고객님 그럼 청약철회 접수 다시 시작할게요.
고객: 그게 인제 취소되는 거예요? 청약철회가?
상담사: 이제 청약 철회는 이 보험 자체가 이제
고객: 여보세요 피해서
고객: 네.
상담사: 어
고객: 예.
상담사: 그냥 아예
상담사: 그 예 예 그냥 이거는 그냥 반품되시는 거예요.
고객: 안 들었다고
고객: 네 네 네 알았습니다.
상담사: 네.
고객: 예예예.
상담사: 고객님 지금 한 이제
상담사: 할게요.
고객: 네.
상담사: 최근에 가입하신 1건의 계약이 확인되는데요 보험 가입하실 때 저희 회사의 요청으로 지정한 병원에서 건강 진단받은 적 있으세요?
고객: 없어요.
상담사: 상황 처리는 10월
상담사: 10월
고객: 네.
상담사: 2025년 10월 13일까지 가능한데요 실례지만 청약철회 하시려는 사유가 어떻게 되세요?
고객: 네.
고객: 아니 아 제가 이거 돈을 못 내니까 아들이 내야 되는데 아들이 막 난리를 쳐 그래갖고 못 사는 거예요.
상담사: 네. 네.
고객: 네.
고객: 내가 또 들게 되면 다시 또 전화를 해서 들지 근데 아들이 하구 그러니까 예 예.
상담사: 네.
상담사: 철회 접수 절차
고객: 일단은 해지할라고 예.
상담사: 네 철회 접수 절차를 위해서 몇 가지 답변 부탁드립니다 확인 과정에서 중복 사항이 있더라도 양해 부탁드립니다 청약 철회는 계약자 본인만 신청 가능합니다 지금 신청하시는 분은 계약자 본인 맞으시죠?
고객: 네 네.
고객: 네.
고객: 네.
고객: 네 네
상담사: 성함과 생년월일 말씀 부탁드립니다.
고객: 총 용역
고객: 1949년 1월 7일
상담사: 실례지만 고객님 국적과 실제 거주하시는 곳은 동일하게 한국이시죠?
고객: 네 네.
상담사: 피보험자 송영령 송영녀 님은
상담사: 어 증권번호 6 8 4 6 8 6 0 5 보험에서
고객: 네.
상담사: 어
상담사: 이 1건 신청하시는 게 맞으시죠?
고객: 네 네.
상담사: 해당 계약에 보험료는 어떤 방법으로 납입하기로 하셨어요?
고객: 음
고객: 계좌 어 저기 하나은행 통장으로 하기로 했었거든요.
상담사: 네.
상담사: 납입한 보험료는 청약 시 등록한 반환 계좌로 지급 받으시겠어요.
고객: 근데 그 넣어도 안 들어갈 거 아니에요.
상담사: 지금
상담사: 네 어
상담사: 어 하나은행
상담사: 467로 시작하는 계좌로 반환계좌 등록해 드렸 반환계좌 등록하셨는데요 네.
고객: 예.
고객: 그래서 해 주세요.
고객: 네 네 네.
상담사: 접수 완료되었고 납입하신 보험료는 평일 기준 3일 이내에 반환 처리됩니다.
고객: 네 네 네 네.
상담사: 당연하시겠지만 고객님 국적과 실제 거주하시는 곳은 동일하게 한국 맞으시죠?
고객: 네 네.
상담사: 예
상담사: 확인 감사합니다 접수 완료되었구요 납입하신 보험료는 평일 기준 3일 이내로 반환됩니다 다음번에 고객님에게 꼭 필요한 맞춤 상품으로 다시 만나 뵙길 바라겠습니다 통화 종료 후
고객: 네.
고객: 네.
고객: 네 네
고객: 네네 지금 전화 예예
상담사: 예 통화 종료 후 카카오톡으로 발송되는 만족도 조사에 오전 부탁드립니다.
고객: 네네 지금 전화하시는 분 저
고객: 이름 좀 알려주세요.
상담사: 박근하요.
고객: 아 금학?
상담사: 네.
고객: 막 금 하
상담사: 고객님 예 예. 고객님 처리 접수되셨어요.
고객: 네네네.
고객: 네 예 아니 몇 번 됐다라고 안 되더라고 계속 전화해도
상담사: 아 아 지금 진 예 예
고객: 이 사람 하면 됐다라고 이 사람은 뭐 안 됐다라고
상담사: 진짜 됐어요. 고객님
고객: 네네 고맙습니다.
상담사: 네 네 확인 감사 네 감사합니다.
고객: 네 네.
고객: 네.
고객: 네 네 네.","고객은 2025년 10월 13일까지 청약철회를 신청하며, 계약자 본인임을 확인하고, 1949년 1월 7일생이며 국적과 거주지가 모두 한국임을 밝힘. 피보험자는 송영령(송영녀)으로, 증권번호 6846****의 보험 계약에 대해 청약철회를 요청함. 보험료 납입 방법은 하나은행 계좌(467으로 시작)로 하였으며, 납입한 보험료는 등록한 반환 계좌로 평일 기준 3일 이내에 반환될 예정임.","이 이분한테 전화해서 확인했더니 수익결제 핸드폰 결제했다고하심/ 자녀반대로 해제요청
증 68468605 청약철회 1건 접수함
하나은행 467시작하는 계좌로 평일 3일 이내 납입한 보험료 반환됨 안내함.","전화확인
수익결제
핸드폰결제
자녀반대해제요청
증권번호68468605
청약철회1건
접수
하나은행467계좌
평일3일이내
보험료반환
안내",가능,0.95,"모든 요약 내용(수익결제 핸드폰 결제, 자녀반대 해제, 증권번호 68468605 청약철회 접수, 하나은행 467계좌 평일 3일 이내 반환)이 STT에서 정확히 확인됨",가능,,E147381,2026-03-06T13:30:10.720697,,,,,가능,,,,,오답,,"정보_누락, STT_내용_추가(정상)","정보_누락: 1) '수익결제 핸드폰 결제 확인' 내용이 generated에 누락됨, 2) '자녀반대로 해제요청'이라는 청약철회 사유가 generated에 누락됨; STT_내용_추가(정상): 생년월일(1949년 1월 7일), 국적/거주지, 피보험자 이름(송영령/송영녀), 청약철회 기한(2025년 10월 13일) 등 정답지에 없는 인적사항/절차정보를 모델이 추가함. STT 전사 정상",Y,,오답,,"{'label': '정보_누락', 'action': 'keep'}, {'label': 'STT_내용_추가(정상)', 'action': 'keep'}",E147381,2026-03-10T15:36:13.486770,,,,,,,,
296,"상담사: 반갑습니다. 입니다.
고객: 예 수고하십니다.
고객: 뭐 1가지 여쭤볼라 그러는데예.
상담사: 네 감사합니다 네.
상담사: 네.
고객: 고 저기
고객: 보험 청구를 여어놨는데 서류가 들어갔는지 안 들어갔는지 확인할라고예
상담사: 아 그러세요? 고객님 이제.
상담사: 전화 주신 분은 계약자님 하옥애 님 본이십니까?
고객: 예.
상담사: 저희 등록된 연락처가 010880, **********
고객: 5607
상담사: 생년월일은 어떻게 되십니까?
고객: 520117
상담사: 네 확인되었습니다.
상담사: 고객님
상담사: 지금
상담사: 저 보험금을 어떻게 청구를 고객님께서 직접 어떻게
상담사: 팩스 넣으셨나요?
고객: 아니요 보험금 청구를
고객: 어 설계사가 넣었다고 그러는데 내보고 알아보라 카네.
상담사: 그러니까 팩스를 넣으셨는데 어떻게 넣으셨는지가 저희가 확인이 안 되시니까
고객: 아
상담사: 혹시 저희 테스티로 넣으셨을까요?
고객: 그럼
고객: 그렇겠지예? 팩스로?
상담사: 아 그러시면 제가 고객님 우선 이제 보험금 관련 이제 부서가 따로 있습니다 그 부서에 이제 고객님 문의권 이제 제가.
고객: 네.
상담사: 그 메모 전달해 놓을게요 그럼 거기 그쪽에서 고객님.
상담사: 상담 가능한 부서에서 고객님께 전화 갈 겁니다.
상담사: 158898 그때 전화 갈 거예요 그러면 전화 받으셔서 한번 상담해 보시면 되겠어요.
고객: 예 예.
고객: 예예 그러면 저한테 연락 오겠네 그지예.
상담사: 네 네 전화 갈 겁니다.
고객: 예 알겠습니다.
상담사: 네 감사합니다.
고객: 예.
고객: 오늘 내려오지예.
상담사: 아 고객님 제가 이제 시간은 제가 말씀드리기 어렵습니다.
상담사: 네.
상담사: 순차적으로 이제 전화 가니까 시간은 제가 말씀드리기 어렵습니다 전화 갈 겁니다 고객님.
고객: 예 예.
고객: 예 알겠습니다.
상담사: 네 감사합니다 네.
고객: 예.
고객: 1588에 9888","고객은 계약자 하옥애(생년월일 52****)로, 보험금 청구를 설계사를 통해 팩스로 제출했으나 서류 접수 여부를 확인하고자 연락함. 상담사가 보험금 청구 관련 부서에 메모를 전달하고, 1588-****로 전화 연락이 있을 예정임을 안내함.","설계사가 팩스발송했다고 보험 청구 서류 수신되었는지 확인요청
보험금 관련 부서에서 순차적으로 연락드릴 예정임 ","설계사 팩스발송
보험청구서류
수신여부
확인요청
보험금관련부서
순차연락
예정",가능,0.95,"모든 요약 내용(설계사 팩스발송 확인, 보험금 부서 순차 연락 예정)이 STT에서 명확히 확인됨",가능,,E147381,2026-03-06T13:32:46.216283,,,,,가능,,,,,정답,,STT_내용_추가(정상),"STT_내용_추가(정상): 고객 성명(하옥애), 생년월일(52****), 연락 전화번호(1588-****) 등 정답지에 없는 인적사항을 모델이 추가함. STT 전사 정상",Y,,과답,,"{'label': 'STT_내용_추가(정상)', 'action': 'keep'}",E147381,2026-03-10T16:04:25.275839,,,,,,,,
301,"상담사: 반갑습니다. 바쁜 하입니다.
고객: 네 수고 많으신데요.
상담사: 네
상담사: 나도 모르는 건데?
고객: 제가 남편 거 보험금 청구했는데 그 동의하는 게 있더라고요.
상담사: 네?
고객: 동의하는 게 있더라고요 휴대폰에서 남편이
상담사: 아
고객: 남편 보험금을 청구하려는데 남편이 동의하는 게 있더라구요.
상담사: 네.
고객: 그래서 남편이 동의했다는데 아직 연락이 안 와요 에이아이에서
상담사: 그 어플로
고객: 보험금 청구하려고 그러는데
상담사: 어플로 청구하시는 부분이에요.
고객: 예 예
고객: 네.
상담사: 아
고객: 그거에 대해 또 저기
고객: 치료받은 사람 동의하는 거 있잖아요.
고객: 남편이 동의했다는데 그게 연락이 안 와요.
상담사: 고객님
고객: 예.
상담사: 저희가 이제
상담사: 어플 관련해서 상담이 가능한 부서가 별도로 있어요.
고객: 아니 저번에도 그렇게 해서 저번에도 동이
고객: 동의 중에서 동의 눌렀더니 돼 갖고 저거로 되는데 오늘은
고객: 지금 동의했다는데 연락이 없어요.
고객: 화면이 안 떠요.
상담사: 지금 몇 번 해보신 거예요?
상담사: 다시 나갔다가
고객: 아니 저번에도 했고
상담사: 네 네.
고객: 아니 그러니까 남편 거 제가
상담사: 네.
고객: 남편한테 이게 동의하라고 동의
고객: 저기 뭐 치료 받은 사람 동의가 필요하다니까 남편이 했다고
고객: 근데 지금까지 그게 연락이 없어요.
고객: 화면이 안 바뀌'어요.
상담사: 고객님 저희가 이제 어플 관련해서 상담 가능한 부서가 별도로 있어요.
고객: 네.
상담사: 예 네.
상담사: 이제 저희 죄송하지만 해당 부서의 모든 상담사가 통화 중인 관계로
상담사: 고객님 연락처를 저희가 이제 해당 부서에 전달해 드리면 그 부서에서 다시 고객님께 연락을 드리거든요.지금 전화상담 예약건이
고객: 이상하네 오늘은
상담사: 네.
고객: 저번에는 금방 됐는데 오늘은 되게 복잡하네.
상담사: 음
상담사: 이제 전화 상담 예약 건이 많아서 순차적으로 연락을 드리고 있어요.그러면 오늘은
상담사: 이제 오늘 말고 한 내일 이후로 연락을 드릴 수 있을 것 같아요.
고객: 아니 전화 상담이고 하고 자식아이코 없이 어플로 다 됐거든요 그냥 동의 중에 동의
상담사: 네.
상담사: 네.
고객: 그 치료 받은 사람 동의했다고만 하면 이게 자동으로 바뀌는데 그게 안 바뀌어요 지금
상담사: 만약에 오류에 관련하면은 오류에 대한 문의를 받아보셔야 하죠.
고객: 아니 오류도 아니고 그냥 계속
상담사: 네.
고객: 계속 대기 중만 떠 있어요 지금
상담사: 네.
상담사: 그러면 한번 한번 다시 들어갔다가 나갔다가 해보시는 부분은
고객: 했다는데
상담사: 확인해 보셨어요?
고객: 아니 그래서 아 지금 이제 그게 안 뜨니까 제가
상담사: 네.
고객: 남편한테 이게 했느냐 그러니까 했다고 어떻게 된 거냐고 그래서
고객: 그래서 지금 연락이 없어서 지금
고객: 선생님한테 전화한 거예요 어떻게 된 건가
고객: 그럼 다시 들어가 또 해 봐요?
상담사: 일단은 한번 뭐 오류에 대한 부분이면 한번 더 확
상담사: 이제 나갔다가 들어와서 해 보시는 부분도
상담사: 예 거기 계속 머무르지 마시고
고객: 계속 대기중만 계속 뜨는데
상담사: 네.
고객: 보고 하면은 밖에 뭘 하든지 말든지 하지
상담사: 그러니까 지금은 이제
상담사: 오류
상담사: 오류에 대한 문의신 것 같거든요.
고객: 거 바쁘니까 확인을 들을 안 하고 계시는 거예요?
고객: 공유했다는데.
상담사: 어플 관련해서는 고객님 지금 어플 관련해서는 고객님
상담사: 그 모바일에 대한 부분이거든요.
고객: 네.
상담사: 예 예 예.
상담사: 저희가 확인을 해 볼 수는 없어요. 지금 고객님 핸드폰에서 이루어진 일이어서 예.
고객: 어플 어플 관련 한
상담사: 네. 어플도
고객: 관련 있는 그 일하시는 분들이 확인해야 된다고요?
상담사: 아니 이 어플 관련이면 이제 같이 핸드폰을 이제.
상담사: 이제 어
상담사: 뭔가 보면서 이제 확인을 해드려야 되는 부분이거든요.
고객: 아이고.
상담사: 기대하겠습니다.
상담사: 예
고객: 알았어요 다시 해볼게요 그럼
상담사: 네 요기로 들어가세요 저기로 들어가서 이렇게 해드리는 부분이어서요 네.
고객: 네 알겠습니다.
상담사: 네.
상담사: 네 감사합니다.","고객은 남편의 보험금 청구 시 모바일 어플에서 치료받은 사람(남편)의 동의가 필요하다는 안내가 나타나고, 남편이 동의를 했으나 화면이 갱신되지 않아 동의 상태가 반영되지 않고 있는 상황을 설명함. 고객은 이전에 비슷한 절차가 원활히 진행된 바 있으나, 오늘은 동의 후에도 상태가 변경되지 않고 대기 중 상태가 지속되고 있음. 어플 관련 상담은 별도 부서에서 처리되며, 해당 부서는 현재 통화 중이므로 고객의 연락처를 전달하고 순차적으로 연락을 드릴 예정임. 고객은 다시 어플을 종료하고 재진입해 동의 절차를 시도해 보는 것을 제안받음.","남편 꺼 보험금 청구했는데 동의했다는데 AI 에서 아직 연락이 오지 않아 문의함.
어플 관련해서 상담 가능한 부서가 별도로 있으며 해당 부서에 전달해 드리면 부서에서 다시 고객님께 연락드릴 예정이며 익일 이후로 연락드릴 수 있음 안내함. 어플 재접속은 해본건지 문의하였고 대기중만 떠있어 화면이 바뀌지 않는다고 언급하였음 어플관련이면 핸드폰을 보면서 확인을 해드려야 되는 부분임을 안내드렸고 다시 해보겠다 함.","남편 보험금청구
동의
AI 연락없음
어플 상담부서
부서 전달
부서 연락예정
익일이후 연락가능
어플 재접속문의
대기중 화면변환안됨
핸드폰 확인필요
다시 시도약속",가능,0.95,"모든 요약 내용이 STT에서 명확히 확인됨. 어플 관련 문의, 부서 안내, 재접속 권유 등이 정확히 반영되어 있음.",가능,,E147381,2026-03-06T13:54:34.630777,,,,,가능,,,,,정답,,정보_누락,"정보_누락: 1) '익일 이후로 연락드릴 수 있음'이라는 구체적 시점 안내가 누락됨, 2) '핸드폰을 보면서 확인해야 하는 부분'이라는 안내와 '다시 해보겠다'는 고객 응답이 누락됨",Y,,오답,,"{'label': '정보_누락', 'action': 'keep'}, {'label': 'STT_내용_추가(정상)', 'action': 'add', 'error_detail': '고객은 남편의 보험금 청구 시 모바일 어플에서 치료받은 사람(남편)의 동의가 필요하다는 안내 가 Generated에 추가됨 ', 'chunks': [1]}",E147381,2026-03-10T15:45:13.616661,,,,,,,,
302,"상담사: 반갑습니다. 박예은입니다.
고객: 오 네 수고하십니다.
고객: 그 제가 미납 보험료 뭐 1달치만 납입할려고요.
상담사: 네 고객님.
상담사: 네 저희 간단한 본인 확인 먼저 도와드리겠습니다 지금 전화 주신 분 계약자 최동환 님 본인 맞으시고요.
고객: 네.
상담사: 네 고객님 생년월일 어떻게 되세요?
고객: 아 600120요.
상담사: 네 핸드폰 번호가 0105716, ***************
고객: 52524
상담사: 네 확인 감사드리고요 저희 고객님 납입은 어떻게 도와드리면 될까요?
고객: 어 지금 우체국 통장으로 팔아서 지금
고객: 납입할게요.
상담사: 출근하시는 걸까요?
고객: 네.
상담사: 네 저희 계좌번호는 한번 말씀해주셔야 됩니다.
상담사: 저희 계좌번호 1번 말씀해 주세요.
고객: 네.
고객: 네 이
고객: 110
상담사: 110
고객: 0038
상담사: 0038.
고객: 1 2 이력부
상담사: 1
상담사: 이
고객: 1 예 12
고객: 이륙구
상담사: 269 네.
고객: 네.
상담사: 잠시만요. 고객님
고객: 네.
상담사: 네 확인되셨고요. 고객님 당연하시겠지만 고객님 국적과 실제 거주하시는 곳 동일하게 한국 맞으시고요?
고객: 네.
상담사: 네 저희 출금 동의 한번 얻겠습니다제가 ARS 연결해드릴 건데요 동의하시면 1번 눌러주시면 됩니다.
고객: 네.
상담사: 네.
상담사: 최동한
상담사: 고객님께서는 AI의 생명으로 요청하신 업무 처리를 위하여
상담사: 최동완.
상담사: 예를 들어서
상담사: 우체국
상담사: 은행 계좌 예?
상담사: 예
상담사: 10
상담사: 영
상담사: 영 산
상담사: 팔
상담사: 예
상담사: 이 이
상담사: 6 9
상담사: 로부터 이체 출금을 신청하셨습니다.
상담사: 동의하시면 1번 취소하시거나 상담사 연 1번을 누르고 동의하여 주셨습니다.
상담사: 네 고객님 확인 되셨구요 저희 2건 계약 건 2건 해서 19만 9385원 출금하겠습니다.
고객: 네.
상담사: 네.
상담사: 네 고객님 정상적으로 8, **************
고객: 예 그럼 8월까지 다 납입 납입된 거죠?
상담사: 네 맞습니다 8월까지 납입되셨습니다 2건 다.
고객: 예 감사합니다.
상담사: 네 감사합니다.
고객: 네 네 네.
상담사: 네.","고객 최동환은 8월까지 납입된 2건의 보험료 총 19만 9,385원을 우체국 통장 계좌(110-****-121-269)에서 이체 출금하여 납입했으며, 계좌 출금 동의를 완료하고 납부가 정상적으로 처리되었다.",포럼본 미납 보험료 1달 초반 납입차 연락했고 우체국 통장에서 즉시 출금 요청하여 출금하였음,"포럼본
미납보험료
1달초반
납입차연락
우체국통장
즉시출금요청
출금완료",가능,0.9,"미납 보험료 납입 연락, 우체국 통장 출금 요청, 출금 완료까지 전체 흐름이 STT에서 명확히 확인됨",가능,,E147381,2026-03-06T13:56:29.195192,,,,,가능,,,,,오답,,STT_내용_추가(정상),"STT_내용_추가(정상): 건수(2건), 금액(19만 9,385원), 계좌번호(110-****-121-269), 고객 성명(최동환) 등 정답지에 없는 상세 정보를 모델이 추가함. STT 전사 정상",Y,,과답,,"{'label': 'STT_내용_추가(정상)', 'action': 'keep'}",E147381,2026-03-10T16:05:13.277073,,,,,,,,
303,"상담사: 반갑습니다.
고객: 아이 수고 많으신데요.
상담사: 네 감사합니다.
고객: 딴 게 아니고 내가 8, *************************
상담사: 네.
고객: 고거 인제 한번 이래 이래 설계사분하고 얘기하다 보니까 의사 소견서가 필요하다 캐서
상담사: 네.
고객: 제가 의사 소견서를 끊어가고 그 설계사 그 카톡으로 보냈거든요.
상담사: 네
고객: 그래 일단 보험료 가입하는 첫날 그 첫날 그 회비는 떨어졌어요 가입비는.
상담사: 네.
상담사: 네네.
고객: 그래
고객: 그 뭐냐면 의사 소견서가 그게 지금 그 보험 회사에
고객: 그게 무슨 그 들어갔는가 안 들어갔는가 싶어서 궁금해서 전화 드리는데요.
상담사: 아 그러세요?
상담사: 고객님 그러시면 인제 저희가 그 정보 확인 후 안내해 드리겠습니다 전화 주신 분은 계약자님 오상남님 본인이십니까?
고객: 네 네 네 네.
상담사: 네 저희 등록된 연락처가 010, **************
고객: 4 5 8 8
상담사: 네 생년월일은 어떻게 되십니까?
고객: 54년 6월 29일.
상담사: 네. 확인되었습니다.
상담사: 고객님 우선 지금.
상담사: 지금은 이제 그 다
상담사: 다
상담사: 확인이 됐어 그런데 정산 계약건으로 지금 올라와 있으세요.
상담사: 이제 심사 중이시면 청약 인제 청약으로 뜨는데
상담사: 심사가 끝나면 이제 정상 계약으로 이렇게.
상담사: 나오거든요.
고객: 그 정상 계약으로 집뜹니까?
상담사: 네 정상 계약으로 이제 떠 있으세요.
고객: 그게 뭐냐 하면은 이거를 얘기 도중에
상담사: 네.
고객: 의사 소견서가 필요하다 캐사서 내가 지금 대학병원 다니고 있는데
상담사: 네.
고객: 거기만 하면 안 되니까 만약에 사실대로 한다 하면 소견서를 띄달라 캐서 그 15000원 주고 어서 소견서를 띄어갖고 그 뭐야 그 사건소에 보내달라 캐서 카톡으로 사진 찍어 보냈거든요 이 사람이 하는 말이 며칠 걸린다더라고
상담사: 네.
고객: 그래서 며칠 전에 며칠 지났어요 그래서 나는 이제
상담사: 네.
고객: 보통 보면 심사 이런 거 할 적에는 뭐
고객: 변명 이래 대충 얘기도 바로 뭐
고객: 몇 분 안에 뭐 등록이 되고 막 이래 갖고 심사 결과가 확정됐다 하면서 이렇게
상담사: 음.
고객: 돈을 돈이 빠져나가고 이러는데 이거는 뭣이 오래 걸리냐 이 말이야 내 말은
고객: 심사가 그래서 내가 하는 말은 심사 그 서류가
상담사: 네.
고객: 보험회사에 그게 뭣이 이렇게 들어가느냐 이 말이에요 그래서 그 심사 결과가 나오는데 며칠 걸린다더라고 그거는 이유가 뭔가 몰라서 설계사분인데 전화를 할라카다가도
고객: 내가 혹시 혹시나 싶어서 이쪽으로 전화하는 거예요.
상담사: 아 그러세요.
고객: 예.
상담사: 거 좀 음
상담사: 의사 선생이 들어왔는지는 저는 여기서는 바로 인제 확인이 안 되시는데 지금은 인제 계약 건은 이제 청산 계약 건으로 인제
고객: 네.
고객: 본래 정상 계약이라 해서 돈이 빠져나갔거든요.
상담사: 다 들은 편
상담사: 네. 네.
고객: 그러니까 뭐 그게 만약에 그 심사 결과서 플러스 됐으면 돈이 안 빠져나갈 거 아닙니까 계약이 안 되는 거고
상담사: 그죠 심사해서 이제 고객님께 심사를 해서 이제 안 됐죠.
고객: 그 심사가 일단은 합격이 심사 합격이 됐으니까
고객: 그게 됐을 거 아니에요.
상담사: 그렇죠 네.
고객: 그래서 나는 좀 더 자세하게 이 뭐 나중에 무슨 문제가 생겼을 적에
고객: 그 보험회사 꼬투리 잡고 이래 싸서
상담사: 아 네.
고객: 그러면 저 한번 보고 그 대학병원에 그
고객: 그것을 다니고 있다 이 사실을 증명하기 위해서 의사 소견서를 끊어 갖고
고객: 그 보험설사한테 자기를 카톡으로 보내달라더라구요 사진 찍어서 그런데 보내줬어요.
고객: 그것도 그거 하나 띠는데 만 5000원이다 돈이
상담사: 네.
상담사: 네에
고객: 그런데 지금 뭐 며칠 그게 다 가긴 하는데 지금 며칠 되긴 돼서
고객: 그래 나는 1대씩 더 기다려볼까 제 마음도 있는데
고객: 뭐 궁금해서 내가 그러면 서류가 들어갔으면 서류가 뜰 것 아닙니까?
상담사: 아
상담사: 네.
고객: 접수가 거기
상담사: 예 그래서.
고객: 그래 아 그리구 지금 그리구 가
고객: 나 그걸로 한 서류가 들어갔는가 안 들어갔는가 그걸 확인하는 거예요 이 사람이
상담사: 음.
상담사: 아 네.
고객: 떨개서 말로만 하는 건지
상담사: 네네.
고객: 뭐 실제로 본사에 그 서류가 들어간 건지
고객: 그게 내 궁금해서 전화드리는 거예요.
상담사: 아 그러세요 고객님 그러시면 이제 상 그 문의 건은 고객님 상담 가능한 부서가 별도로 있습니다 그 상담 가능한 부서에서 고객님께 직접 연락드릴 수 있도록 제가 메모해 놓겠습니다 그럼 고객님께 전화 갈 겁니다.
고객: 예.
고객: 예.
상담사: 그쪽에서
상담사: 그러면 이제 그
상담사: 구 상담사한테.
상담사: 되고 자세하게 상담하여 보시면 되겠습니다 제가 메모해서 전달해 놓겠습니다.
고객: 아니 그러면 바로 내가 지금 다이렉트로 그 전화를 하면 안 됩니까 지금?
상담사: 예 죄송합니다 바로 전화할 수 있는 그 전화는 없구요 저희가 이제 이렇게 상담 고객님께서 이제 들어와셔서 상담하시면 저희가 이제 전달해서 그쪽에서 이제 먼저 걸린 전화부터 해서 순차적으로 해서 안내를 나가고 있습니다.
고객: 아 내가 뭐가 이래 문제냐 하면은 이 무엇이
고객: 혹시나 이래 싶어갖고 뭐
상담사: 네.
고객: 확인을 안 하면은 설마 접수 된 건지 내 중장비 틀리다.
상담사: 이 고거 고객님께서 이제 고지 의무를 다 하셨고
고객: 그러니까.
상담사: 예 곧 그게 곧 네.
고객: 그
상담사: 네.
고객: 듣고 믿을 거 아닙니까 수행사 분야 예를 들어서 내가
상담사: 그렇죠?
상담사: 네네.
고객: 보험 그 뭐야 의사 그 서 교수 본 대학교는
고객: 그래가 보냈는데
상담사: 네.
고객: 어느 그 설계사가 뭐 야 접수 돼갖고 뭐 심사 합격했습니다 이래버리면은
고객: 내가 완전히 믿는 건데
고객: 사실은 그 서류가 들어갔는지 안 들어갔는지 확인이 안 되잖아 저 제 같은 경우에는 안 그래요.
상담사: 네.
상담사: 네 그러시죠 네.
상담사: 예 예 예 고객님께서 인제 그 계약자.
상담사: 국장님들이 하시는 고지 의무를 하신 거고.
고객: 그러니까 그걸 갖다가 내가 본사에서 받았는가 안 받았는가 그게 중요하대요 그래서 본사에서 확인하고
상담사: 네네네.
상담사: 음.
상담사: 네.
고객: 학교에 학교에 구라교 구라교 통제를 해달라 이 말입니다.
상담사: 네.
상담사: 네.
고객: 설계사분이야 뭐 다 이런 돈 뿌리 할라고 어떻게 하는지 모르겠는데
상담사: 네.
고객: 알겠죠.
상담사: 네.
상담사: 네 고객님 그래서 인제 이 문의권 제가 인제 전달하겠습니다 그럼 고객님께 전화 갈 겁니다 그때 그러면 다시 또 확인하시.
고객: 오늘 중으로 옵니까 언제 옵니까 전화가?
상담사: 아 고객님 죄송합니다. 정말 죄송합니다. 시간은 제가 말씀드리기 어렵고 이제 저희가 이제 여러 분들이 있잖아요. 그래서 먼저 걸리 저로부터 해서 그분들이 상 그
상담사: 그 접수해서 이제 전화가 차례차례 나갈 겁니다.
고객: 일단 알겠습니다.
상담사: 네 감사합니다 네
고객: 예.
상담사: 네.","고객은 계약자 오상남(1954년 6월 29일생)으로, 가입일에 보험료가 납부되었으며, 현재 계약 상태는 청약 인제 청약으로 등록되어 심사 중인 정산 계약 건이다. 고객은 대학병원에서 진료를 받고 있으며, 설계사의 요청으로 의사 소견서를 작성하여 카톡으로 제출하였고, 그 서류가 보험회사에 접수되었는지 여부를 확인하고자 전화를 하였다. 고객은 서류가 본사에 들어갔는지 확인이 필요하다고 밝혔으며, 상담사가 해당 문의를 관련 부서에 전달하고 고객에게 전화를 돌려줄 예정임을 안내받았다.","8.13일 보험가입시 대학병원 다니고 있어 의사소견서 발급받아 설계사 카톡으로 전송했고 시일이 지났으나 연락이 없어 서류가 본사에 들어간건지 확인요청
심사중이면 청약상태로 확인되는데 확인해보니 정상계약으로 나옴
상담가능한 부서에서 전화드릴수있게 요청해드리겠다 안내/ 순차적 전화드릴예정임","8.13일 보험가입
대학병원 의사소견서 발급
설계사 카톡 전송
서류 본사 입고 확인
심사중 청약상태 확인
정상계약
상담가능 부서 전화요청
순차적 전화예정",가능,0.9,"고객 문의(의사소견서 본사 입고 확인), 상담사 확인(정상계약), 후속 조치(상담 부서 연결, 순차 전화) 등 전체 흐름이 STT에서 확인됨",가능,,E147381,2026-03-06T16:08:16.551501,,,,,가능,,,,,오답,,"사실_오류, STT_내용_추가(정상)","사실_오류: 계약 상태가 실제로는 '정상계약'으로 확인되었는데, generated에서는 '심사 중인 정산 계약 건'으로 기술하여 현재 계약 상태를 반대로 기재함; STT_내용_추가(정상): 고객 성명(오상남), 생년월일(1954년 6월 29일) 등 정답지에 없는 인적사항을 모델이 추가함. STT 전사 정상",Y,,오답,,"{'label': '사실_오류', 'action': 'keep'}, {'label': 'STT_내용_추가(정상)', 'action': 'keep'}",E147381,2026-03-10T16:11:52.208395,,,,,,,,
304,"상담사: 반갑습니다 입니다.
고객: 네.
상담사: 어 고객님 고객님?
상담사: 고객님?
상담사: 고객님
고객: 여보세요 네.
상담사: 고객님
고객: 아 저 잘 들리는데
상담사: 키패드 더
상담사: 키패드 더 누르지 않으셔도 됩니다.
고객: 네 네.
상담사: 네.
고객: 저기
상담사: 고객님
고객: 수술을 하게 되면
상담사: 고객님
고객: 여보세요?
상담사: 고객님?
상담사: 네.
고객: 아 이게 왜 이래
상담사: 지금 성함이 어떻게 되세요?
상담사: 고객님 성함 고객님 성함이 어떻게 되세요?
고객: 여보세요?
고객: 네 밥 지현리요.
상담사: 네
상담사: 고객님 어 제가 정보 확인 후 안내 도와드리겠습니다.
상담사: 전화 주신 분은 박지원 님 계약자 본인 맞으십니까?
고객: 네 감사합니다.
고객: 네.
상담사: 생년월일이 어떻게 되세요?
고객: 6406
상담사: 네 핸드폰 번호는 010 3050 뒤 4자리 어떻게 되세요?
고객: 한가위에 2727 2727
상담사: 네 확인 감사합니다.
상담사: 고객님 어떤 부분에 대한 문의세요?
고객: 아 피보험자가 방문했는데요.
상담사: 네.
고객: 그것이 어떤 부분에 대해서 어떤 강남 아파트는 운영주체가 잘못되고 있다는 말씀이시죠?
고객: 확인을 해 보니까 그 생활 질환 수술은 어떤 거예요?
상담사: 아
상담사: 생활 질환에 대한 부분은 이거는 보험금 청구 부서에서 고객님 상담 받으셔야 되는 부분이거든요.
상담사: 저희가 이제 청구 보험금 보장 내용에 대해서 상담이 가능한 부서는 별도로 있어요.
고객: 네 감사합니다.
고객: 오
상담사: 네 그래서 지금은 해당 부서에 모든 상담원이 통화 중인 관계로
상담사: 고객님 연락처를 해당 부서에 전달해 드리면 다시 부서에서 고객님께 연락을 드리거든요.
고객: 네.
고객: 음 그러세요.
상담사: 네 오늘은 말 오늘은 좀 이제 이야기 가득 차서 좀 어렵고요 내일 이후로 고객님께 다시 연락을 드리면 전화 꼭 받아주시기 바랍니다 1588 9898 입니다.
고객: 음 어플은
고객: 예.
고객: 그렇게
고객: 네.
고객: 네.
상담사: 감사합니다.
고객: 네 감사합니다.","고객은 박지원(계약자)의 가입자로, 피보험자 방문 시 생활 질환 수술 관련 보험금 청구에 대한 문의를 하였으며, 해당 문의는 보험금 청구 부서에서 상담이 가능하므로 현재 상담원은 정보를 전달하고 내일 이후에 전담 부서에서 다시 연락을 드리겠다고 안내하였다.","생활질환 수술문의/ 
해당부서에서 내일이후 연락드릴수있게 요청해드림","생활질환 수술문의
내일이후 연락요청",가능,0.9,생활질환 수술 문의 및 해당 부서에서 내일 이후 연락 안내 조치가 STT에서 확인됨,가능,,heeaekwon,2026-03-06T17:58:31.687367,,,,,가능,,,,,정답,,STT_내용_추가(정상),STT_내용_추가(정상): 고객 성명(박지원) 등 정답지에 없는 인적사항을 모델이 추가함. STT 전사 정상,Y,,과답,,"{'label': 'STT_내용_추가(정상)', 'action': 'keep'}",E147381,2026-03-10T16:23:15.906352,,,,,,,,
306,"고객: 네 확인 감사합니다.
상담사: 반갑습니다.
상담사: 네 맞습니다.
고객: 여보세요?
상담사: 네 반갑습니다 고객님.
고객: 아우 나 전화 연결하는데 10분 딱 걸리네요. 아우
상담사: 어 그러셨던 불편드려서 죄송합니다 월초다 보니까 네 지연이 된 것 같습니다.
고객: 9월 4일
고객: 50점
상담사: 네 어떤 문의 연락주셨을까요?
고객: 여기 어.
고객: 내가 보험료를 2달 지금 밀려 있는데
상담사: 네.
고객: 어떤 게 어떤 건지 좀 알아봐 주시겠어요?
상담사: 네 그러시면
고객: 주소요.
상담사: 네 고객님 그러시면 제가 공인 계약사항 확인을 위해서 먼저 몇 가지 여쭙도록 하겠습니다.
상담사: 전화 주신 분은 계약자 김혜영 고객님 본인 되시구요.
고객: 뭘요?
상담사: 고객님 생년월일 어떻게 되십니까?
고객: 500810
상담사: 네 고맙
고객: 이거 볼 수 없죠? 이제 요.
상담사: 네 고객님 자택 주소 말씀해 주시겠습니까?
고객: 남구 동명로 163, ********
상담사: 네 고객님 휴대폰 번호 마지막 네 자리 말씀 부탁드리겠습니다.
고객: 9902
상담사: 확인 감사합니다.
상담사: 네 고객님께서 네 2025년 6월까지 납부하시고
상담사: 네.
상담사: 9월 1일자로 실효되어 있는 계약 건 3건 확인되고 있어요.
고객: 그 3건이 뭐뭡니까?
상담사: 네 1가지는 2025년 2월 20일에 가입하신 종합건강보험으로 심뇌흡안질환
상담사: 진단부터 수술까지 보장되는 상품이시구요.
고객: 네.
상담사: 그리고 2023년 6월 5일에 가입하신 건강플러스 안보험
상담사: 이렇게 암 진단뿐만 아니라 건강검진 하실 때 용종 떼시는 거 그리고 상급종합병원에서 치료하시
고객: 네.
상담사: 어 고객님께서
상담사: 입원을 하시고 통원하시는 거.
상담사: 이렇게 보장이 되구요.
상담사: 그리고 2013년 3월 7일 7일에 계약하신 꼭 필요한 건강보험으로
고객: 네.
상담사: 질병 입원 시
상담사: 그리고 1종에서 5종 수술 시
상담사: 보장 가능하신 상품이시네요.
고객: 예 그러면은
상담사: 네 네.
고객: 종합건강보험이 지금 얼마입니까?
상담사: 네 전
고객: 나비 동네 1번 매달
상담사: 네 종합 건강 보험 같은 경우에는 월 38423원 납부하시는 계약건이구요.
상담사: 네 그리고 건강
고객: 네.
고객: 아 3번
상담사: 암보험 같은 경우에는 28112원
상담사: 그리고 꼭 필요한 건강보험은 25780원
상담사: 고객님께서 건강하셔서 부담도 잡혀 있지 않아서 저렴하게 가격이 책정되었네요.
고객: 어 어
상담사: 네.
고객: 이 3개를
상담사: 네
고객: 그래서 지금 이제
고객: 대학 갈려고 하거든요.
상담사: 그러세요 고객님 설계 이렇게 잘해주셨는데 해지하시기엔 너무 아까우신 보험인데요 고객님.
고객: 예 예
상담사: 아니요.
고객: 예 지금 좀 어려워서 이 불입이 어렵네
상담사: 네.
상담사: 아 그러세요.
고객: 네.
상담사: 어 그러셔도 이제 암이라든지 심뇌혈관 질환 같은 경우에는 언제 갑자기 발병될지 모르는 위험한 질환이고 네 심뇌혈관질환도 특히나 나이가 드실수록 점점 발병률이 높아지는 질환이다 보니
고객: 그렇죠.
고객: 음.
상담사: 고객님께서 이미 실효 상태에 있으니까요 좀 더 고민을 해보시고 결정하시는 게 어떠실까요?
상담사: 아직 자동 부활기간도 남아 있으시고요.
고객: 그냥
고객: 자동 부활이 언제까집니까?
상담사: 네 고객님 한번 확인해볼게요 잠시만 기다려 주세요.
고객: 음.
상담사: 네.
상담사: 아니예요.
상담사: 네 고객님께서 이번 달 말일까지 보험료 미납 금액 납부하시게 되면요 정상 유지 가능하시니까요 5월 말일까지 한번 고민을 해 보세요 고객님 네.
고객: 아 9월 9월 30일까지
고객: 예 알겠습니다.
상담사: 지금
고객: 그러면
고객: 저기
상담사: 네.
고객: 저 2020 종합건강보험 이 다시 좀 천천히 이게 좀 말이 빨라가지고
상담사: 아 그러셨어요 고객님.
고객: 예 예.
고객: 네 제가 알기로 그 증권이 없어가지고요.
상담사: 그러시면 1000
상담사: 어 그러세요 그러시면 제가 고객님
상담사: 잠시만요 계약건들 증권이 발행이 가능한지 한번 살펴볼게요.
고객: 네.
상담사: 지금 37600원이 이렇게 되어있어요.
상담사: 그래서 올해는 마지막이니까 이 마지막이니까 이 마지막이니까 이 마지막이니까 이 마지막이니까 이 마지막이니까 이 마지막이니까 이 마지막이니까 이 마지막이니까 이 마지막이니까
상담사: 가입을 하셔서 암호 보험에
상담사: 여기에는 제가 유방암이나 전립선암 진단되었을 때
상담사: 네.
상담사: 네 고객님 실효되어 있는 계약건들 제가 증권을 발행을 해드릴 수가 있어요.
고객: 네 그럼 쫌 더 찾아볼게요.
상담사: 그래서
상담사: 네 그러세요 그러시면 3건 모두 발행 도와드리면 될까요?
고객: 예 예
상담사: 네 그러시면 고객님께서 말씀을 해주셨던 주소로 네 발송 도와드릴게요. 평일 기준 5일에서 7일 정도 소요되니까요 우편함 확인하시고 수령 부탁드리겠습니다.
고객: 예 예.
고객: 네.
고객: 네.
고객: 네 아우 감사합니다.
상담사: 네 선생님.
상담사: 네 고객님 감사합니다 좋은 하루 되세요.
고객: 네.
상담사: 네.","고객은 계약자 김혜영(생년월일 1950****)으로, 2025년 6월까지 보험료를 납부한 후 9월 1일자로 실효된 계약 건 3건을 확인하였다.  
계약 건 1: 2025년 2월 20일 가입한 종합건강보험(심뇌혈관질환 진단부터 수술까지 보장), 월 납부금 38,423원.  
계약 건 2: 2023년 6월 5일 가입한 건강플러스 안보험(암 진단, 용종 제거, 상급종합병원 치료까지 보장), 월 납부금 28,112원.  
계약 건 3: 2013년 3월 7일 가입한 꼭 필요한 건강보험(질병 입원 및 1종~5종 수술 보장), 월 납부금 25,780원.  
고객은 3건의 보험 증권 발행을 요청하였으며, 주소(남구 동명로 163, ********)로 평일 기준 5~7일 소요 예정이다.  
실효된 계약 건은 5월 말일까지 보험료 미납 금액 납부 시 정상 유지 가능하며, 자동 부활 기간이 남아 있다.","최종납월 6월로 9.1일 실효건 3건 확인됨
3건의 월보험료와 보장내용 안내후 반려
이번달 말일까지 보험료 미납금액 납부시 정상유지 가능한 자동부활가능함
실효된 3건 증권 우편발송/ 평일5~7일 소요됨","최종납월
6월
9.1일
실효건
3건
확인
월보험료
보장내용
안내후
반려
이번달 말일까지
보험료미납금액
납부시
정상유지
자동부활가능
증권
우편발송
평일5~7일
소요",가능,0.9,"최종납월, 실효 상태, 3건 보험료/보장내용 안내, 자동부활 안내, 증권 우편발송 등 전체 상담 내용이 STT에서 상세히 확인됨",가능,,E147381,2026-03-06T16:13:01.367925,,,,,가능,,,,,오답,,"STT_내용_추가(오전사), STT_내용_추가(정상)","STT_내용_추가(오전사): 상담사가 '이번 달 말일까지'라고 한 뒤 실수로 '5월 말일까지'라고 잘못 말한 것을 generated가 그대로 반영. 실제로는 9월 말일이 맞음; STT_내용_추가(정상): 각 계약의 상세 가입일(2025.2.20, 2023.6.5, 2013.3.7), 상품명, 보장내용, 고객 인적사항(김혜영, 생년월일 1950****) 등 정답지에 없는 STT 내용을 모델이 추가함. STT 전사 정상",Y,,오답,,"{'label': 'STT_내용_추가(오전사)', 'action': 'keep'}, {'label': 'STT_내용_추가(정상)', 'action': 'keep'}",E147381,2026-03-10T16:26:58.959501,,,,,,,,
307,"상담사: 반갑습니다  박근화입니다.
고객: 아 예 저기.
고객: 고 2번 그 신청하려고 하는데요 팩스로 하려고요.
상담사: 음
고객: 팩스 번호를 좀 알려주세요.
상담사: 네
상담사: 공 아 02
고객: 02요?
상담사: 네 2021
고객: 2 0 2 1
상담사: 4540입니다.
고객: 네.
고객: 4540
상담사: 네.
고객: 네 감사합니다.
상담사: 네 감사합니다.
고객: 네.","고객이 2번 신청을 위해 팩스로 진행하려 하며, 팩스 번호 02-2021-****을 안내받음.",BL 신청 팩스접수문의/ 02-2021-**** 안내,"BL 신청
팩스접수
문의
02-2021-****
안내",가능,0.95,BL 신청 팩스 문의 및 팩스번호(02-2021-4540) 안내가 STT에서 명확히 확인됨,가능,,E147381,2026-03-06T16:24:36.337337,,,,,가능,,,,,정답,,STT_내용_추가(오전사),STT_내용_추가(오전사): STT에서 'BL'이 '2번'으로 오전사되어 generated가 'BL 신청' 대신 '2번 신청'으로 잘못 요약함.,Y,,오답,,"{'label': 'STT_내용_추가(오전사)', 'action': 'keep'}",E147381,2026-03-10T16:27:19.260339,,,,,,,,
308,"상담사: 반갑습니다 박예은입니다.
고객: 네 수고하십니다.
상담사: 네 고객님.
고객: 예 뭐 좀 여쭤보려고 하는데요.
상담사: 네 저희 간단한
고객: 그 제가 며칠 전
고객: 예.
상담사: 네 네 본인 확인 좀 먼저 좀 도와드려도 될까요?
고객: 예.
상담사: 네 지금 전화 주신 분 계약자 이기세 님 본인 맞으시고요.
고객: 예 맞습니다.
상담사: 네 네 고객님 생년월일 말씀 부탁드립니다.
고객: 740331
상담사: 네 핸드폰 번호가 010, *******************
고객: 945요.
상담사: 네 확인 감사드리고요 고객님 어떤 문의로 연락 주셨을까요?
고객: 아 다름이 아니고 그 제가 며칠 전에 교통사고 났는데
상담사: 네.
고객: 예 입원하고 3일 정도 입원하고 지금 통원 치료하고 있거든요.
상담사: 네.
고객: 근데 혹시나 이쪽 보험사에서 제가 뭐 지급받을 수 있는 그런 게 있나요?
상담사: 어 지금 고객님께서 수술이나 이런 건 없으셨구요?
고객: 예 예.
상담사: 고객님께서 유지하고 있는 계약 건에는 수술비만 이제 들어가 있으시네요.
고객: 아 수술비만요?
상담사: 네 입원비는 따로 없으시고요 나머지 1건은 이제 암 보험이시고요.
고객: 예 그러니까요.
상담사: 네 그러게 네 그래서 저희 쪽 보상 내용에 이제 관련된 사항은 없으시네요.
고객: 어
고객: 그 이쪽 보험사에 뭐 자동차 교통사고 상해나 뭐 그런 다른
고객: 보험 보험은 없나요?
상담사: 네 저희는 이제 그거는 AID 손해보험으로 가셔야 됩니다.
고객: 아 그래요?
상담사: 저희는 이제 생명보험이기 때문에 네.
고객: 안녕하세요.
고객: 지금 저희 지역구에 그쪽 안보 원밖에는 없는 거죠?
상담사: 네 암 보험이랑 이제 수술비 들어가 있는 계약 건 있으시고요. 이제 이 수술비 관련해서도 이 암 또 들어가 있으시고요.
고객: 아
상담사: 그리고 이제 입원비나 이런 거는 저 저희 보상 내용이 없으시네요.
고객: 아 예 알겠습니다.
상담사: 네 감사합니다.
상담사: 네 감사합니다.
고객: 예.
상담사: 네.","고객은 계약자 이기세(생년월일 74****)로, 며칠 전 교통사고로 입원 후 통원 치료 중이며, 보험사에서 지급받을 수 있는 사항이 있는지 문의함. 고객이 가입한 계약은 수술비 보험과 암 보험으로, 입원비는 포함되지 않음. 교통사고 상해 보상은 AID 손해보험에서 처리해야 함.","교통사고 일번, 통원 치료 보장문의
수술비 가입되어있는 암보험 1건으로 해당무","교통사고 일번
통원치료보장
암보험
수술비가입
1건
해당없음",가능,0.95,"교통사고 입원/통원치료 보장문의, 수술비 가입 암보험 1건, 해당사항 없음 등 모든 내용이 STT에서 명확히 확인됨. reference의 '일번'은 '입원'의 오기로 판단되나 의미 파악에 지장 없음.",가능,,E147381,2026-03-06T16:24:56.719159,,,,,가능,,,,,정답,,STT_내용_추가(정상),"STT_내용_추가(정상): 계약자 이기세, 생년월일 74****, AID 손해보험 언급 등 정답지에 없는 STT 내용을 generated가 추가함. STT 전사 정상, 문맥상 자연스러움.",Y,,과답,,"{'label': 'STT_내용_추가(정상)', 'action': 'keep'}",E147381,2026-03-10T16:28:17.404800,,,,,,,,
309,"상담사: 반갑습니다 박예은입니다.
고객: 네 여보세요?
상담사: 네 고객님.
고객: 네 아까 그 푸
고객: 같이 그거 저기 들은 듣는 거 그거
고객: 전화를 저기 통화했는데 전화를 준다 그래갖고 안 줘갖고요.
상담사: 아 네 고객님 저희 신규와 관련해서 이제 연락 주신 걸까요?
고객: 네.
상담사: 네 지금 전화 주신 분 계약자 김영미 님 본인 맞으시고요?
고객: 네 네.
상담사: 네 저희 전 상담사님이 이쪽 센터로 전달해드렸기 때문에 고객님 좀 기다려 주시면 저희 이쪽 센터에서 연락 가실 겁니다 좀만 기다려 주세요.
고객: 아 저기
상담사: 네.
고객: 그 남자분이 하시는 거예요 여자분이 안 돼요?
상담사: 아 이 부분은 고객님 저희가 이제 그 상담사님들을 지정해서 말씀을 해드리는 게 아니고 저희가 이쪽 센터로 이제 연락처 전달을 해드리는 거기 때문에 어떤 분이 연락 가실지는 저희 쪽에서도 확인이 어렵습니다.
고객: 아 그래요 그러면 오늘 안으로 전화 어떻게 통화가 올까요?
상담사: 네.
상담사: 네 좀 기다려 주시면 저희 쪽 이쪽에서 연락 가실 거예요 여기 센터에서.
고객: 네 네. 오늘 안 이루요.
상담사: 네.
고객: 네 네 감사합니다 수고하세요.
상담사: 네 네 감사합니다.
고객: 네.
상담사: 네.","고객은 계약자 김영미이며, 신규 상담 관련 연락을 받기 위해 전화를 걸었다. 상담사가 고객의 연락처를 센터로 전달했으며, 센터에서 고객에게 연락이 가게 된다고 안내했다. 고객은 오늘 안에 전화 통화가 올지 확인했고, 상담사는 기다려 주시면 연락이 갈 것이라고 답변했다.","신계약 전화요청건 아직 연락없는데 여자분으로 전화요청
상담사 지정할수 없으며 해당센터로 전달한 상태로 좀더 기다려주시길 부탁드림","신계약
전화요청
아직연락없음
여자분
상담사지정불가
해당센터전달
기다림요청",가능,0.95,"신계약 전화요청 후 연락 없음, 여자분 요청, 상담사 지정 불가, 센터 전달 상태, 기다림 요청 등 모든 내용이 STT에서 확인됨.",가능,,E147381,2026-03-06T16:25:22.351819,,,,,가능,,,,,오답,,정보_누락,정보_누락: 고객이 여자 상담사를 요청했다는 핵심 정보가 generated에서 누락됨.,Y,,오답,,"{'label': '정보_누락', 'action': 'keep'}, {'label': 'STT_내용_추가(정상)', 'action': 'add', 'error_detail': '계약자 이름이 Generated에 추가됨', 'chunks': [1]}",E147381,2026-03-10T16:29:40.056670,,,,,,,,
310,"상담사: 반갑습니다. 좋은 셰르입니다.
고객: 아 예 지금
고객: 카드 납부를 하고 있는데요.
상담사: 아 그러세요 고객님? 네.
고객: 그
고객: 다른 카드로 좀 변경을 하고 싶은데 그 카드의 소유주가 제 와이프입니다.
상담사: 아 그러세요.
고객: 그래서 나중에 와이프한테 연락하셔도 되고요 예.
상담사: 아 그러세요 그러면 배우자님 연락처만 말씀해주시면 됩니다.
고객: 네.
고객: 예 010
상담사: 네.
고객: 6693
상담사: 6693이요?
고객: 예.
상담사: 네.
고객: 6319
상담사: 6319번이십니까? 고객님?
고객: 예 지금 예 그 번호 맞구요 지금 3개죠?
상담사: 네
고객: 그 자동 납부.
상담사: 우선은 확인해볼게요. 수원대 고객님 계약자 분이 맞으십니까?
고객: 예.
상담사: 네 핸드폰 번호 010 8649 뒷자리 어떻게 되십니까?
고객: 3621요.
상담사: 네 생년월일 앞자리가 어떻게 되십니까? 고객님.
고객: 네. 750906
상담사: 네 확인 감사드립니다. 네 고객님 앞으로 3, *******
고객: 네. 알겠습니다.
고객: 3건 다 옮기는 겁니다.
상담사: 알겠습니다. 3건 다 변경 요청해드릴 건데요. 고객님 네 고객님 실례지만 고객님 국적과 실제 거주하신 곳은 동일하게 한국이 맞으시죠?
고객: 네.
고객: 네.
상담사: 네 배우자님 성함은 어떻게 되세요?
고객: 오은희입니다.
상담사: 아 어머님 고객님이세요 알겠습니다 지금 연락을 드리면 통화는 되실까요?
고객: 네 감사합니다.
고객: 예 지금 일어나 있어요 예.
상담사: 알겠습니다. 바로 연락드려보도록 하겠습니다.
고객: 네.
상담사: 네 고맙습니다. 감사합니다.
고객: 네 감사합니다.
고객: 응.","고객은 계약자로, 2023년 10월 15일에 가입한 종신보험 계약을 보유하고 있으며, 자동 납부 카드를 와이프(오은희)의 카드로 변경 요청함. 와이프의 연락처는 010-6693-****이며, 고객의 핸드폰 번호는 010-8649-****, 생년월일은 1975년 09월 06일이며, 국적 및 거주지는 한국입니다. 고객은 3건의 자동 납부를 모두 변경 요청함.","3건 배우자카드로 변경요청
배우자 오은희 연락처 확인/ 아웃예정","3건
배우자카드 변경요청
배우자(오은희)
연락처 확인
아웃예정",가능,0.95,"3건 배우자카드 변경요청, 배우자 오은희 이름과 연락처 확인, 상담사가 바로 연락(아웃) 예정인 내용 모두 STT에서 확인됨.",가능,,E147381,2026-03-06T16:25:54.543919,,,,,가능,,,,,오답,,"정보_누락, 환각_오류",정보_누락: '아웃예정'(배우자에게 아웃콜 예정) 정보가 generated에서 누락됨.; 환각_오류: STT/정답지에 없는 '2023년 10월 15일 가입 종신보험'이 generated에 포함됨.,Y,,오답,,"{'label': '정보_누락', 'action': 'keep'}, {'label': '환각_오류', 'action': 'keep'}, {'label': 'STT_내용_추가(정상)', 'action': 'add', 'error_detail': '계약자 생년월일 정보 및 국적 정보가 Generated에 추가됨', 'chunks': [2]}",heeaekwon,2026-03-10T22:33:39.186152,,,,,,,,
311,"상담사: 반갑습니다 박근화입니다.
고객: 예 제가 에이아이에이에 그 뭐냐 상담 신청을 오래 걸려갖고 해놨는데 전화가 와서 못 받아서 전화했습니다.
상담사: 네 고객님
고객: 금방 튀어나와서 이내.
고객: 예 예.
상담사: 네 고객님 실례지만 성함이 어떻게 되세요?
고객: 이서영.
고객: 저한테 전화가 왔는데 제가 금방 못 받았네요 그래서 다시 전화했습니다.
상담사: 네.
상담사: 고객님 어떤 부분에 대한 문의로
고객: 아 제가 그 저 자동이체 해제하고 아니 뭐냐
상담사: 네.
상담사: 네
고객: 보험 그 뭐냐 해지하려고요.
상담사: 아 자동이체 해지하시려고요?
고객: 예 자동이체 해야될 뿐만 아니라 그 뭐냐.
상담사: 음
고객: 보험을 하나 해지할라고
고객: 네 네.
상담사: 어 음
고객: 신청은 해놨어요 자동이체 해제는 해놨고
상담사: 네
상담사: 아 자동이체는 신청을 해 이제 된 상태고요.
상담사: 지금 해지에 관련해서는 고객님께서 전화를 받지 못하셨다고 하셔서 너무 안타깝게도 고객님 저희가 해지 신청을 다시 해 드려야 돼요.
고객: 예 예.
고객: 아니 금방 전화와서 내가 지금 금방 전화 왔는데요 내가 못 받아갖고 내가 하는데
상담사: 네.
상담사: 에 네
상담사: 예 예 고객님 저희가 이게 사람이 하는 게 아니에요. 사람이 전화를 돌리는 게 아니라
고객: 예.
상담사: 이게 기계가 돌려줘요.
고객: 예.
상담사: 근데 기계가
고객: 뭐 사람이 전화 오던데
상담사: 예 예 그니까 사람이 전화가 오는데 이거 기계가 이제 무작위로 돌려주고 저희가 전화 이제 연결이 되면
고객: 예.
상담사: 전화를 받고 그다음에 만약에 고객님 이제 일정 이게 다이얼 횟수가 있을 거 아니에요.
상담사: 이 횟수를
상담사: 그니까 이제
상담사: 어 이 횟수 통과 고객님이 전화 예
고객: 아니 아침에 내 말 좀 들어보세요 아침에 전화 왔는데
상담사: 네.
상담사: 네.
고객: 나한테 전화 받더라 받으니까
상담사: 네. 예 예.
고객: 뭘 상담하니 뭐 인저 뭐
고객: 나는 또 뭐 거시기 한다고 또
고객: 전화 끊고 다음에 한다더만은 금방 전화할건데 내가 지금
고객: 응? 본 게 전화 왔을 때 이래 한 거예요.
상담사: 아
고객: 아침에 전화 왔는데 뭐 상담원이 또 뭐 많 뭐 많다고 해갖고 또 끊더라고요.
상담사: 아
상담사: 그 고객님 그래서 지금 제가 해지 신청을 다시 해드릴게요.
상담사: 네.
고객: 아따 복잡하요 이러고 다른데는 그냥 이렇게 해지 신청을 바로 해부더만은 뭐 또
상담사: 네.
고객: 신청을 허고 말고 해 그냥
상담사: 아니요.
고객: 확인해 갖고 그냥 다
상담사: 아 저희가 저희가 해지 신청을 이제 관리하는 부서가 별도로 있어 가지고 저희가 이게 고객님 해지 접수를 저희가 해드릴 수가 없거든요.
고객: 보내줘 보더만은
상담사: 그래서 고객님 불편을 드려서 죄송합니다 고객님 저희 이제 해지 관련해서 상담부서가 에서 지금 모든 상담원이 통화 중인 관계로 고객님 연락처를 다시 해지 부서에 전달해드릴게요.
고객: 무료 보내있죠.
상담사: 그다음에 고객님께 예.
고객: 빨리 전화 주라고 하세요. 오늘쯤으로 주라 하세요.
상담사: 네.
고객: 아니 금요일 날씨 새놨는데 뭐이
고객: 전화가 오도 가도 안 하더만 금요일날 오전에 신청했는디
상담사: 아 고객님
고객: 그런데
상담사: 그 그러면은 일단은 오늘은 조금 이제 해지
상담사: 그 상담 예약이 많아가지고 오늘 조금 어려우세요 고객님 그래서 내일 이후로 연락을 드릴 수 있도록 하겠습니다.
고객: 안께 전화도 에이아이에요 금방 통화 중이었는디 끊고 봉께 전화 앞길에 전화했다께요.
상담사: 네
고객: 알았어요.
상담사: 응 백두산에
고객: 엄마 성가시네.
상담사: 음 아","이서영 고객이 자동이체 해지 신청을 이미 했으나, 보험 해지 신청은 전화를 받지 못해 다시 신청이 필요하다는 점을 설명받았으며, 해지 관련 상담부서에 연락처를 전달하고 내일 이후에 연락을 드리겠다는 안내를 받았다.","해약부서에서 전화왔는데 못받았다고하심
해지부서가 별도 있어 다시 해당부서에서 내일이후 연락드릴수있게 요청해드림","해약부서 전화
전화 못받음
해지부서 별도
내일 이후 연락 요청",가능,0.9,"해약부서 전화 미수신, 해지부서 별도 존재, 내일 이후 해당부서에서 연락 예정 등 모든 내용이 STT에서 확인됨.",가능,,E147381,2026-03-06T16:26:25.733358,,,,,가능,,,,,오답,,,,N,"generated가 reference의 핵심 내용(전화 못받음, 해지부서 별도, 내일 이후 연락)을 정확히 반영함.",과답,,"{'label': 'STT_내용_추가(정상)', 'action': 'add', 'error_detail': '고객명이 Generated에 추가됨 ', 'chunks': [1]}",E147381,2026-03-10T16:38:07.534082,,,,,,,,
312,"고객: 여보세요?
상담사: 아 네 고객님 안녕하세요 AI의 혐의원입니다 고객님 되세요.
고객: 네.
고객: 네.
상담사: 아 서운대 고객님께서 연락 주셨거든요 카드 변경 요청하시더라고요 고객님.
고객: 네 맞아요 예.
상담사: 아 네 그래서 카드 변경 요청해드릴 거고요 저희 쪽에 3건이 있습니다 3건 다 변경해드리면 되실까요 문의
고객: 네 네.
상담사: 네 카드는 어디 카드실까요?
고객: 예 우리카드요.
상담사: 아 우리카드 그러면 제가 카드번호 입력하실 수 있도록 ARS 연결해드릴 거거든요 고객님께서 입력해주시면 됩니다.
고객: 네.
고객: 네.
상담사: 네 연결 한번 하도록 하겠습니다.
상담사: 네 고객님 카드 번호 입력해 주시겠고요 고객님 기존에 이체를 20일로 되는데 동일하게 20일로 요청을 해드려도 될까요?
고객: 네.
상담사: 알겠습니다. 이게 계약자님이 고객님이 아니다 보니까 고객님 주민등록번호가 필요하기 때문에 제가 ARS 연결해드릴 겁니다. 그러면 입력 한번 해주세요.
고객: 네
상담사: 네 연결 한번 하도록 하겠습니다.
상담사: 네 고객님 입력해 주셨고 고객님 실례지만 고객님 국적과 실제 거주하신 곳도 동일하게 한국이 맞으시죠?
고객: 네 맞아요.
상담사: 네 고객님 아 지금 신청을 하게 되면 8월까지 납입을 하셨기 때문에 9월분 보험료부터 이 변경되신 카드에서 20날 승인 처리가 될 건데 20날 일요일이기 때문에 22일 날짜에 승인 처리가 되는 걸로 확인되고 있고요 고객님.
고객: 네.
상담사: 네 1가지만 녹취 진행하겠습니다. 계약자 및 소음뜻잉계약 건에 대해서 보험료 납입 업무 관련으로 예금주 신분 확인을 위해서 회사가 개화 해석을 위해 카드명 카드 번호 계약자의 관계를 수집 이용하는 걸 동의하고 이 정보를 카드사 금융 결제원 등에 제공하면 동의하실까요 고객님?
고객: 네.
상담사: 네 동의하신 사항과 같은 목적으로 기아해 주민등록번호를 처리하는 것에 동의하십니까?
고객: 네.
상담사: 네 고객님 3건에 대한 보험료가 53760, *************
상담사: 5만 110원 이렇게 3건 으로 확인되고 있기 때문에 네 카드는 변경해 드렸어요. 고객님.
고객: 아예 완료된 거죠 예.
상담사: 네 완료되셨습니다.
고객: 네 감사합니다.
상담사: 네 고맙습니다 감사합니다 고객님
고객: 네.","고객은 계약자로서 카드 변경 요청을 하였으며, 우리카드로 3건의 보험료 납부 카드를 변경 요청하였다. 기존 이체일인 20일로 동일하게 유지 요청하였고, 9월 보험료부터 변경된 카드로 20일에 승인 처리될 예정이나, 20일이 일요일이므로 22일에 승인 처리될 것으로 확인되었다. 고객은 카드번호, 주민등록번호, 국적 및 거주지 정보를 제공하였으며, 보험료 납입 업무를 위한 정보 수집 및 제공에 동의하였다. 변경된 카드로 3건의 보험료 총액은 53,760원으로 확인되었고, 카드 변경이 완료되었다.","3건 배우자카드로 변경접수차 배우자에게 아웃
최종납월 8월로 9월부터 변경된 카드에서 20일에 승인예정이며 20일이 휴일이여서 22일에 승인예정임","3건
배우자카드 변경접수
배우자에게 아웃
최종납월 8월
9월부터 카드변경
20일 승인예정
20일 휴일
22일 승인예정",가능,0.95,"3건 배우자카드 변경접수, 최종납월 8월, 9월부터 변경카드 20일 승인, 20일 휴일(일요일)로 22일 승인 등 모든 세부 내용이 STT에서 정확히 확인됨.",가능,,E147381,2026-03-06T16:28:47.566300,,,,,가능,,,,,오답,,"정보_누락, STT_내용_추가(정상)","정보_누락: '배우자에게 아웃' 과정이 generated에 반영되지 않음.; STT_내용_추가(정상): 보험료 총액 53,760원, 녹취·동의 절차 등 STT에 있는 내용이 generated에 추가됨.",Y,,오답,,"{'label': '정보_누락', 'action': 'keep'}, {'label': 'STT_내용_추가(정상)', 'action': 'keep'}",E147381,2026-03-10T16:39:15.709881,,,,,,,,
316,"상담사: 반갑습니다. 박예은입니다.
고객: 네 수고하십니다 저
상담사: 네.
고객: 그 보험을 치료
고객: 들었는데 이거 해약하려고요.
상담사: 네 고객님 저희 간단한 본인 확인 후에 지금 고객님 계약 건이 청약 상태로 확인되세요 그러시기 때문에 이 지금 정산 계약으로 유지가 되고 있는 게 아니기 때문에 저희 쪽에선 청약 철회가 안 되시고 저희 이 관련 센터로 연락처 전달을 좀 도와드리겠습니다.
고객: 여기로 연락하면은 해약 된다고 그러던데요.
상담사: 어 이 지금 9월 1일에 가입하신 계약금 말씀하시는 거 아니세요?
고객: 예 예 예.
상담사: 네 지금 저희가 청약 상태로 되어 있으시면 저희 쪽 전산에선 업무 처리가 안 되세요.
상담사: 저희 이쪽 관
고객: 그러면 어떻게 해야 돼요?
상담사: 저희 본인 확인 후에 이쪽 센터로 연락처 전달해 드릴 거고요 센터에서 연락 가시면 이제
상담사: 청약 철회 처 취소 처리 가능하십니다.
고객: 네.
상담사: 네 지금 전화 주신 분 계약자 온수 님 본인 맞으시고요?
고객: 네.
상담사: 네 고객님 생년월일 말씀해주세요.
고객: 6 7 0 6 1 8
상담사: 네 핸드폰 번호가 01, ********
상담사: 네 핸드폰 번호가 0109432, ***************
고객: 9670이요.
상담사: 네 저희 이쪽 센터로 모집센터로 저희 연락처 전달해 드리겠습니다 전화 오시면 전화받으셔서 청약 취소 요청하시면 됩니다.
고객: 전화가 그쪽에서 저한테 와요?
상담사: 네 맞습니다. 제가 전달해드리면 전화드릴 거예요.
고객: 네 알겠습니다 감사합니다.
상담사: 네 감사합니다 네.","고객은 2023년 9월 1일에 가입한 보험 계약의 청약 상태를 확인하고, 청약 철회를 원하며 상담을 진행하였다. 계약자는 온수이며, 생년월일은 1967년 6월 18일, 핸드폰 번호는 010-9432-****이다. 현재 계약은 청약 상태로, 전산상 업무 처리가 불가능하여 청약 철회는 해당 센터에서 전화 연락 후 처리 가능하다. 상담사가 계약자의 연락처를 해당 센터로 전달할 예정이며, 센터에서 전화가 오면 고객이 청약 취소 요청을 하면 된다.","9.1일에 가입건 청약 상태로 확인되어 청약철회 어려움으로 관련 센터로 메모전달
모집센터에서 전화오면 청약취소하시면됨안내","9.1일
가입건
청약상태
청약철회 어려움
관련센터
메모전달
모집센터
전화
청약취소 안내",가능,0.95,"9월 1일 가입건이 청약 상태이며 청약철회 어려움, 모집센터로 연락처 전달, 전화오면 청약취소 요청 안내 등 모든 내용이 STT에서 명확히 확인됨",가능,,E147381,2026-03-06T16:31:33.393977,,,,,가능,,,,,과답,,STT_내용_추가(정상),"STT_내용_추가(정상): 계약자 온수, 생년월일 1967년 6월 18일, 핸드폰 번호 등 정답지에 없는 인적사항이 generated에 추가됨. STT 전사 정상.",Y,,과답,,"{'label': 'STT_내용_추가(정상)', 'action': 'keep'}",E147381,2026-03-10T16:40:12.871336,,,,,,,,
326,"고객: 밥 먹인 거 하나 얘기
상담사: 반갑습니다. 좋은 시간입니다.
고객: 아 예 안녕하세요 그 문의 좀 드릴려 전화 드렸는데요 어머니가 저기 대학
상담사: 네 군님 네.
상담사: 안녕하십니까?
상담사: 네.
고객: 입자가 되시는데 어머니 성함이
고객: 뉴 순자로 이렇게 계약자 이름이 되어 있었거든요 그런데 지금
상담사: 네.
고객: 그 관공서에는 유로 돼 있어요 리을이 이응으로 바뀌'어서 유로 돼 있어요 그래서 오전에
고객: 전화를 드려가지고 그 류를 류로 바꾸는 거를
고객: 예.
고객: 부상을 드리면서 바꿔 주셨는데
고객: 이제 남은 게
고객: 계좌번호의 그 계약
고객: 계좌번호의 그 뭐라 그래야 돼 통장에
고객: 에 그 이름이 류순자로 돼가지고
고객: 그 통장이 지금 가지고 있지 않아가지고 다른 통장을 등록을 할려고 그러니까 거기 이름이 안 맞는지도 등록이 또 안되네요.
상담사: 그러세요 우선은 그러면 계약자님을 연결해 주시면 제가 통화하고 고객님하고 통화 1번 하도록 하겠습니다 죄송합니다.
고객: 음
고객: 네 네.
고객: 네네.
상담사: 연결 한번 해주세요.
고객: 네.
고객: 아이 그거 좀
고객: 여보세요.
상담사: 유선자 고객님 계열자신 분이 맞으십니까?
고객: 네.
상담사: 네 핸드폰 번호 010 9551 어떻게 되십니까?
고객: 1810
상담사: 네 생년월일
고객: 186국
상담사: 앞자리가 어떻게 되세요?
고객: 그녀를 앞에 거든.
고객: 53년 3월 19일예.
상담사: 네 확인 감사드립니다.
상담사: 그러면 계좌 자동이체 계좌를 변경을 1번 해드릴 거거든요.
고객: 예.
고객: 예.
상담사: 네 등록하시려는 계좌는 어디 은행 계좌세요?
고객: 넝이네 다리눈.
상담사: 네 농협계좌 번호 말씀 1번 해주세요.
고객: 사무욕?
고객: 네 네
상담사: 네 3 5 6
고객: 엄마가 눈이 잘 안 보여가지고 3 5 6
상담사: 네
상담사: 네.
고객: 1299 1299
상담사: 네.
고객: 5 6 2 7
상담사: 네
고객: 네 감사합니다. 좋은 하루 되세요.
고객: 73요.
상담사: 73
상담사: 네 어머님 한번 연결해주세요.
고객: 네.
고객: 네.
고객: 좀 더
고객: 여보세요?
상담사: 네 고객님 계좌번호 3 5 6 1 2 9 9 5 6 2 7
고객: 여보세요?
상담사: 73으로 확인되고 있고 고객님 성함으로 확인되고 있기 때문에 출금 등에 한번 해주셔야 되는 거라 ARS 연결해드리면 동의 1번 1번만 입력해주시겠습니까? 고객님.
고객: 네 잠깐만.
고객: 예.
고객: 1번예?
상담사: 네.
상담사: 연결해 드리면 1번 눌러주시면 돼요 연결 1번 하도록 하겠습니다.
고객: 네 감사합니다.
상담사: 유승자.
상담사: 고객님께서는 AI의 생명으로 요청하신 업무처리를 위하여
상담사: 유승자.
상담사: 미니
상담사: 단위농협
상담사: 은행 계좌?
상담사: 산 우
상담사: 6 1
상담사: 이 구
상담사: 구
상담사: 오 유
상담사: 27
상담사: 칠
상담사: 산
상담사: 로부터 이체 출금을 신청하셨습니다.
상담사: 동의하시면 1번 취소하시거나 1번을 누르고 동의하여 주셨습니다 네 군님 출근하게 되셨습니다 이틀 일은 10 15 20 25까지 있는데 며칠 날짜로 해드릴까요?
고객: 아무 때나 해주세요. 5일 날은
상담사: 네.
상담사: 아 오일은 없어요 기존에 20일로 되어 있기 때문에 동일한 일시불로 해드려도 될까요?
고객: 아 네 예 예.
상담사: 네 그러면 고객님.
고객: 예 예?
상담사: 8월까지 납입을 하셨기 때문에
상담사: 아 잠시만요.
고객: 네.
상담사: 아 이거 보험료 납입하실 필요 없는데 완납하셨어요.
고객: 그죠 완납을 했는데
상담사: 응.
고객: 저희가 보험금 신청을 하려고 그러니까 계좌가 필요하더라고요.
상담사: 네 맞아요.
고객: 그 계좌를 등록하고 싶어서 연락을 드린 겁니다.
상담사: 어 계좌 등록하실 필요 없는데 그냥 고객님
상담사: 그 보험금 에이비에스 하실 때 계좌번호 입력하시고 체크하시면 되는데 아 네.
고객: 그러니까 그 거기에.
고객: 이름이 류로 돼 있어가지고 안 되더라구요.
상담사: 언제 하셨어요? 문의.
고객: 지금 조금 전에
상담사: 아 방금 전에요?
고객: 네.
상담사: 그러세요 그러면 제가 핸드폰 유선 접수해 드릴 거예요. 그다음에 카카오톡으로 서류 등록하기란 링크 가면 그거 클릭하시고 서류 등록만 하시면 되거든요 개인 정보에 대해서 동의하신 다음에 괜찮으실까요?
고객: 네네.
고객: 음
고객: 네.
고객: 네 네 네.
상담사: 알겠습니다 그러면 제가 잠시만 기다려 주겠습니까 고객님.
상담사: 어떤 사유로 보험금 청구 사유가 발생을 하셨어요 아버님.
고객: 수술요.
상담사: 아 수술하셨어요 어떤 수술하셨습니까?
고객: 대장 용종 절제
상담사: 아 대장정종 결재수라 하셨어요?
상담사: 그러면 알겠습니다 어머님 한번 연결해주세요.
고객: 네.
고객: 네 감사합니다.
고객: 환급.
고객: 어.
고객: 여보세요.
상담사: 네 대장영농 절제술을 하셨다라고 하셨기 때문에 고객님 제가
고객: 아 네. 감사합니다.
상담사: 그 보험금 청구 접수 유선 접수해 드릴 거기 때문에 실례지만 고객님 국적과 실제 거주하신 곳은 동일하게 한국인 맞으실까요?
고객: 예.
고객: 맞아요.
고객: 예?
상담사: 실례지만 고객님 국적과 실제 거주하신 곳은 동일하게 한국이 맞으세요?
고객: 네. 1번만 봐주세요.
고객: 예 아
상담사: 네 그러고 보니 혹시
상담사: 혹시라도
상담사: 잠시만요.
상담사: 의료 수급권자는 아니시죠?
고객: 예.
상담사: 보험금 지급이 되시면 지급 사유에 대해서 저희가 문자 남겨 드릴 건데 괜찮으실까요?
고객: 예예.
상담사: 네 그러고 보험금 청구가 되시면 저희가 안내해 드리고 있는데 문자 우편 전화 어느 쪽이 편하세요?
고객: 예.
고객: 저 사람 저 사람 없어.
고객: 우편으로 해 주세요.
상담사: 우편으로요 장애인으로 등록되어 있진 않으시죠?
고객: 그래요 네.
고객: 예.
상담사: 네 고객님 계좌번호 방금 전에 말씀하신 계좌로 요청해드리면 되시죠 고객님?
고객: 예 예.
상담사: 네 등록해 드렸거든요.
상담사: 제가 핸드폰 유선 접수해드렸기 때문에 그다음에 바로 카카오톡으로 서류 등록하기라는 링크 가실 거예요.
고객: 예
고객: 네.
고객: 예.
상담사: 개인정보 이제
상담사: 네 저 동의하신 다음에 그 병원에서 발급받으신 서류 첨부해 주시면 지급 여부 지급 금액 서류 심사해서 결정되실 겁니다.
고객: 네.
고객: 네.
고객: 예 예.
상담사: 네 문자로 확인하시면 돼요 카카오톡 확인하시면 됩니다 접수는 다 해드렸어요.
고객: 예.
고객: 예.
상담사: 네 고맙습니다. 감사합니다.
고객: 네.
고객: 아 우리 팔?","고객은 어머니(계약자)의 이름이 계약서상에는 '류순자'로 되어 있으나, 관공서에서는 '유로'로 표기되어 있어 계좌 등록 시 이름 불일치로 인해 등록이 불가능한 상황임을 설명함. 계좌번호는 농협 356129956****로, 어머니의 통장이 없어 다른 통장을 등록하려는 중임. 보험금 청구를 위해 계좌 등록이 필요하다고 언급하며, 계좌번호와 성함을 확인 후 보험금 청구 접수를 위해 유선 접수를 진행함. 보험금 청구 사유는 대장 용종 절제 수술이며, 카카오톡을 통해 서류 등록 링크를 제공받아 서류 제출 예정임.","보험금 신청시 두음법칙으로 계좌 등록안되서 문의
보험금 유선접수 녹취완료
카카오톡으로 서류 등록하기란 링크가면 클릭, 개인정보 동의후 서류 등록만 하시면 됨 
지급여부, 지급금액 서류심사에서 결정됨","보험금 신청
두음법칙
계좌 등록 안됨
문의
보험금 유선접수
녹취 완료
카카오톡 서류등록 링크 클릭
개인정보 동의
서류 등록
지급 여부
지급 금액
서류심사 결정",가능,0.95,모든 요약 내용이 STT에서 명확히 확인됨. 두음법칙은 용어 대신 상황 설명으로 확인 가능,가능,,E147381,2026-03-06T16:38:42.228344,,,,,가능,,,,,과답,,"정보_누락, STT_내용_추가(정상)","정보_누락: '지급여부, 지급금액 서류심사에서 결정됨' 내용이 generated에서 누락됨.; STT_내용_추가(정상): 보험금 청구 사유(대장 용종 절제 수술), 농협 계좌번호 등 STT에 있는 내용이 generated에 추가됨.",Y,,오답,,"{'label': '정보_누락', 'action': 'keep'}, {'label': 'STT_내용_추가(정상)', 'action': 'modify', 'error_detail': '계약자 이름, 보험금 청구 사유(대장 용종 절제 수술), 농협 계좌번호 등 STT에 있는 내용이 generated에 추가됨.', 'chunks': [1]}",E147381,2026-03-10T16:49:40.502965,,,,,,,,
328,"상담사: 반갑습니다 박혜은 입니다.
고객: 예.
고객: 저거 저기
상담사: 네.
고객: 예 그 암
고객: 아 보험
고객: 그 보장할 때요 보장 금액이 저기 뭐
상담사: 네.
고객: 대장암이나 유방암이나
고객: 이런 거는
고객: 얼마 정도 나오는 거예요?
상담사: 네 저희 간단한 본인 확인 먼저 도와드리겠습니다. 지금 전화 주신 분 계약자 허 명 옥 님 본인 맞으시고요?
고객: 네
상담사: 네 고객님 생년월일은 어떻게 되세요?
고객: 66123이요.
상담사: 네 핸드폰 번호가 010, ********************
고객: 3407
상담사: 네 저희 지금 일반 암 진단 급여금은 3천만 원으로 되어 있으시고요.
고객: 네
고객: 네.
상담사: 네.
고객: 그럼 대장암이랑 유방암도 3000만 원인 거예요?
상담사: 잠시만요.
상담사: 네 이제 일반 암으로 들어가시네요.
고객: 네.
고객: 알겠습니다.
상담사: 네 감사합니다.","계약자 허 명 옥 님은 본인 확인을 완료했으며, 일반 암 진단 급여금은 3천만 원으로 되어 있다. 대장암이나 유방암도 일반 암으로 분류되어 3천만 원의 보장이 적용된다.","암보험 보장금액문의
대장암, 유방암 일반암으로 일반암 진단금은 3천만원임","암보험
보장금액문의
대장암
유방암
일반암
진단금
3천만원",가능,0.95,모든 요약 내용이 STT에서 명확히 확인됨. 대장암/유방암이 일반암 분류이며 진단금 3천만원 정보 모두 일치,가능,,E147381,2026-03-06T16:39:25.375930,,,,,가능,,,,,정답,,STT_내용_추가(정상),"STT_내용_추가(정상): 계약자 허명옥, 생년월일 등 인적사항이 정답지에 없으나 STT에 있으며 generated에 추가됨. STT 전사 정상.",Y,,과답,,"{'label': 'STT_내용_추가(정상)', 'action': 'keep'}",E147381,2026-03-10T16:50:12.234288,,,,,,,,
332,"고객: 여보세요.
상담사: 예 고객님 에이아이 센터입니다. 이곳 소영 고객님 맞으실까요?
고객: 3일 네.
고객: 네 네네.
상담사: 지금 통화는 인제 괜찮으실까요?
고객: 네 네
상담사: 아 예 고객님 그 특약삭제 그때 요청하셔가지고 전화드린 거고요 고객님.
고객: 예.
고객: 네.
고객: 네.
상담사: 어 죄송하지만 그 생년월일 앞자리 다시 1번 여쭙겠습니다.
고객: 아니 근데 내가 좀 생각을 조금 지금 내용을 인지할 점을 알겠는데요.
상담사: 응
상담사: 응.
상담사: 음 네 네 네 네 네.
고객: 그거 잘 아시죠?
상담사: 아 그죠 거겠네 저랑 그때 통화 이렇게 여러 번
고객: 근데
상담사: 예
고객: 경우에 내가 어떻게 하는 것을
상담사: 네 에
고객: 어 나
상담사: 근데 고객님 그니까 제가 보니까 이거는 다른 것 없이 그 티가 지금 이제 주계약은 어차피 사망 그 구조제 장애 보장해드리는 거고 연금 개시 전에 어 혹시나 그럴 일 없으시겠지만 뭐
상담사: 재해로 인해서 장애 됐을 때 이제 보장해드리는 거고 그 지금 고객님 그 삭제하시려고 하는 거는 이제 연금.
상담사: 특약을 삭제하시는 거거든요 고객님.
상담사: 연금 필요하
고객: 연극 해석장.
상담사: 연금을 고게 피랍금을 삭제하는 거잖아요.고객님
고객: 동사나
고객: 아이 그냥 투자하기라고 해서 너무 몰르고 그냥 아직 죄인이니까 다 믿고 뭐 제대로
상담사: 에.
상담사: 응.
상담사: 예.
상담사: 감사합니다.
상담사: 그죠.그죠.
고객: 설명도 안 해주셔도 뭐 알아서 해주시겠지 하고 했는데 나중에 뭐 여기 저기 알아보니깐
상담사: 예.
고객: 그런 수법이 너무 많이
상담사: 음
고객: 있다 그러대 그전에 연금 뭐 그걸 사람들이 모르고 그렇게 다 특약으로 들고서
상담사: 네.
상담사: 네 네 네 네.
상담사: 음
고객: 근데 이분도 거기에 대해서 설명은 하나도 안 해 주고 내가 사망했을 경우에 딸한테
상담사: 그죠.
상담사: 예.
상담사: 음 네.
고객: 그거 그냥
고객: 저기 뭐 특별히 나온다는 식으로 이렇게 얘기하셨거든요 그러니까 나도 그거 뭐 그냥 가볍게 생각했는데 근데 내 계약서는
상담사: 음
상담사: 네.
고객: 계약서도 없거든요 내가 지금.
상담사: 계약서라니까 그 뭐 보장 그 증권이 없다는 말씀이신 거죠 고객님 그
고객: 부모님하고
고객: 근데 그 내용을 알려면 나는 인제 우리 딸 나 3이 다 했었거든요 사위랑 근데 우리 사위가 어디서 나는 저기
상담사: 계약하셨
상담사: 응.
상담사: 예 예 예 예.
상담사: 음
고객: 거기서 보니까 50 50으로 이렇게 나눠져 있더라고요.
상담사: 예 예 예 예 예 예.
고객: 거기
고객: 그
고객: 아 진짜 너무 어이가 없어서 지금
고객: 아니 그래 그렇다면 이게 보장성으로 빠지는 지금 오늘은 마이너스 800이에요 지금 오늘 저기 특약 해지
상담사: 응
고객: 아니 전체 해지하면?
상담사: 전체 해지하시게면요? 고객님?
고객: 네.
상담사: 지금 저 전체 자식이 되면 어제 종가를 했을 때 지금 4156만 9097원이세요 고객님.
고객: 그니까 거의
상담사: 응
고객: 800만 원 손핸 거죠?
상담사: 아 지금 납입하신 보험료에 비해서 말씀이신거죠.
고객: 네 네 4년 날이
상담사: 잠시만요.
고객: 얼마 날라 그랬지 아이 그거 다 봤는데 아까.
고객: 아이고 진짜 말이 안 되는데
상담사: 그러니까
고객: 그렇다고 막 그 사람한테 따질 수도 없고
상담사: 그죠 고객님 지금 납입하신 보험료는
고객: 네.
상담사: 잠시만요. 이게 4800만 원 했다가
상담사: 중간에 고객님께 또 추가납입을 하셨더라고요 고객님.
고객: 포괄하게 그랬어 아 그거는 무슨 뭐
상담사: 응
고객: 매일 달리기하면 뭐 추가된다고 그래서 그런 거 아니에요?
상담사: 음 그러니깐요 그러신 것 같아요 고객님 보니까
고객: 네.
고객: 내가 돈 낸 건 아니고 응.
상담사: 네 아닙니다.
상담사: 네 13
상담사: 그러니까 요거는 지금 납입하신 거는 4850만 원 59만 원 정도 납입하셨죠?
상담사: 고객님 그러면 그래도 한 700 700 정도 되시네요. 고객님 손
고객: 네.
고객: 코로나 바이러스요?
상담사: 네.
고객: 근데 나가 보니까 음 네
상담사: 음 네 네 네 네.
상담사: 말씀하셔요.
고객: 본인 피씨로 음
고객: 말씀하세요.
상담사: 만약에 고객님 아까 특약 부분을 삭제하신다고 말씀 만약에 삭제를 하시잖아요 이렇게 연금 특약 들어가 있는 거를 삭제를 하시게 되면 뭐 아시다시피 이제 월 보험료는 50만 원으로 줄어들 거고요.
고객: 네 네.
고객: 네 네.
상담사: 어 특약을 지었을 때에 대한 그에 대한 해상급금 반제금이라고 하는데 그 금액이 인제 중간에 나와요 고객님 특약을
고객: 그것도 현실금에 나와요.
상담사: 예 거기 있는 그 부분에 대한 해장금금이 발생이 되는데
고객: 네.
상담사: 이게 지금 아까 조회를 해봤더니
상담사: 잠시만요 OECD37.
고객: 아
상담사: 알겠습니다.
상담사: 이거를 지우게 되면.
상담사: 아 네. 감사합니다.
상담사: 예.
상담사: 오늘 날짜로 회 당극금이 792만6939원 이거를 환급해드리고
상담사: 월 보험료는 이번 달부터 50만 원으로 줄어드는 거예요.
상담사: 고객님.
고객: 아 환급해준다구요?
고객: 더 내야 되는 게 아니라
상담사: 아니 아니 보통 해야 되는게 아주 왜냐하면 특약을 주기는 없애는 거니까 이걸 없앴으되 없 그 지웠을 때에 대한 해장금이 발생이 돼요.
고객: 예.
상담사: 근데 이제 그 해당 그
고객: 90 몇 만 원 발상
고객: 뭐예요 그러면?
상담사: 예 700만 원을 저희한테 제가 저희가 이제 고객님께 송금을 해드리고 다시 인자 이번 달부터는 50만 원으로 하면서
상담사: 어
상담사: 해당금이 변동이 되면서 유지가 되시는 거죠 고객님 그리고 중간에 이제 790만 원 받았으니까 아무래도 이제 해당금은 줄어들죠 고객님 왜냐하면 먼저 받아 해지를 해서 받으셨기 때문에 고객님.
상담사: 그렇게 되면서 다시 진 계약이 되시는 거예요 유지가 되시는 거예요.
고객: 아니 그니까 난 이해가 안 되네 해지환급금이라는 거 내가 지금 특약을 해지하면 해지환급금이 얼마 나오는 거예요?
상담사: 음.
고객: 그것만?
상담사: 792만 6939원 고객님 이거를 환급을 해드려요.
고객: 아 이게 전체 전체에서 그렇죠 아까 마이너스 700이라는 거에서 792만 원이 된다는 거죠?
상담사: 예.
상담사: 그렇죠 그렇죠 그러니까.
고객: 그러니까 전체적으로
상담사: 그죠 이제 전체적으로 회계했을 때 4157만 원인데
상담사: 어 이거는 이제 고객님 전체 해지했을 때고 그러니까 부군 특약 삭제를 해지했을 때는
상담사: 그 일부만 지급처리가 되니까 792만6939원 이거를 지급을 해드리는 거죠 고객님.
고객: 아이 나 무슨말로 그걸 왜 나
고객: 일부만 했으면 아 그러면 792만 원을 나한테 주고 나중에 다시 또 700만 원
상담사: 응.
고객: 가져가신다고요?
상담사: 아니요 아니요 그냥 가져가려 해 놓고 고객님 그게 아니구요.그러니까 고객님 보험을 해지를 하면
고객: 네.
고객: 네.
상담사: 연회장급금을 드리는 거잖아요.고객님
상담사: 그런데
고객: 해지
고객: 첫 환급금이라는 거는
고객: 어 특약에 대해서 지금 해지 환급금 말씀하시는 거잖아요.
상담사: 그렇죠 그렇죠 그러니까 고객님이 지금 저랑 그때 통화하실 때 지난주 목요일 통화했을 때 어 이거 특약을 해지를 하고 싶다고 하셨잖아요 고객님.
고객: 네 네.
상담사: 그까 그걸 해지를 했을 때 오늘 날짜로 792, ***************************
상담사: 고객님.
고객: 그러면 내가 이걸 일단 받고
상담사: 응
고객: 그다음에
상담사: 받고 이제 월 보험료는 50만 원으로 줄어들고요 이제 50만 원만 내시는 거예요 고객님.
고객: 그다음에는 똑같이
고객: 네네네.
고객: 네.
고객: 50만 원 그냥은 연금 저기 저 변액 저축으로 해서
상담사: 음 네.
고객: 1년 더 굽고 그다음에 5년
고객: 이제
고객: 거쳐야 한다는 거죠.
상담사: 그렇죠. 그렇죠. 어르신.
고객: 그런데 지금 일시적 저기 다 해지하는 경우에는
고객: 마이너스 700만 원
상담사: 그니까 마이너스는 그거는 고객님 어차피 마이너스니까 그 700내기는 빼 놓고요 그냥 해지 환급금 4156만9000원 요렇게 이제 아셔야 돼요 고객님 왜냐하면 그렇게 또 700만원 하면 복잡하니까 그냥 해지 환급금 4156만9997원이고 자 손실은 아까 말씀 손실은 이제 700만원 정도 되시죠 고객님 납입하시죠 보험료에 비해서는 고객님.
상담사: 이제 그렇게 알고 계시면 될 거 같애요.
고객: 그러니까
고객: 안 되는데요 근데 내가 이게 번도
고객: 운영율이 보니까 삼십몇 프로나 되던데
고객: 맞나요?
고객: 그 지금
상담사: 어떻게요 고객님?
고객: 엘리트 자산 분배 배분 적극성이라 그거를 들고 계속 들고 있는 거잖아요.
상담사: 예.
상담사: 그죠 그죠 고객님?
고객: 그게 보니까 뭐 30 몇 프로나 되더라고요.
상담사: 예.
상담사: 예 수익률이 지금 예 예 맞아요. 고객님.
고객: 이제까지?
고객: 그렇게 됐으면 내가 이걸 전체 다 했으면 수익률이 그만큼 높은 건데 지금 이 특약 때문에
상담사: 네.
상담사: 네
고객: 보장성으로 그러면 빠지는 금액이 얼마나 빠지는 거예요?
상담사: 금액이요 금액이?
고객: 그동안? 예.
고객: 그동안 이게 금액으로 빠져버리는 거예요 나중에
상담사: 금액이 고객님 까 주계약이 50만 원이구요 특약 부분이 보험료가 40, ******
상담사: 잠시 42만 원 돈이었어 42만 0 217원 고객님 요거였어요.
고객: 네.
고객: 그럼 거기서 인제 보장성이래서 계속 그게 마이너스 된 거예요?
상담사: 어 이것 때문 아 그래서 뭐
고객: 무슨 계명이
상담사: 특약 부분은 어차피 근데 이 상품은 특약이 일반 보장성은 아니고 다음에 고객님 연금으로
고객: 네.
상담사: 그 연금 게시의 본 기간은 이제 피보험자 자녀분이잖아요 고객님 자녀분이 나중에 고객님이 그 연금으로 받을 수 있는 상품인 거예요 고객님.
고객: 네네.
고객: 연금으로 놔두
상담사: 네 지금 이제
상담사: 예 근데 고객님 지금 영 이거 자녀분 건지도 몰랐고 자녀분이 연금 이게 좀 예 싫어서 지금 해지를 하시는 특약 부분을 삭제를 하시는 거잖아요 고객님 그러니까 이거는 빼셔도 되고 고객님 아니시면 유지하셔도 되고 그런데 고객님 어차피 이거는 아시겠지만 연금은 이제 수익 자녀분이라서
고객: 응
고객: 네.
상담사: 자녀분 고객님 나이 그 나이가 돼야지만 연금으로 받을 수 있는 거구요.
고객: 네.
고객: 그게 유품돼야 된다며요 걔가
상담사: 그니까 그전에 고객님 회사셔도 상관은 없어 고객님 그니까 꼭 이거를 연금 연금이라고 해서 이걸 자녀 뭐 그때까지 가져가야 된다는 게 부담감은
고객: 아니 나는 그 사망보험금은 전혀 관심도 없고요 그거는 특약이라고 뭐 우리를 위해서 뭘 껴준 것처럼
상담사: 예 예.
고객: 뭐 보너스처럼 그분이 그렇게 얘기했거든요.
상담사: 그러니까 고객님 그때 이제 가입하셨을 때는 이제 모르겠어 고객님 그렇게 가입이 우선 되셨던 거니까 그러니까 고객님 생각대로 고객님 편하실 때 가서 이거 특약 부분을 삭제하셔도 되고
고객: 이거와는 상관
상담사: 아니시면 고객님 이렇게 계속 가져가시면서 어차피 고객님 지금 이제 마이 어 뭐 그렇다고 해서 지금 뭐 플러스된 건 아니잖아요 환급율이 이제 80
고객: 네.
고객: 네.
상담사: 잠시만요 80
상담사: 잠 잠시만요.
상담사: 아직 원금 손실이 발생되시
상담사: 됐기 때문에 이거는 고객님 조금 더 놔둬 보셔도 되고 그리고 이제 특약은 언제든지 빼실 수가 있어.고객님 오늘 아니더라도 고객님.
고객: 그러니까
상담사: 예.
고객: 예 아니 근데 빨리 빨리 빼야지 계속 내가 뭐 고걸 놓고 있을 이유가 없죠.
상담사: 그죠 근데 요거는 예 고객님 생각을 하셔가지고 진행을 하시면 돼요 고객님이 선택하시는
상담사: 아 고객님.
고객: 그니까 펀드 운영률이 나중에 5년 동안 어떻게 뭐 어떻게 될지도 모르고
상담사: 네.
고객: 지금 뭐 어둡어나고 이러니까 차라리 그냥 다 해지해버리는 게 그 돈으로 다른 거 투자하는 게 낫겠다 싶은 생각이 들고 그래서
상담사: 응
상담사: 그런데 지금은 마이너스니까 예
고객: 거기서는
고객: 아우.
고객: 진짜 근데 나만 이렇게 들었으면 몰르는데 3명이 지금 300만 원 있고 100만 원 100만 원 다
고객: 그렇게 들었거든요.
상담사: 근데 다른 분들은 거기 가족 분들은 고객님 뭐라고 하세요.
고객: 그럼 손해가 있었을
고객: 아 다 해지하겠대죠 젊은 애들은 화나가지고 지금 말도
상담사: 음 젊은 애들은 음 그 자녀분들은
고객: 아 나도 그렇죠 지금.
고객: 에에 아니 이건 완전 사기지 이거는 진짜 내가 저축 개념으로 들었는데 갑자기 뭐 50 프로 50, ********************
상담사: 음
상담사: 네
상담사: 음
고객: 담당자 없어서 내가 몇 얼마 전부터 계속 담당자를 요구했는데 뭐 담당자도 계속 바뀌고 연락도 없고
상담사: 예
상담사: 예 예 예.
상담사: 네 예
고객: 그래서 나도 또 이 뭐 그러다 그냥 아유 모르겠다고 잊어버렸는데 저번에 갑자기 그 무슨 시너지 그 시점인가 그분이
고객: 어떻게 알고 전화를 하셔 가지고 우리 딸한테
상담사: 네 네 네 네 네.
고객: 그분이 이런 얘기를 해줘서 알게 된 거 이 내용도 몰랐으면 우리를 그냥 10년 가져갔겠지.
상담사: 음
고객: 근데 그분이 이건 말도 안 되는 거 이렇게 해 놨다고
상담사: 네.
상담사: 네
고객: 그렇게 얘기해서 알게 된 거예요.
상담사: 근데 고객님이 그 제가
상담사: 이 담당하시는 설계사님 공택시설 설계사님이라고 있는데
고객: 아니에요 그 사람은 뭐 연락도 없고 다 지나가 버렸고 없어요 지금 없다고
상담사: 그저
상담사: 음 그럼 환불은 어떻게 해야 되나요?
상담사: 예.
고객: 저번에 2달 전인가 나한테 무슨 뭐 가까운 지점으로 그러면 뭐 빨리 알아보고 연락해 주시겠다고 그러더니 몇 달 동안 소식도 없어서 나도 이제 잊어버렸지도
고객: 생각날 때마다 1번씩 이렇게 보다가 그러다가
상담사: 음.
고객: 내용을 자세한 내용을 알고 싶어서 도대체 어떻게 계약이 된 건가
상담사: 음
상담사: 아 그러세요.
고객: 그랬는데 이분은 어떻게 알고 우리 딸한테 연락을 하셨더라고요.
상담사: 음.
고객: 그래서 알게 된 거야 이 내용도 그동안은 뭐 그냥 우린 저축 보험 잘 나가고 있나 보다 그렇게 알고 있었죠.
상담사: 음
상담사: 음.
상담사: 근데 이거는
고객: 어 네.
상담사: 그죠 연금보험이세요 연금보험 고객님.
상담사: 뭐 저축성하고는 조금 다른 거라서 예예예
고객: 그니까 저는
고객: 그니까 말도 안 되게 해 놓은 거 아니에요. 보호자가
상담사: 아니시면 고객님 그  떼각 부분만 그 떼셔도 돼요 떼 빼시고 에 조금 더 지켜보셨다가 우선 뭐 아까 말씀드린 것처럼 틀 삭제하게 되면 해장국금 일부 그 790만 원 나오니까 이거 받으시고
고객: 뭐 이런 경우에
고객: 네.
상담사: 조금 더 지켜보시는 것도 괜찮죠 고객님.
고객: 그런 걸 권하시는 거죠 지금?
상담사: 네.
고객: 그럼 내가 네
상담사: 그죠 이제 만약 그렇게 하셨다고 하는데 대신에 그건 아셔야 돼요 한번 빼 버리면 고객님 이거는 다시 드실 순 없어 고객님.
고객: 네.
상담사: 그건 이제 아셔야죠.
고객: 특약이요?
상담사: 예 예 고객님 긍까
고객: 아이 주작은 난 전혀 필요 없죠 내가 지금 무슨 뭐 70살인데 뭐 그 뭐 5000 몇 100만 원 받아봤자고 죽어가지고 어쩌겠다고 그거
상담사: 알
상담사: 예.
상담사: 음.
고객: 그냥 이거
고객: 오후에
상담사: 네.
고객: 그냥 용돈으로 쓸라고
상담사: 노 자금을 쓰시려고 그러죠. 다들 그러시죠.
고객: 아니 애들도 그렇고 그냥 여유권 넣어서 좀 뿔릴라고 한 거지 무슨 일을 하면 종신보험 좋지 뭐 이런 걸 왜 들리겠어 내가
상담사: 응
상담사: 음
상담사: 그러니깐요 처음에 그죠 안내를 받으셨으니 그러니깐요 가입하셨을 때 음 어떻게 가입을
고객: 그렇죠?
고객: 예.
고객: 그런 분들이 많을 거 아니에요.
상담사: 음
고객: 연예 경험 나 보니까 유튜브랑 찾아보니까 고런 사례가 엄청 많은가 보던데
상담사: 네.
상담사: 음.
상담사: 네 이거는 고객님
고객: 그럼 거기서
상담사: 아시겠지만 전화로 가입하셨
상담사: 했던 게 아니잖아요 그 직접 만나서 가입하셨던 대면 기업 분이다 보니까
고객: 네.
고객: 네.
고객: 네.
상담사: 그 계약하실 때도 고객님 뭐 계약서라든지 이런 보장 부분에 대해서 아마 서류를 다 이렇게 보여드리고 하셨을 건데 고객님.
고객: 그랬죠 그랬는데 이런 설명은 전혀 안 해 줬거든요 그냥 뭐 투자하고로 들어가면 우리한테 도움 이렇게 해 드린다는 식으로
상담사: 음
상담사: 음
상담사: 음
상담사: 응
상담사: 음
상담사: 그러셨구나.
고객: 특약이라니까 우리는 뭐 특약이라니까 특별히 뭐 우리 위해서 해주는 건가보다 그랬지 너무 우리가 잘 모르니까 그냥 믿고 다 하니까
상담사: 그죠 그죠
상담사: 그죠.
상담사: 그죠. 그죠.
상담사: 그죠 그죠 사실은 고객님 놀라였습니다 저희도 고객님 이렇게 이쪽 일을 하다 보니까 이제 아는 거지 솔직히
고객: 그렇죠.
상담사: 저희도 안 하면 솔직히 이런 부분 전혀 몰라요 고객님.
고객: 모르죠. 예.
상담사: 음 전혀 모르죠.
상담사: 정말 자세히 보지 않는 한은 알 수가 없어요 거기는 그냥 그런갑다 하고 그렇게 말씀하는 것만 이렇게 듣게 되고 믿게 되고 하는 거니까.
고객: 아우
고객: 소망 제한이 생길 수 있기 때문에 소망 제한을 최소화하는 방식으로 친분을 취할 수 있는 방식으로 친분을 취할 수 있는 방식으로 정리해 나가는 게 더 좋을 것 같다는 생각이 드네요.
고객: 뭐 서류도 엄청 많죠 뭐 서류가 이렇게 두꺼운 걸 그걸 우리가 뭐 뭘
상담사: 네.
상담사: 맞아요.
고객: 그래서 나는 그걸 좀 정확히 집어 볼라고 이번에 이렇게 저 담당자를 계속하던데 그다음에
상담사: 음.
상담사: 응.
고객: 아 나 가입하고 나서 1달도 안되서 퇴사하시더라고요.
상담사: 아아
고객: 그건 나도 좀 기분이 안 좋아서 그런데 뭐 친한 분이니까
상담사: 예.
고객: 뭐 담당 저기 다른 사람 인계했다 그러고 할 수 있는데 다른 사람 전화해보면 그 사람은 뭐 다 잘 돼 있어요 잘하고 그 사람들은 당연히 그렇게 얘기하겠지 자기네끼리 다 아는 거니까
상담사: 그죠 그죠 그죠
고객: 그러니까 잘되고 있습니다 걱정 마세요 이러고 계속 이거는 바뀌는데 연락도 없고
상담사: 네.
고객: 이미 한번 끝난 거니까 이 사람들이 뭐 이걸 해 가지고
상담사: 음
고객: 자기네가 뭐 이득 볼 게 없으니까 계속
고객: 나쁜 것 같구나 근데 저번에 그분은 자기가 이걸 이제
상담사: 그죠.
상담사: 예.
상담사: 아
고객: 정리해 가지고 자기가 주식으로 돈 벌어 주겠다는 식으로 얘기하니까
상담사: 음 근데 그것도 고객님 잘 보고 하셔야 돼요. 그 고객님도 뭐 아
고객: 아 저
고객: 아우 안 하지 그거야말로 더 사기꾼같지 그 사람은. 말이 안 되지요.
상담사: 네.
상담사: 그죠.
고객: 어
고객: 그래 내가 정말 지금 믿을 사람이 없구나 뭐 그러고 있는 거예요 옛날에는 안 그랬거든요 이거 보험사들이 다 가족처럼 잘해주고 이랬는데 암만 가까운
상담사: 응.
상담사: 그러니까 요새는 워낙에 이제 고객님 이게 가입 그 보험 가입할 수 있는 경로가 너무 많다 보니까
고객: 그러니까 음
상담사: 그러니까 전에는 정말 보험 하나 가입해도 이렇게 다 만나서 가입하고 서류 다 확인하고 막 그랬잖아요.
고객: 아 우리도 그랬어요 몇 번을 만났어요 이거 하느라고 생수 다 같이 만났는데 젊은 애들도 그거 이해 못 할 정도 뭐 뭐 그냥
상담사: 네.
상담사: 음 그러니까요.
상담사: 음
고객: 그러고 했지.
상담사: 그러니까
고객: 하얀색
고객: 네 고맙고요.
상담사: 아닙니다 예 예
고객: 내가 그러면 아 지금 내가 상담 저기 시원하게 해주시는 거 같아서
상담사: 응.
상담사: 음 아니에요 네 네.
고객: 이쪽이 차라리 이들 그게 있을 것 같더라고요 딴 데 문의하는 거보다.
상담사: 감사합니다. 그죠. 그죠. 저희한테 전화 주세요. 예
고객: 고마운
고객: 그러면 내가 이거 아직 내가 월 말에 내는 거니까 조금 더 한 이 생각하고 하면 되는 거잖아요.
상담사: 네.
상담사: 예 예?
상담사: 그러세요 언제든지 전화 주세요 25일 날 보험료 취득 되는 거니까 혹시나
고객: 네.
상담사: 그 전에 그 오늘처럼 티켓 삭제 원하시면 전화 주셔서 하셔도 되는 거니깐요 한번 조금 더
고객: 좋은 하루 되세요.
고객: 그냥 딴 분한테 그냥 연락하면 되는 거예요?
상담사: 예.
상담사: 예 이쪽으로 전화 주시면 돼요. 저 말고도 거기는 이 업무를 할 수 있는 부분이 다 해당 업무 있으니까 해지 부서에서도 거기는
고객: 아
고객: 근데 내가 또 막
상담사: 응.
고객: 설명을 다 해야 되고 막 할 때마다 막 그래야 되니까
상담사: 아니 근데 고객님 이게 다 기록이 남아있는 거니까 이게 다 하면 말씀만 딱 하면 다 아실 거예요 저희 상담사님들 다 알아요 너무 걱정 마세요 고객님
고객: 네.
고객: 아 그래 조금
고객: 알겠어요.
고객: 네 네 아 너무 고마워요 네 네.
상담사: 예 감사해요 고객님.
고객: 네 수고하셨어요 네.
상담사: 네.","고객은 3일 전에 연금 특약 삭제를 요청하며 전화 상담을 진행하였으며, 현재 계약된 주계약은 사망 및 장애 보장을 제공하는 보험으로, 연금 특약은 피보험자 자녀가 연금을 수령할 수 있도록 설계된 상품이다. 고객은 특약 삭제 시 해지환급금으로 792만 6,939원을 받게 되며, 월 보험료는 50만 원으로 감소한다. 고객은 계약 당시 특약의 내용과 보장성에 대한 설명을 받지 못했으며, 보험료 납입액은 약 4,850만 원이었고, 전체 해지 시 환급금은 4156만 9,097원으로, 납입액 대비 약 700만 원의 손실이 발생한다. 고객은 연금 특약이 필요 없으며, 펀드 운영률이 낮아 전체 해지 후 다른 투자로 전환하는 것이 더 유리하다고 판단하고 있다. 고객은 담당 설계사와의 연락이 끊기고, 계약 당시 서류를 확인하지 못했으며, 최근 딸을 통해 특약 내용을 알게 되었다. 고객은 특약 삭제 후 재가입이 불가능함을 확인하였으며, 상담사가 기록을 통해 추가 설명 없이도 처리 가능함을 안내받았다.","특약삭제 요청으로 아웃함
저축상품으로 특약은 제외후 투입되는줄 몰랐으며, 가입후 1달 안되서 설계사 퇴사후 자꾸 바뀌고 사기인것같다고하심
총납입보험료 4859만원, 전체회사시 어제 종가로 40,569,097원임
주계약이 50만원, 특약보험료가 420,217원임
특약 삭제시 반제금 7,926,939원, 감액후 보험료는 50만원/ 
50만원을 연금변액저축으로 1년더 납부하고 5년 거치/
감액시 해장급금이 줄어듬/ 특약삭제후 다시 가입어려움
피보가 자녀로 자녀가 연금받는상품임
대면계약건으로 가입당시 계약서등 보장부분에대해 서류 보여드리고 가입하셨음
25일에 보험료 출금예정이니 그전에 특약삭제 원하시면 전화주셔서 하시라 안내","특약삭제 요청 아웃
저축상품
특약 제외 투입
가입후 1달
설계사 퇴사
사기 의심
총납입보험료 4859만원
전체회사시가치 40,569,097원
주계약보험료 50만원
특약보험료 420,217원
반제금 7,926,939원
감액후 보험료 50만원
연금변액저축 1년
5년 거치
해장급금 감소
재가입 어려움
피보 자녀연금상품
대면계약 서류제공
보험료 출금예정 25일
전화 안내 특약삭제",가능,0.85,"REF의 전체해지시가치 40,569,097원과 STT의 4156만9097원(41,569,097원)에 약간의 수치 차이가 있으나, 이는 상담사 발화의 종가 기준 변동으로 볼 수 있음. 나머지 모든 항목(특약삭제 아웃, 총납입보험료, 주계약/특약보험료, 반제금, 연금변액저축 1년+5년거치, 재가입 어려움, 피보 자녀 연금상품, 대면계약 서류제공, 25일 출금 안내)이 STT에서 명확히 확인됨.",가능,,E147381,2026-03-06T16:42:55.941860,,,,,가능,,,,,오답,,"STT_내용_추가(오전사), 정보_누락","STT_내용_추가(오전사): 전체해지 환급금이 reference에서 40,569,097원(약 4056만원)인데 STT에서 '4156만 9097원'으로 오전사되었고 generated가 이를 그대로 반영하여 금액 오류 발생; 정보_누락: '50만원 연금변액저축 1년 더 납부 5년 거치' 안내 및 '25일 보험료 출금예정 특약삭제 전화 안내'가 generated에서 누락됨",Y,,오답,,"{'label': 'STT_내용_추가(오전사)', 'action': 'keep'}, {'label': '정보_누락', 'action': 'keep'}",E147381,2026-03-10T16:58:25.998064,,,,,,,,
333,"상담사: 반갑습니다. 조은실입니다.
고객: 네 저기 38690원짜리가 그거 어디에 해 놓은 건가
상담사: 아 그러세요 우선은 고객님 계약자님 본인 맞으십니까?
고객: 네.
상담사: 네 핸드폰 번호 010 5833 뒷자리 어떻게 되세요?
고객: 잠수함이요.
상담사: 네 생년월일 앞자리가 어떻게 되십니까?
고객: 58년 12월 15일이요.
상담사: 네 확인 감사드립니다. 3만 8690원짜리 말씀이에요.
고객: 네네.
상담사: 아 이거 어
상담사: 어 고객님 지금 확인을 해보도록 하겠습니다.
상담사: 이거는 이제 사망보험금 주계약 가입되어 있고
상담사: 수술 급여?
고객: 사망 보험금?
상담사: 네.
고객: 웬 사망보험금
상담사: 이제 주계약이 가입이 되셔야지 계약 건은 계약을 하실 수가 있는 거기 때문에 주계약은 사망보험금이 가입되어 있고요 고객님.
상담사: 그러고 수술 급여금 가입되어 있고
상담사: 관절염 수술 급여금과 5대 특정 질병 수술 급여금
상담사: 그리고 이제 간병인 사용입원 급여금 가입되어 있습니다.
고객: 아 그럼 요번에 최근에 들은 거예요 그게
상담사: 6월 17일 날짜에 계약하셨어요? 고객님 이 계약건은.
고객: 올 6월달에요?
상담사: 네 맞습니다.
고객: 아 그러면요.
고객: 하나만 더 물어볼게요.
상담사: 네
고객: 34615원짜리네요.
상담사: 34615
고객: 너무 많아가지고 정리가 안 돼.
상담사: 네.
상담사: 급성 심근경색체 뇌출혈 진단 급여금과
상담사: 심뇌혈관 질환에 대해서 진단받고 수술하시는 경우의 수술비
상담사: 뇌경색증 진단 급여금과 암 진단 급여금 가입되어 있습니다.
고객: 근데 그게 저기
고객: 혈관 질환은 안 되는 거잖아요 3만 4615원짜리가
상담사: 아니요. 혈관질환 되죠.
상담사: 금성 심근경색체 뇌출혈 진단 급여금과
고객: 아니 급상 말고 급상 말고 그냥
상담사: 뇌경색증과
상담사: 그리고 심뇌혈관 질환으로 진단받고 수술을 하시는 경우에
상담사: 수술비 지급되는 상품입니다.
고객: 아 그러면 저기 혈관 질환도 된다는 얘기예요.
상담사: 그렇죠. 혈관 질환으로 진단받고 수술을 하시는 경우에 수술비 지급됩니다.
고객: 음.
고객: 그러면
고객: 이 2만 9231원짜리는요.
상담사: 29231원은 김영일님 계약건이실 거고
상담사: 이것도 인제 사망 보험금 주기가 가입되어 있고
상담사: 뇌혈관 질환과 허혈성 심장 질환 가입되어 있습니다.
고객: 이 내 게 아니라 우리 신랑 거예요?
상담사: 네 김영희 님이 피보험자님으로 되어있습니다.
고객: 그럼 거기로 옮겨 가면 안 되나 이거.
고객: 신랑 앞으로
상담사: 어떻게 옮겼
고객: 아 돈 빠져나가는 거
상담사: 어.
상담사: 그러면 이거 배우자님께서 통화가 되셔야 되는 거예요 동의를 해주셔야 되기 때문에.
고객: 그러면은
고객: 이게 뭐라 그랬죠?
고객: 29000 얼마짜리가 우리 신앙 앞으로 된 게
상담사: 아니 사망 보험금과 뇌혈관 질환과 허혈성 심장질환 보장 내용 가입되어 있습니다.
고객: 이게 요새 최근에 그런 거죠?
상담사: 그죠.
상담사: 6월 19일 날짜에 계약하신 걸로 확인되고 있습니다.
고객: 상의해 가지고 빼거든요 아유 아유 아유 알겠습니다.
상담사: 감사합니다 그리고 최근에 신규 학부생들 가족분 건강보험도 무료 상담이기 때문에 전화 오시면 상담부 부탁드리겠습니다.
고객: 네.
상담사: 네 고맙습니다.","고객은 조은실이며, 1958년 12월 15일생으로 핸드폰 번호 010 **** 뒷자리 확인 완료. 6월 17일에 3만 8천 690원짜리 계약 건, 6월 19일에 2만 9천 231원짜리 계약 건 가입. 3만 8천 690원짜리 계약은 사망보험금 주계약, 수술 급여금(관절염 수술 급여금, 5대 특정 질병 수술 급여금), 간병인 사용입원 급여금 가입. 3만 4천 615원짜리 계약은 급성 심근경색체 뇌출혈 진단 급여금, 뇌경색증 진단 급여금, 암 진단 급여금, 심뇌혈관 질환 수술비 보장 가입. 2만 9천 231원짜리 계약은 김영일 계약 건으로 사망보험금 주계약, 뇌혈관 질환, 허혈성 심장질환 보장 가입. 피보험자는 김영희이며, 계약자는 고객(조은실), 신랑(김영일) 앞으로의 계약 변경은 배우자 동의 필요.","계약 3건의 월보험료, 보장내용 안내
배우자 통장으로 변경시 배우자 동의 통화있어야함","계약 3건
월보험료
보장내용
배우자통장변경
배우자동의
통화필요",가능,0.9,"3건의 계약별 보장내용(38690원: 사망+수술+관절염+5대질병+간병인, 34615원: 심근경색/뇌출혈+심뇌혈관수술+뇌경색+암, 29231원: 사망+뇌혈관+허혈성심장)이 상세히 안내되었고, 배우자 통장 변경시 동의 통화 필요 안내도 STT에서 명확히 확인됨.",가능,,E147381,2026-03-06T16:43:13.132653,,,,,가능,,,,,정답,,STT_내용_추가(정상),"STT_내용_추가(정상): 계약 가입 날짜, 보험료 금액, 보장내용 세부 정보를 STT에서 추가 반영. 정답지에 없으나 STT에 있고 전사 정상, 문맥 자연스러움",Y,,과답,,"{'label': 'STT_내용_추가(정상)', 'action': 'modify', 'error_detail': '계약자 이름, 태어난 년도, 핸드폰 번호, 계약 가입 날짜, 보험료 금액, 보장내용 세부 정보를 STT에서 추가 반영. 정답지에 없으나 STT에 있고 전사 정상, 문맥 자연스러움', 'chunks': [1]}",E147381,2026-03-10T17:03:41.613173,,,,,,,,
334,"상담사: 반갑습니다 박혜은입니다.
고객: 네 지금 그 그쪽으로 계약이 3건이 있는데요.
상담사: 네.
고객: 어 연납으로 가입을 했는데 이제 연납이 끝나가서 이거를
고객: 다시 연납을 안 하고 월납으로 바꿀려고 하는데 어떻게 해야 되나요?
상담사: 아 네 고객님.
상담사: 이제
상담사: 잠시만요. 지금 전화 주신 분 계약자 이승진 님 분이 맞으시고요?
고객: 네
고객: 네 네.
상담사: 네 고객님 생년월일은 어떻게 되실까요?
고객: 83년 6월 17일
상담사: 네 핸드폰 번호가 010, *******************
고객: 네 8907이요.
상담사: 네 지금 저희 쪽으로 3, ************
상담사: 계약 건 말씀하시는 거 맞으시고요?
고객: 음.
고객: 네 네.
상담사: 네 저희가 이 부분은 저희가 관련 부서가 별도로 있으시기 때문에 제가 이쪽 부서로 연락처 전달을 좀 도와드릴 거고요 전화 종료해주시고 좀 기다려주시면 제 대표번호 1 5 8 8 9 8 9 8 9 고객님 전화 오실 겁니다 전화 받으셔서 네 납입 관련해서 상담받으시고 이제 변경하시면 되실 것 같습니다.
고객: 음
고객: 음.
고객: 음
고객: 네.
고객: 네 얼마나 걸리나요?
상담사: 네.
상담사: 어 저희 어 순차적으로 연락드리고 있기 때문에 좀 기다려 주시면 감사하겠습니다.
고객: 음.
고객: 네 알겠습니다.
상담사: 네 네 감사합니다.
고객: 감사합니다.
상담사: 네.","고객은 계약자 이승진(1983년 6월 17일생, 핸드폰 번호 010-****-8907)으로, 연납으로 가입한 계약이 3건 있으며, 연납 종료를 맞아 월납으로 변경하고자 함. 상담사가 관련 부서로 연락처를 전달하고, 고객 대표번호로 전화를 기다리도록 안내함.","연납에서 월납으로 변경요청
해당부서 메모전달/ 순차적으로 전화드릴예정임","연납
월납변경
해당부서메모전달
전화순차예정",가능,0.95,연납에서 월납 변경 요청과 해당 부서로 메모 전달 및 순차적 전화 안내 내용이 STT에서 명확히 확인됨.,가능,,E147381,2026-03-06T16:43:26.089075,,,,,가능,,,,,정답,,STT_내용_추가(정상),STT_내용_추가(정상): STT에 있는 계약 건수(3건) 및 계약자 인적사항이 generated에 추가 반영. STT 전사 정상,Y,,과답,,"{'label': 'STT_내용_추가(정상)', 'action': 'keep'}",E147381,2026-03-10T17:03:56.395177,,,,,,,,
335,"상담사: 반갑습니다.
고객: 아 예 그 보험료를
상담사: 네.
고객: 그 카드로 납부를 했었는데
상담사: 네.
고객: 그거 카드가 바뀌어서 등록하려고요.
상담사: 아 그러세요 카드평균이세요?
고객: 예.
상담사: 네 고객님 그러시면 문의하신 내용 정보 확인 후 안내드리겠습니다 전화 주신 분은 계약자님 이 종선림 본인이십니까?
고객: 예.
상담사: 등록된 연락처가 010, **************
고객: 0667
상담사: 생년월일은 어떻게 되십니까?
고객: 57년 7월 15일
상담사: 네 확인되었습니다.
상담사: 네 고객님 지금 1건 있으시고 이 건에 대해서 이제 카드 변경이십니다.
고객: 예 카드 변경해주세요.
고객: 자동이체
상담사: 네.
상담사: 네 카드시고.
상담사: 어디 카드십니까 똑같은 네 카드가 어디 카드십니까?
고객: 똑같아
고객: 로드 롯데카드의 똑같은
상담사: 네 롯데카드십니까?
고객: 예.
상담사: 네 카드 번호 불러 주십시오.
고객: 9409
상담사: 409
고객: 5112
상담사: 512
고객: 3548
상담사: 3548
고객: 8 4 9 5
상담사: 회사 구 어
상담사: 네 유효기간은 어떻게 되십니까?
고객: 0330
상담사: 30년 03월
상담사: 네 고객님 지금 현재 국적과 거주하는 곳이 한국 맞으시죠?
고객: 예.
상담사: 네 변경되었습니다 고객님.
상담사: 롯데카드를 변경되었고 이제
고객: 예.
상담사: 8월까지 납입되셨고 9월 20일부터 변경된 카드에서 승인될 예정이십니다.
고객: 네.
상담사: 네 감사합니다 행복한 하루 되세요.
고객: 네.
상담사: 네.
고객: 예.","계약자 종선림이 롯데카드를 기존 카드와 동일한 카드로 변경 요청하였으며, 카드번호 9409-5112-3548-****, 유효기간 30년 03월로 등록되었고, 9월 20일부터 변경된 카드로 자동이체가 진행될 예정이다.","카드변경
최종납월 8월/ 9.20일부터 변경된 카드에서 승인예정","카드변경
최종납월 8월
9.20일부터
변경된 카드
승인예정",가능,0.95,"카드변경, 최종납월 8월, 9월 20일 승인예정 모두 STT에서 명확히 확인됨.",가능,,E147381,2026-03-06T16:43:41.967334,,,,,가능,,,,,정답,,"정보_누락, STT_내용_추가(정상)","정보_누락: 최종납월 8월 정보가 generated에서 누락됨; STT_내용_추가(정상): 카드번호와 유효기간이 STT에서 추가 반영. 전사 정상, 문맥 자연스러움",Y,,오답,,"{'label': '정보_누락', 'action': 'keep'}, {'label': 'STT_내용_추가(정상)', 'action': 'modify', 'error_detail': '계약자 이름, 카드번호와 유효기간이 STT에서 추가 반영. 전사 정상, 문맥 자연스러움', 'chunks': [1]}",E147381,2026-03-10T17:04:31.789039,,,,,,,,
336,"상담사: 반갑습니다. 좋은 시엘입니다.
고객: 여보세요.
상담사: 네 고객님.
고객: 지금 보험료 미납 요원
고객: 납수 때문에 가상 계좌를 받으려고
상담사: 아 그러세요. 우선 확인을 해보도록 하겠습니다. 이 창점 고객님 계약자인 분이 맞으십니까?
고객: 네 네.
상담사: 네 핸드폰 번호 010 539 뒷자리 어떻게 되세요?
고객: 9 4 4 6
상담사: 네 생년월일 앞자리가 어떻게 되십니까? 고객님.
고객: 실속응보여서요.
상담사: 네 확인 감사드립니다 고객님 저희 쪽에 계약 건이 5건이 있는데 5건 다 8월까지 납입하셨기 때문에 미납 없습니다.
고객: 아예 없어요?
상담사: 네 8월까지 납입하신 걸로 확인되고 있습니다.
고객: 어.
고객: 그래요 알겠습니다.
상담사: 네네
상담사: 네 고맙습니다. 감사합니다.
고객: 예.
고객: 네.","고객은 계약자로, 핸드폰 번호 뒷자리 9446, 생년월일 앞자리 확인 요청에 응답함. 계약 건 5건 모두 8월까지 납입 완료되어 미납 없음.",5건 계약 모두 최종납월 8월로 미납없음,"5건 계약
최종납월 8월
미납없음",가능,0.95,"5건 계약, 최종납월 8월, 미납없음 모두 STT에서 명확히 확인됨.",가능,,E147381,2026-03-06T16:43:56.412176,,,,,가능,,,,,정답,,STT_내용_추가(정상),"STT_내용_추가(정상): 고객 인적사항(핸드폰번호 뒷자리, 생년월일)이 STT에서 추가 반영됨. STT 전사 정상",Y,,과답,,"{'label': 'STT_내용_추가(정상)', 'action': 'keep'}",E147381,2026-03-10T17:05:02.427292,,,,,,,,
337,"상담사: 반갑습니다. 죄인 은정입니다.
고객: 네.
고객: 저기 자동이체 카드가 변경이 돼 가지구요.
상담사: 아 그러세요 카드 변경이세요?
고객: 네.
상담사: 네 문의하신 내용 정보 확인 후 안내 도와드리겠습니다 전화 주신 분 계약자님 윤 이주님 본인이십니까?
고객: 아 본인 옆에 있어요.
상담사: 바꿔주세요 그럼 고객님.
고객: 잠시만요.
상담사: 네.
고객: 이혼이 중입니다.
상담사: 네 고객님 님이시고 저희 등록된 연락처가 010, **************
고객: 구 영 영 구요.
상담사: 생년월일은 어떻게 되십니까?
고객: 60년 3월 13일입니다.
상담사: 네 계약 건 1건 있으시고 이 건에 대해서 카드 변경이십니까?
고객: 네.
상담사: 네.
상담사: 어디 카드십니까?
고객: 신한카드요.
상담사: 네 신한카드시고 카드번호 불러주시면 됩니다.
고객: 애가 불러도 되나?
상담사: 네 불러 주세요. 고객님.
고객: 네 불러드릴게요 아니 지금 치아가 안 좋아가지고 말하기가 불편해서
상담사: 네 네
상담사: 예 불러주세요 네.
고객: 네.
고객: 삼오육이
상담사: 3562
고객: 9746
상담사: 746
고객: 3765
상담사: 3765
고객: 3858
상담사: 3858
상담사: 유효기간은 어떻게 되십니까?
고객: 네.
고객: 0830이요.
상담사: 30년 08월 네 유니주님 당현 하시겠지만 국적과 거주하는 곳이 한국 맞으시죠?
고객: 네.
고객: 예.
상담사: 네.
상담사: 네. 방금 들었습니다. 고객님.
상담사: 지금 신한카드를 변경되었고
고객: 날짜는 같은
상담사: 네 21일 네.
고객: 네 네 날짜는 같죠?
상담사: 네 20일이시고 9월 20일 날 이제 승인될 예정이십니다.
고객: 네 네.
고객: 네 감사합니다.
상담사: 감사합니다 행복한 하루 되세요.
고객: 네 네.
상담사: 네.","계약자 윤 이주님께서 신한카드를 9월 20일에 변경하셨으며, 카드번호는 3562-9746-3765-****, 유효기간은 2030년 8월입니다.",카드변경/ 9.20일 승인예정,"카드변경
9월20일 승인예정",가능,0.95,카드변경과 9월 20일 승인예정 모두 STT에서 명확히 확인됨.,가능,,E147381,2026-03-06T16:44:24.111796,,,,,가능,,,,,과답,,STT_내용_추가(정상),"STT_내용_추가(정상): 카드번호와 유효기간이 STT에서 추가 반영됨. STT 전사 정상, 문맥 자연스러움",Y,,과답,,"{'label': 'STT_내용_추가(정상)', 'action': 'modify', 'error_detail': '계약자 이름, 카드번호와 유효기간이 STT에서 추가 반영됨. STT 전사 정상, 문맥 자연스러움', 'chunks': [1]}",E147381,2026-03-10T17:05:29.574696,,,,,,,,
344,"상담사: 반갑습니다. 좋은 실입니다.
고객: 이 지금 그 보험금 청구를 할려고 하는데
상담사: 네
고객: 그 계약 내용에 이게 보험금 청구가 가능한지
고객: 그걸 알아보려고 전화했거든요 남편 겁니다 근데.
상담사: 아 그
상담사: 그러세요 그러면 고객님 우선은 배우자님 같이 옆에 있으십니까?
고객: 없습니다.
상담사: 아
상담사: 그러면 어떤 보험금 청구 말씀이에요?
고객: 네.
고객: 예 지금 그 요번에
고객: 이 대장암 검사하면서 용종을 떼어냈는데 거기에 대한 그 봉급을 받을 수 있을까 싶어가 내용에
고객: 뭐 한번 보려고 앙오이 지금 2개가 들어가 있거든요.
상담사: 음
상담사: 암 보험은 암 진단을 받는 경우에만 해당이 되는 거기 때문에 용종절제술 해당되지 않으실 것 같으신데요.
고객: 아 그래요 지금 그 내용에 그래도 앞에 좀 오래 전에 들은 게 있어 가지고
고객: 혹시나 가능한가
상담사: 우선은 이봉화 고객님 계약자인 분이 맞으십니까?
고객: 네 맞습니다.
상담사: 네 핸드폰 번호 010 6487 일자리 어떻게 되세요?
고객: 7914
상담사: 네 생년월일 앞자리가 어떻게 되십니까?
고객: 예 660820
상담사: 네 확인 감사합니다. 용종절제술 하셨다라고 하셨는데 암보험은 용종절제술에 해당되지 않습니다.
고객: 음 그냥 그 진단금만 받을 수 있다 그죠?
상담사: 그렇죠 이제 아무런 진단을 받는 경우에만 해당이 되실 겁니다.
고객: 네.
고객: 음 네 그 남편 거 지금 2개가 있는 거는 확실하죠?
상담사: 그러신 것 같으세요. 네 네.
고객: 예 알겠습니다.
상담사: 음
상담사: 네 고맙습니다 감사합니다.
고객: 예.","남편의 암 보험에 대해 용종 절제술에 대한 보험금 청구 가능 여부를 확인하기 위해 전화한 고객, 계약자인 이봉화(1966년 8월 20일생, 핸드폰번호 010-6487-****)가 남편 계약 상품 2개에 대해 문의함. 용종 절제술은 암 보험의 보장 대상이 아니며, 암 진단을 받은 경우에만 보험금 청구 가능함.","대장용종제거술 보장문의
암 보험 2건은 진단을 받는 경우에만 해당되며 용종 절제 수술 해당되지 않음","대장용종제거술 보장
암보험 2건
진단시 해당
용종절제수술 비보장",가능,0.95,대장용종제거술 보장 문의와 암보험은 진단시에만 해당되며 용종절제술은 비보장이라는 안내 내용이 STT에서 명확히 확인됨,가능,,E147381,2026-03-06T17:17:17.150869,,,,,가능,,,,,과답,,STT_내용_추가(정상),"STT_내용_추가(정상): 고객 인적사항(이름, 생년월일, 핸드폰번호)이 STT에서 추가 반영됨. STT 전사 정상, 문맥 자연스러움",Y,,과답,,"{'label': 'STT_내용_추가(정상)', 'action': 'keep'}",E147381,2026-03-10T17:05:48.917374,,,,,,,,
349,"상담사: 반갑습니다. 입니다.
고객: 네 안녕하세요 전화 주셔가지고.
고객: 다시 연락드린 건데요.
상담사: 아
상담사: 괜히 혹시
상담사: 지금 해피콜에 관련해서 전화를 받으신 거예요?
고객: 네.
고객: 어 잘 모르겠어요 제가 그 수업 중이었어 가지고
상담사: 음.
고객: 끊김 전화를 받아가지고
상담사: 최근에 가입을 하셨는데 해피콜 전화를 받으셨을까요?
고객: 네.
상담사: 받으셨 받으셔야 되는데 이게 못 받으신 부분 같아요.
고객: 아
상담사: 예 그러면
상담사: 어 좀
고객: 네 감사합니다.
상담사: 다시 전화가 오면 받아주세요.
상담사: 예 언제 올지 언제 갈지는 제가 이제 모르겠는데 이게 어 저 이제 해피콜 부서에서 고객님께 연락을 드리는 부분이어서요 전화가 오면은 전화 1번 받아주세요.
고객: 아 네 알겠습니다.
고객: 네 네.
고객: 아
고객: 아 네 알겠습니다.
상담사: 음 감사합니다 건강하세요.
고객: 네 감사합니다.
상담사: 네.
고객: 네.","고객은 최근 가입 후 해피콜 전화를 받지 못한 상황이며, 상담사가 다시 전화가 올 경우 전화를 받아줄 것을 요청함.","부재중 전화문의
최근 가입건으로 해피콜 전화드렸는데 못받으신 부분임
해피콜 부서에서 연락드리면 전화받아주시라 안내","부재중전화문의
최근가입건
해피콜전화
전화미수신
해피콜부서연락
전화받아주기안내",가능,0.95,"REF의 모든 내용이 STT에서 명확히 확인됨. 부재중 전화 문의, 해피콜 미수신, 해피콜 부서 연락 시 수신 요청 안내 모두 확인.",가능,,E147381,2026-03-06T17:21:35.662545,,,,,가능,,,,,정답,,,,N,generated가 reference를 정확히 반영,오답,,"{'label': '정보_누락', 'action': 'add', 'error_detail': '', 'chunks': [1]}",heeaekwon,2026-03-10T21:49:01.300716,,,,,,,,
350,"상담사: 반갑습니다.
고객: 여보세요?
상담사: 네 고객님.
고객: 그
고객: 와이프 보험이 3건이 에이아이 가입되어 있는데요.
상담사: 네.
고객: 그 자동 이체가 최종.
고객: 제 계좌 제 카드에서
고객: 납부가 되는데 제 카드가 분실돼 가지고
상담사: 네.
고객: 다시 발급을 받았거든요.
상담사: 아 그러세요 그러시면 네 고객님.
고객: 그래서
고객: 아 저 아 선생님
상담사: 그 네 계약자님 저희 등록된 번호 알려주시겠습니까 010
고객: 예예.
고객: 핸드폰 번호요?
상담사: 네 네.
고객: 019 2019
상담사: 2019에
고객: 0159
상담사: 0150
상담사: 네.
고객: 예.
상담사: 계약자님 강 이장님이세요.
고객: 예 맞습니다.
상담사: 어 강 회장님 지금
상담사: 계약 건.
상담사: 잠시만요.
고객: 네.
상담사: 예.
상담사: 지금
상담사: 4건이 있으신데
고객: 네 제 거는 아니에요?
상담사: 4건이세요 고객님.
상담사: 4건이시고 내일 1건은 이제 강 회장님이 계약 그 납입하고 계십니다.
고객: 아 그거 빼고
상담사: 그거 빼고 이제 3건.
고객: 그거는 카드가
고객: 3건
상담사: 네.
고객: 그 3건을
고객: 배우자인 제 카드에서 보험료가 납부가 됐었는데 제가 잃어가지고
상담사: 말을
고객: 다시 카드를 발급을 받았어요. 그래서 이체 등록 좀 해주세요.
상담사: 아
상담사: 아 지금 이제
상담사: 그 전화하신 분은 김용걸 님이십니까?
고객: 예 맞습니다.
상담사: 네.
상담사: 그럼 이 3건에 대해서만 변경해 드리겠습니다.
고객: 예 예.
고객: 지금 여 보험료가 몇 월달까지 납부돼 있나요?
상담사: 지금 8월까지 납입되셨어요 고객님.
고객: 아
상담사: 3건 다.
고객: 그럼 9월 달부터
상담사: 예.
상담사: 이제 9월부터 인제
고객: 저희가 그
상담사: 네.
고객: 예 예 예 다 다 제
고객: 제가 불러드릴 테니까 이 카드에서
상담사: 잠시만요.
상담사: 네 네 잠시만요.
고객: 예.
상담사: 네.
상담사: 카드시고
상담사: 네 어디 카드십니까?
고객: KB
고객: 국민 카드요.
상담사: 네.
상담사: 계좌 카드번호 불러주시겠습니까?
고객: 5409
상담사: 2409
고객: 2686
상담사: 2686
고객: 5471
상담사: 5471
고객: 7098
상담사: 7098
상담사: 네 유효기간은 어떻게 되십니까?
고객: 예.
고객: 32년 05월
상담사: 32년 05월 네.
상담사: 네 강 이전님 지금 현재 국적과 거주하는 곳이 한국 맞으시죠?
고객: 예 예.
상담사: 네 이거는 강 회장님의 배우자님 카드시고
고객: 예.
상담사: 배우자님 성함이?
고객: 저는
고객: 전에는 김용 건
상담사: 배우
상담사: 영글 님.
상담사: 네.
상담사: 김영걸 님도 국적과 거주하는 곳이 한국 맞으시죠?
고객: 예예예.
상담사: 네.
상담사: 그 주민분 등록번호 13자리 불러주시겠습니까?
고객: 610624
상담사: 잠시만요 다시 60 몇 년생이세요?
고객: 610624
상담사: 61년 6월 24일
고객: 예 예.
상담사: 네 그다음에 네.
고객: 어 저는 어 그냥 단순 변심으로 말씀드리는 거구요.
고객: 6623 7515
상담사: 162375 맞으세요?
고객: 예예.
상담사: 네.
상담사: 네 처리되었습니다 확인해 보겠습니다.
고객: 예예.
상담사: 네.
상담사: 김용골 님 그 국민카드로 변경되었습니다 국민카드.
상담사: 네 5409 26865471로 시작하는 이 번호로 변경되었습니다.
상담사: 3건 다 인제 9월 20일부터 인제 변경된 카드에서 승인되십니다.
고객: 그거 뭐
고객: 거 보험료가 얼마 얼마입니까?
상담사: 네 29960원 18300원 31880원 이렇게 3건이십니다.
고객: 예.
고객: 예 예 맞습니다.
상담사: 네 감사합니다.
고객: 그러면 이 카드에서 9월달부터
고객: 빠져나가는 걸로 제가
고객: 알고 있으면 되죠.
상담사: 네 네 맞습니다.
고객: 예 감사합니다.
상담사: 감사합니다 행복한 하루 되세요.
고객: 예.
상담사: 네.","고객은 계약자인 강 이장님이며, 배우자인 김영걸 님의 국민카드(5409 2686 ****로 시작)를 이용해 3건의 보험료 자동 이체를 신청함. 기존 카드 분실로 인해 카드 재발급 후 9월부터 새로운 카드로 보험료 납부가 진행되며, 보험료는 각각 29,960원, 18,300원, 31,880원임. 8월까지 납부 완료 상태이며, 변경된 카드로 9월 20일부터 승인됨.","배우자 보험 4건중 본인이 납부하는 3건만 카드변경
최종납월 8월로 9월 20일부터 변경된 카드에서 승인됨","배우자보험 4건
본인납부 3건
카드변경
최종납월 8월
9월 20일
변경된카드 승인",가능,0.95,"4건 중 3건 카드변경, 최종납월 8월, 9월 20일부터 변경카드 승인 모두 STT에서 확인됨",가능,,E147381,2026-03-06T17:22:11.103159,,,,,가능,,,,,오답,,"STT_내용_추가(오전사), STT_내용_추가(정상)","STT_내용_추가(오전사): 배우자 이름 '김용걸'이 STT에서 상담사에 의해 '김영걸'로 오전사되었고, generated가 이를 그대로 반영하여 인명 오류 발생; STT_내용_추가(정상): 각 계약의 보험료 금액(29,960원, 18,300원, 31,880원)이 STT에서 추가 반영됨. STT 전사 정상, 문맥 자연스러움",Y,,오답,,"{'label': 'STT_내용_추가(오전사)', 'action': 'keep'}, {'label': 'STT_내용_추가(정상)', 'action': 'modify', 'error_detail': '계약자 이름, 각 계약의 보험료 금액(29,960원, 18,300원, 31,880원)이 STT에서 추가 반영됨. STT 전사 정상, 문맥 자연스러움', 'chunks': [1]}",E147381,2026-03-10T17:07:13.281954,,,,,,,,
351,"상담사: 반갑습니다. 박예은입니다.
고객: 네 수고하십니다.
상담사: 네 어머니.
고객: 네 제 이름은 이재병이고요.
상담사: 네 지금 전화 주신 분 계약자 이름1 님 본인 맞으시고요 고객님 생년월일 어떻게 되실까요?
고객: 네.
고객: 네.
고객: 예 예 예 예.
고객: 580721
상담사: 네 핸드폰 번
고객: 1064 예.
상담사: 네 핸드폰 번호가 0102141, ***************
고객: 예 1250입니다.
상담사: 네 확인 감사드리고요 고객님. 어떤 문의로 이제 연락 주셨을까요?
고객: 네.
고객: 예. 그게 제가
고객: 어 집사람 그 변혜의 정신 카드로 이게 입금이 되거든요.
상담사: 네.
고객: 항상?
고객: 근데 그 카드
고객: 받았다고
상담사: 네.
고객: 고거 지금
고객: 변경을 해야 된다고 그러더라고요.
상담사: 아 네.
고객: 그래서 아침에 이
고객: 1588 그 요기서 전화가 저한테 왔는데 제가 인제
고객: 전화를 못 받았죠 다른 일
상담사: 전화를 못 받으셨어요?
고객: 그렇죠.
상담사: 네.
상담사: 그러시면은 고객님 저희 이제 카드 변경 도와드릴 건데
고객: 네.
상담사: 네 지금 고객님 당연하시겠지만 고객님 국적과 실제 거주하시는 곳은 동일하게 한국 맞으시구요?
고객: 네 네.
상담사: 네.
상담사: 잠시만 기다려 주세요 두 건 다 이제 유지하고 있는 거 두 건 다 변경 도와드리면 되는 거죠 고객님?
고객: 그렇죠. 그렇죠. 예.
상담사: 네 변호사님은 이제.
고객: 예.
상담사: 관계가 어떻게 되실까요?
고객: 네.
고객: 초죠 초.
상담사: 아 와이프 예
고객: 집사가
상담사: 네 배우자님이시구요.
고객: 예 예.
상담사: 네.
상담사: 잠시만 기다려 주세요.
고객: 예.
상담사: 네 고객님 확인돼서 저희 변경 중이라 잠시만 기다려 주세요.
고객: 예 예 예.
상담사: 네.
상담사: 맛있는 거요.
상담사: 이중 전국에
상담사: 무슨 상담하고 업무 처리하는
상담사: 하는 것 중에 아이
상담사: 제한 바람 부탁드리겠습니다.
상담사: 감사합니다.
상담사: 네.
상담사: 네 아들면서 먹고 왔는데
상담사: 자문자 검토의견을 제기하여야 하는데
상담사: 예전 토지는 내방 때문에 입원하면요.
상담사: 네 고객님 정상적으로 변경 잘 되셨구요 지금 이제 네 이번 9월부터는 변경하신 국민 변호사님의 국민카드로 월 보험료 34280원
고객: 네네.
고객: 네.
고객: 예.
상담사: 43160원 총 2건 이제 매월 20일마다 결제되실 겁니다.
고객: 예.
고객: 네 근데 요기 요게 변이종식수 다 알고 있는 것 같은데요.
상담사: 네 변호사님이 저희 이제.
고객: 그니까
상담사: 전화 주셨어요. 고객님.
고객: 아 그렇죠. 그렇죠.
상담사: 네 네 전화 주셔서
고객: 그러면
고객: 배우자랑 다시 통화 안 하셔도 되는 거죠 그럼요?
상담사: 네 맞습니다 왜냐하면 이제 변호사님이 저희 쪽 연락 주셔서 저희 이제 전 상담사님께서 저희가 이력에 다 남겨 놓으셨어요 카드 번호랑 그래서 지금 네 제가 변경.
고객: 네네.
고객: 예 예.
고객: 예 아 예 예
상담사: 계약자님 이제 전화 주셔서 변경 처리 다 되었으니 이제 변경하신 카드로 이제 결제되신다고 말씀해주시면 됩니다.
고객: 예 예.
고객: 예.
고객: 예 예 예.
고객: 예 감사합니다.
상담사: 네 감사합니다.
고객: 네.
상담사: 네.","고객 이재병은 계약자로, 생년월일 58****, 핸드폰 번호 010*******************이며, 배우자 변혜의 정신 카드로 보험료 입금이 이루어지고 있음. 현재 카드 변경이 필요하다고 연락함. 카드 변경 처리 완료되었으며, 9월부터는 변경된 국민카드로 월 보험료 34,280원 및 43,160원 총 2건이 매월 20일에 결제됨. 변호사님께서 직접 연락하여 변경 처리 완료되었으며, 배우자와의 추가 통화는 필요 없음.","유지건 2건다 카드변경요청
9월부터 변경된 카드로 매월 20일 결제됨
배우자 다시 통화안해도 됨","유지건2건
카드변경요청
9월부터
변경된카드
매월20일
결제
배우자
통화불필요",가능,0.9,"유지건 2건 카드변경, 9월부터 매월 20일 결제, 배우자 재통화 불필요 모두 STT에서 확인됨",가능,,E147381,2026-03-06T17:23:00.411979,,,,,가능,,,,,오답,,"STT_내용_추가(오전사), STT_내용_추가(정상)","STT_내용_추가(오전사): 배우자 카드 관련 표현 '변혜의 정신 카드'는 STT 오전사된 표현이며 generated가 이를 그대로 반영함; STT_내용_추가(정상): 보험료 금액(34,280원, 43,160원)이 STT에서 추가 반영됨. STT 전사 정상, 문맥 자연스러움",Y,,오답,,"{'label': 'STT_내용_추가(오전사)', 'action': 'keep'}, {'label': 'STT_내용_추가(정상)', 'action': 'modify', 'error_detail': '계약자 이름,핸드폰 번호보험료 금액(34,280원, 43,160원)이 STT에서 추가 반영됨. STT 전사 정상, 문맥 자연스러움', 'chunks': [2]}",E147381,2026-03-10T17:09:24.133936,,,,,,,,
355,"고객: 여보세요?
상담사: 네 고객님 김인선 고객님 되실까요?
고객: 네.
상담사: 네 고객님 안녕하세요. 김미경 고객님께서 연락을 주셨어요.
고객: 네 네.
상담사: 보험료 납입 관련으로 문의하신다라고 해서 연락을 드렸는데 통화 가능하세요?
고객: 네.
상담사: 네 생년월일 앞자리가 어떻게 되세요? 고객님.
고객: 50118
상담사: 네 확인 감사드립니다 저희 쪽에 계약 건이 총 7건이 자동 이체가 해지가 되어 있는데.
고객: 네.
고객: 네.
상담사: 아 뭐 자동이체 등록하실 거예요 혹시나?
고객: 저기 그 저기 저
고객: 그 암보험 하나 있어요. 암보험.
상담사: 네 맘모음 언
고객: 만 마
상담사: 19500원짜리 말씀이에요?
고객: 그래 많
고객: 예 예 예.
상담사: 이거 1건만 자동 이체 등록해 드려요?
고객: 아 아 그래 와주셔서 바쁘신데.
고객: 그거만 하나 살려줘요.
상담사: 알겠습니다. 등록하시려는 계좌는 어디 은행 계좌세요?
고객: 아우 여기 안 해요 여기.
고객: 이발 받은
고객: 네 네?
상담사: 계좌가 어디 은행 계좌세요?
고객: 아니 이 말 그래도 알죠.
고객: 계좌?
상담사: 예
고객: 어.
상담사: 등록하시라는 계좌번호를 말씀을 해주셔야 됩니다.
고객: 아 그래요?
고객: 예.
상담사: 네.
고객: 농협에
상담사: 네. 농협 계좌 번호 말씀해 주세요.
고객: 예.
고객: 220
상담사: 220요.
고객: 응? 네 그렇지.
고객: 2239?
상담사: 2 2 3
고객: 아 이
고객: 예 예.
고객: 239?
고객: 아이 이거 뭐 이거 이렇게 생각이 안 나냐 또 아휴
고객: 잠깐만요.
상담사: 네
고객: 2230 91지? 음 음
고객: 잠깐만요.
고객: 2 3 0 9 1
상담사: 네.
고객: 다시 52
상담사: 네.
고객: 000
고객: 4 5 7
상담사: 네.
고객: 네.
상담사: 네 2차에는 저희가 고객님 50 15 아 죄송합니다 10 15 20 25까지 있으세요.
고객: 그건 아무 때나 빼도 돼요.
상담사: 25일로 요청해 드릴 거고 실례지만 고객님 국적과 실제 거주하신 곳은 동일하게 한국이 맞으십니까?
고객: 예? 이건 뭐라 그러는지 잘 못 들었는데.
상담사: 실례지만 고객님 국적과 실제 거주하신 곳은 동일하게 한국인 맞으세요?
고객: 네네.
상담사: 네 그러면 출금 동의 자동 이체 등록하기 위해서 출금 동의해 주셔야 되는 거라 ARS 연결해 드리면 동의 1번 1번만 입력해 주세요.
고객: 네.
고객: 예.
상담사: 네 연결하도록 하겠습니다.
상담사: 김인선.
상담사: 고객님께서는 AI의 생명으로 요청하신 업무 처리를 위하여
고객: 어 여보세요?
상담사: 김인선
상담사: 니니
상담사: 단위 농협 은
상담사: 은행 계좌
상담사: 이 이
상담사: 30
상담사: 9 1
상담사: 오
상담사: 2 0
상담사: 영 영
상담사: 사 오
상담사: 7로부터 이체 출금을 신청하셨습니다.
상담사: 동의하시면 1번 취소하시거나 상담사 연결은 2번을 눌러주세요.
고객: 네.
고객: 아 이거 저 눌를지도 모르는데
상담사: 고객님 1번 눌러주시면 되는데요 고객님.
고객: 여보세요.
고객: 저 그런기 그걸 그걸 할지 몰라.
상담사: 그러면 기다려 주세요 제가 좀 이따 녹취를 진행할 거기 때문에 동의하시면 1번 취소하시거나 상담사 연결은 2번을 눌러주세요.
고객: 네.
고객: 예.
상담사: 입력 시간이 초과되었습니다 동의하시면 취소하시거나 상담사 연결은 2번을 눌러주세요.
상담사: 입력 시간이 초과되었습니다.
상담사: 원하시는 서비스를 선택하지 않으시오 입력 시간이 경과되었습니다.
상담사: 다시 연락 주시면 친절한 상담으로 도와드리겠습니다.
상담사: 네 고객님 제가 녹취로 진행하겠습니다. 김인선 고객님께서는 AI의 생명으로 요청하신 업무 처리를 위해 김인선 님의 농협계좌 2 2 3 0 9
고객: 네.
고객: 예.
고객: 네.
상담사: 아 223091520004357로부터 이체 조금 신청하셨습니다 고객님 동의하세요?
고객: 네.
고객: 네.
상담사: 네 군이 등록해드렸고 7월까지 납입하셨어요. 그래서 8월분 보험료 군이 지금 10일 날짜에 출금 출금 처리가 되실 거고 9월분은 25일 날짜에 출금 처리가 되는 거라 참고해주시면 되실 거고 자동이체는 1건에 대해서만 등록했습니다.
고객: 네 예.
고객: 네
고객: 네.
고객: 네.
고객: 네 네
상담사: 고맙습니다 그리고 최애 당사 신경 쓰셔서 가족분 건강보험도 무료 상담이시라 전화 오시면 상담 부탁드리겠습니다.
고객: 네.
고객: 네.
고객: 네.
상담사: 네 고맙습니다.
고객: 네 수고하세요.","김인선 고객님은 암보험 1건에 대해 자동 이체 등록을 요청하셨으며, 농협 계좌 22309152000****로 7월까지 납입이 완료된 상태로, 8월 보험료는 10일에, 9월 보험료는 25일에 출금 처리될 예정이며, 자동이체는 1건에 대해 등록되었습니다.","암보험 19,500원 1건만 자동이체 등록/ 이체일 25일
최종납월 7월, 8월보험료 10일 출금예정이며 9월보험료는 25일 출금예정임","암보험
19,500원 1건
자동이체등록
이체일25일
최종납월7월
8월보험료10일출금예정
9월보험료25일출금예정",가능,0.95,"암보험 19500원 1건 자동이체, 이체일 25일, 최종납월 7월 및 8월/9월 출금 일정 모두 STT에서 정확히 확인됨",가능,,E147381,2026-03-06T17:25:08.618163,,,,,가능,,,,,오답,,"정보_누락, STT_내용_추가(정상)","정보_누락: 암보험 19,500원 금액이 generated에 반영되지 않음; STT_내용_추가(정상): 고객명(김인선), 농협 계좌번호 등 STT에 있는 인적정보가 generated에 추가됨. STT 전사 정상, 문맥상 이상 없음",Y,,오답,,"{'label': '정보_누락', 'action': 'keep'}, {'label': 'STT_내용_추가(정상)', 'action': 'keep'}",E147381,2026-03-10T17:16:03.217474,,,,,,,,
362,"상담사: 반갑습니다.
고객: 네 수고 많으세요 주소 변경이 됐는지 한번 확인해보려고요.
상담사: 30대
상담사: 아 그러세요 고객님 문의하신 내용 정보 확인 후 안내해 드리겠습니다 전화 주신 분은 계약자님 김선희님 본이십니까?
고객: 네 네.
고객: 네.
상담사: 저희 등록된 연락처가 010, **************
고객: 5 7 5 0
상담사: 생년월일은 어떻게 되십니까?
고객: 6 7 0 9 10 7
상담사: 네 확인되었습니다 금 주소가 고객님 그 데미안 힐스테이트고도.
상담사: 214동 1701호
고객: 예예.
고객: 아 아니고요.
상담사: 벽 아 벽에 있으십니까?
고객: 즐섭이다.
고객: 아니요 네.
상담사: 네 밖에 감사합니다.
상담사: 잠시만요 네.
고객: 네.
상담사: 불러주시겠습니까?
고객: 서울 성북구
상담사: 그 성북구
고객: 돌고리로
상담사: 돌 할때 돌입니까?
고객: 네
상담사: 그 돌 고 고등어 할 때 고.
고객: 고에다가 지읒 받침
상담사: 아 고에 지읒.
상담사: 벌곧?
고객: 네.
상담사: 네.
고객: 이로
상담사: 돌꽃이로 네.
고객: 예.
상담사: 네.
고객: 30길 엔 지
고객: 식사
상담사: 3 30길
고객: 24
상담사: 24.
고객: 예
상담사: 잠시만요.
고객: 네.
고객: 네.
상담사: 그까 장위 자이 래디 언 아파트 4단지입니까?
고객: 네 네 네
상담사: 네 몇 동 몇 호십니까?
고객: 403동 2906호
상담사: 이공
고객: 403동
상담사: 네.
고객: 2906호
상담사: 이 2906호.
고객: 엄마가 틀어준다거나 좀 움직이지 않나요?
고객: 네 네
상담사: 네 403동 2906호
고객: 네 네
상담사: 네.
상담사: 여기가 성북구 돌곶이 지오 30길 24, ***************************
고객: 네 네
상담사: 네 방금 들었습니다.
고객: 네 고맙습니다.
상담사: 감사합니다 네 행복한 하루 되세요.
고객: 네","고객은 계약자 김선희이며, 주소 변경 확인을 요청함. 현재 등록된 주소는 서울 성북구 돌곶이로 30길 24, 장위 자이 래디언스 아파트 4단지 403동 2906호로 확인됨.",주소변경 완료,"주소변경
완료",가능,0.9,주소변경 요청 및 상담사가 주소 확인 후 완료 처리한 내용이 STT에서 확인됨,가능,,E147381,2026-03-06T17:33:31.439868,,,,,가능,,,,,정답,,STT_내용_추가(정상),"STT_내용_추가(정상): 고객명(김선희), 구체 주소(서울 성북구 돌곶이로 30길 24 등)가 STT에 있는 내용으로 generated에 추가됨. STT 전사 정상, 문맥상 자연스러움",Y,,과답,,"{'label': 'STT_내용_추가(정상)', 'action': 'keep'}",E147381,2026-03-10T17:17:02.514401,,,,,,,,
366,"상담사: 반갑습니다. 입니다.
고객: 예.
고객: 제가요.
상담사: 네.
고객: 저기 그 시발점 수학 그 수학 그 저기
고객: 암 보험 하나 들은 거 있는데요.
상담사: 네 고객님.
고객: 아 네. 확인해 주셔서 감사합니다. 아 그 혹시 환불하시는 사유는 어떻게 되시는 걸까요?
고객: 갑상선 암이래요 그래서 병원에 입원했거든요.
상담사: 아 그러세요 네.
고객: 네.
고객: 김명희.
상담사: 어.
상담사: 네 고객님 그러시면 제가 정보 확인 먼저 하겠습니다 계약자님 김영희 님이시고 저희 등록된 연락처가 010, **************
고객: 예.
고객: 5324
상담사: 생년월일은 어떻게 되십니까?
고객: 500602
상담사: 네 확인되었습니다.
고객: 예.
상담사: 네 지금 암 보험 있으십니다. 여기에 그러면.
상담사: 보험금 청구 문의실까요?
고객: 예 그래서
상담사: 네 네.
고객: 보험 청구할 때 서류가 뭐뭐 필요한가
상담사: 아 네 고객님 그러시면 이제 제가 이제 고객님 이제.
상담사: 그 상담 가능한 부서가 별도로 있습니다 그 부서에서 고객님께 전화 갈 겁니다 그럼 그때 서류랑 보내는 방법이랑 다 안내받으시면 되겠습니다.
상담사: 순차적으로 전화 갈 겁니다 고객님.
고객: 예.
고객: 예 그럼 기다리고 있을까요?
상담사: 네.
상담사: 그래서 된다고.
고객: 네.
상담사: 네 전화 끊고 기다리시면 전화 갈 겁니다. 순차적으로 전화 갈 겁니다.
고객: 예.
고객: 예.
상담사: 네 감사합니다.
고객: 네.
상담사: 네.
고객: 네.","고객은 김명희로, 계약자 김영희의 암 보험에 가입되어 있으며, 갑상선 암 진단으로 병원 입원한 상태이다. 보험금 청구를 위해 서류 요청이 필요하며, 상담 가능한 부서에서 순차적으로 전화를 통한 안내를 받을 예정이다.","보험금 청구문의/
해당부서에서 전화드릴수있게 요청해드림","보험금 청구
전화 요청
해당부서",가능,0.95,보험금 청구 문의 및 해당부서 전화 연결 안내 모두 STT에서 명확히 확인됨,가능,,E147381,2026-03-06T17:35:20.191931,,,,,가능,,,,,정답,,STT_내용_추가(정상),"STT_내용_추가(정상): 갑상선암 진단, 병원 입원 상태, 고객명(김명희) 등 STT에 있는 내용이 generated에 추가됨. STT 전사 정상, 문맥상 자연스러움",Y,,오답,,"{'label': 'STT_내용_추가(정상)', 'action': 'keep'}, {'label': 'STT_내용_추가(오전사)', 'action': 'add', 'error_detail': '고객은 김명희로, 계약자 김영희의 암 보험에 가입되어있다고Generated와 STT둘다 동일하게 되어있지만 이름이 전사 자체 오류임  ', 'chunks': [1]}",E147381,2026-03-10T17:20:35.408161,,,,,,,,
369,"상담사: 반갑습니다. 좋은 시간입니다.
고객: 아 네 그
상담사: 네 위원님.
고객: 변경 건 때문에 문자 다 보냈는데요.
상담사: 아 뭐 계약자 변경 건 말씀이신가요 고객님.
고객: 네.
상담사: 아 그러세요 그러면 확인을 해볼 거기 때문에 잠시만 기다려 주시겠습니까?
상담사: 네 군인 전화
고객: 네 확인을 하는데 그거 빠진 거 있는지를 확인해 주시는 거예요 아니면
상담사: 네.
고객: 몇 권 왔는지만 확인해 주시는 거예요.
상담사: 아 이제 고객님 서류가 도착이 됐는지를 확인을 하고 해당 부서로 전달을 드릴 거고 그러면 해당 부서에서
고객: 아니 아니 그 얘기가 아니라 서류가 도착했는지를 확인하는 건 당연한 건데
고객: 그 서류 중에 뭐가 빠졌는지를 확인해 주시는 거예요 아니면 그냥
상담사: 네.
고객: 뭐 1건 왔으면 1건 왔다고 얘기해 주시는 거예요.
상담사: 그 서류 수신 여부를 저희가 확인을 해드린 거고 요분이 이제 해당 부서로 전달해 드리고 미결이 있거나 이런 부분을 해당 부서에서 확인하고 연락을 드리고 있긴 합니다.
상담사: 네 그래서 확인을
고객: 오늘 안에 처리가 되겠죠?
고객: 저 그거 그걸로 끝이 아니라 그거 저기 다른 데다 또 보내야 되거든요 거기 요청해서
고객: 거기다도 전화를 해줘야 돼요.
고객: 근데 언제까지 이거
고객: 뭐 대체 며칠 걸리는 겁니까?
고객: 아 진짜.
고객: 아니 그 15권도 넘는 거 저도 그거 하나하나 다 신경 써서 보내는데 그
고객: 빠지는지 안 빠지는지 지금 확인이 안되고 또 그쪽에 넘어가서 거기 또 확인해서 빠졌으면 또 보내라고 또다시
고객: 첨부해서 보내고 오늘 안에 되긴 됩니까?
고객: 오전부터 이거 했거든요.
상담사: 5년부터 하셨다는 말씀이에요? 고객님
상담사: 저는
상담사: 제가
상담사: 어 빠르게 확인하고 그럼 연락을.
고객: 하나하나 문자로 다 찍어놔서 보내달라.
고객: 묶어서는 안 된다 이메일은 안 된다 아무것도 안 된다.
고객: 아니 진짜 너무하신 거 아니에요?
상담사: 죄송합니다. 네.
고객: 금요일부터 배달렸어요 금요일부터
고객: 이거 오늘 안에 안되면 또다시 작성해야 된다면서요 3 영업일 안에 안되면
상담사: 우선은
고객: 이것도 팩스로 받아야 될 거 아니에요 용지 이거
상담사: 제가
고객: 팩스로밖에 못 받는다면서요.
고객: 제대로 빨리 부탁드립니다.
상담사: 우선 네 전달을 드려서 빠르게 확인하고 연락드릴 수 있도록 전하도록 하겠습니다 죄송합니다 고객님.
고객: 네.","계약자 변경 건 관련 서류가 도착 여부 확인을 요청함. 고객은 서류 15권 이상을 하나하나 문자로 찍어 보내며, 묶어서는 안 되고 이메일도 안 된다고 강조함. 서류 수신 여부 확인 후 해당 부서로 전달되며, 미결 시 부서에서 추가 확인 후 연락 예정임. 고객은 오늘 안에 처리를 요청하며, 금요일부터 배달되었고 3 영업일 안에 처리되지 않으면 다시 작성해야 한다고 설명함. 서류는 팩스로만 받을 수 있으며, 빠른 처리를 요청함.","계약자 변경서류 문자발송건 금요일부터 요청하는대로 발송해주고 있는데 며칠이나 걸려서 보완하고 다시 보내고있다며 빠른 처리요청
서류 수신여부 확인후 해당부서 전달드려 빠르게 확인후 연락드릴수있게 요청해드림안내
","계약자변경서류
문자발송
금요일부터
요청대로발송
며칠걸림
보완
재발송
빠른처리요청
서류수신여부확인
해당부서전달
빠른확인
연락요청",가능,0.9,"2개 청크 모두 STT에서 의미 확인됨. 계약자 변경서류 문자 발송, 금요일부터 진행, 빠른 처리 요청, 서류 수신 확인 후 해당 부서 전달 안내 모두 STT 내용과 일치",가능,,E147381,2026-03-06T17:37:27.167223,,,,,가능,,,,,정답,,STT_내용_추가(정상),"STT_내용_추가(정상): 서류 15권 이상 문자 발송, 팩스 전용 요건 등 STT에 있는 구체 상황이 generated에 추가됨. STT 전사 정상, 문맥상 자연스러움",Y,,과답,,"{'label': 'STT_내용_추가(정상)', 'action': 'keep'}",E147381,2026-03-10T17:21:43.643831,,,,,,,,
375,"상담사: 반갑습니다. 박근화입니다.
고객: 예. 김경호 씨
상담사: 네
고객: 그 수술했는데
상담사: 네.
고객: 그
고객: 전화 전화해 주신다 카지 전화를 안 하 안 하더만
고객: 전화 예약 남겨 놨는데
상담사: 네.
상담사: 음
고객: 금요일날 전화했는데
상담사: 음
상담사: 저는 청년 자율이제 좀
상담사: 잠시만요 고객님.
고객: 네
고객: 예.
상담사: 음
상담사: 제가 정보 확인 후 안내 도와드리겠습니다. 전화 주신 분이 계약자분이 맞으십니까?
고객: 네.
고객: 예 맞아요.
상담사: 생년월일은 어떻게 되세요?
고객: 580 412요.
상담사: 핸드폰 번호는
상담사: 010
고객: 어밀 공
고객: 7907에 0306
상담사: 네 확인 감사합니다.
고객: 예.
고객: 아 지금 버스가 오는데 버스 타고 전화하면 안 돼예?
상담사: 어 고객님.
고객: 예.
상담사: 버스
고객: 잠깐만 저
상담사: 이 예.
고객: 조금 올라가 갖고 전화할게요.
상담사: 네 네.
상담사: 그거는
상담사: 지워지겠죠.
고객: 여보세요?
상담사: 네.
고객: 네.
상담사: 네 고객님
고객: 예.
상담사: 어
고객: 수술을
고객: 그
고객: 미 그게 암범 있죠?
상담사: 네.
고객: 암 보험 암 보험 있는데 그게 저거
고객: 위안종
고객: 종양 2개 띠는데 그게 해당됩니까?
상담사: 어 조직검사도 하셨어요?
고객: 예 조직 검사했는데 아니
상담사: 네.
고객: 아니
고객: 결 결과는
상담사: 예
고객: 목요일날 나온다 카네예.
상담사: 네 그럼 진단에 대해서 확정이 되셔야죠.
고객: 아 확정되면은
상담사: 에 암이라고 나오셔야죠 진단이 정확하게
고객: 그거 일단
고객: 아마 알면요?
상담사: 이건 암에 대한 보장이잖아요 고객님 암 보험이시잖아요.
상담사: 그게 확정이 돼야지 나오는 거죠.
고객: 아
고객: 아 그래예?
상담사: 네.
상담사: 네.
고객: 그게
고객: 폭죽에 띠는 거 그거는 상관이 없고예?
상담사: 해요?
고객: 예 혹
상담사: 석회?
고객: 그거
상담사: 암이 아니잖아요.
고객: 그게 검사를 해봐야 안다 카더라고요.
상담사: 예 암은 악성 종양이잖아요.
상담사: 우리 우리 몸의 세포를 세포를 파괴시키잖아요.
고객: 아 학생 종이요.
상담사: 네.
고객: 그런데 그 인자 검사를 해봐야 암인지 안 암인지 안다 카더라고 고교 고걸 두게 됐는데
상담사: 네
상담사: 예.
상담사: 그렇죠 예.
상담사: 예 예
고객: 목요일 날 이 결과가 나온다 카더만은
상담사: 그 결과 나오면 만약에 이제
고객: 예.
상담사: 근데
상담사: 선생님
상담사: 암이 안 걸리시는 게 낫잖아요.
고객: 예
고객: 그렇지 그렇지 그렇지.
상담사: 그쵸 예.
고객: 암이 아니면은 혜택이 혹시 있는 거는 상관이 없네 그러면.
상담사: 네.
상담사: 그런데 만약에
상담사: 고객님이 수술을 하신 거라면은 수술에 대한
고객: 예.
고객: 예
상담사: 나오시겠죠?
고객: 아 수술에 대한 거예?
상담사: 네.
상담사: 뭐 그런 수술 보장 내용이 있으시다면?
고객: 또 함 봐 보세요. 있는가.
상담사: 어떤 부분을 보셨는지 정확히 알 수 있을까요?
고객: 있습니까?
상담사: 수술 수술도 이게
고객: 예.
상담사: 왜 중대한 수술이라 그래가지고
고객: 예
상담사: 관상동맥
상담사: 우회술 막 이런 거 있잖아요 티비 막 의학 프로그램 의학 막 드라마에서 나오는 거 엄청 위험한 거
상담사: 그런 거 있죠.
고객: 예
상담사: 네 관상동맥 우회술 대동맥 인조혈관 치환수술 심장판막수술
상담사: 5대 장기수술
상담사: 장기이식수술 심장
상담사: 간
상담사: 홍팟
상담사: 폐
상담사: 췌장
상담사: 예.
상담사: 이런 거에 대한 수술에 대한 보장 있으시고요 일반적인 막 떼어내고 이런 수술은 고객님 보장 내용이 없으세요.
상담사: 음
고객: 알았습니다.
상담사: 네
고객: 네 끊을게요.
상담사: 아 그리고 김경원님이 지금 수술하신 거죠? 맞
고객: 예.
상담사: 만약에
고객: 예.
상담사: 떼신 거잖아 그리고 경호원님 보험은 암 보험
고객: 예.
상담사: 만 있으시거든요 에이아이에이에서는?
고객: 그래 암 보험에서 수술비가 있다면서예.
상담사: 네.
상담사: 암보험은 고객님 이거 수술
상담사: 요게
고객: 예
상담사: 음
고객: 수술 보험이 있어요?
상담사: 그거는 수술은 그 왜 이제
고객: 예.
상담사: 우리 뭐 백혈병?
고객: 예.
상담사: 이런 거 들어보셨잖아요. 그 조혈모 세포 이식 수술비.
고객: 예 예.
상담사: 그까 그게 걸려야지 그 질병이 걸려야지 이제 이거를 할 수 있는 예 다른 건 진단금이에요.
고객: 그러니까
고객: 진단검이라요?
상담사: 이 외에는 진단금이에요. 네.
고객: 어
고객: 음
고객: 알았습니다.
상담사: 네.
상담사: 감사합니다.
고객: 예 끊을게요 예.
상담사: 건강하세요.
고객: 네","고객 김경호는 계약자로, 1958년 4월 12일생이며 핸드폰 번호는 010-7907-****이다. 최근 암 진단을 위한 수술을 받았으며, 조직검사 결과는 목요일에 나온다. 현재 진단이 확정되지 않았으며, 암 보험은 진단 확정 시에만 보장이 적용된다. 수술에 대한 보장은 암 진단 시 수술비가 지급되며, 일반적인 수술은 보장 대상이 아님. 고객은 암 보험의 수술비 보장 여부를 확인하고자 상담함.","암보험 있는데 위암 종양 2개 제거후 조직검사 결과는 목요일에 나온다고 문의
진단 확정 되어야 암보험이 나옴/ 종양제거술 해당무/ 
중대한 수술과 조혈모세포이식 수술비 있음","암보험
위암
종양 2개 제거
조직검사 결과
목요일
진단 확정
암보험 지급
종양제거술 해당무
중대한 수술
조혈모세포이식
수술비",가능,0.85,"모든 요약 내용이 STT에서 확인됨. 진단 확정 필요, 종양제거술 비해당, 중대한 수술/조혈모세포이식 수술비 보장 내용 모두 대화에서 확인 가능",가능,,test,2026-03-05T23:04:16.556692,,,,,가능,,,,,오답,,"정보_누락, STT_내용_추가(정상)","정보_누락: 중대한 수술(관상동맥 우회술 등)과 조혈모세포이식 수술비가 보장된다는 안내가 generated에 누락됨; STT_내용_추가(정상): 고객명, 생년월일, 연락처 등 STT에 있는 인적정보가 generated에 추가됨. STT 전사 정상",Y,,오답,,"{'label': '정보_누락', 'action': 'keep'}, {'label': 'STT_내용_추가(정상)', 'action': 'keep'}",E147381,2026-03-10T17:23:38.828042,,,,,,,,
376,"상담사: 반갑습니다. 좋은 의실입니다.
고객: 예 뭐 좀 문의 좀 하는데요.
상담사: 네 고객님
고객: 뭐야 지금 지금 암 어 보험금이 지금 5만 6천 24만이 들어가는데
상담사: 네.
고객: 이게 인제 암 보험 하나 있고 최근에 몇 달 전엔가 뭐 전화로 연락 와가지고
고객: 그 저기 뭐야
고객: 무슨 보험이요 무슨 보험이라고 하던데 요양병원 아니
고객: 아니 아니
고객: 그게 뭐 얼마가 포함해서
고객: 이게 50623원인데 그
고객: 그게 1달밖에 안 된다 그러더라고요 요양비가.
상담사: 우선은 내용을
고객: 그게 인제
상담사: 확인해 볼까요 그러면?
고객: 네.
상담사: 박성신 고객님 계약자님 본인 맞으십니까?
고객: 네 맞습니다.
상담사: 네 핸드폰 번호 010 5042 뒷자리 어떻게 되십니까?
고객: 9957이요.
상담사: 네 생년월일 앞자리가 어떻게 되십니까? 고객님.
고객: 520813이요.
상담사: 네 확인 감사드립니다. 지금 확인을 해보면 고객님
상담사: 음 네 네.
상담사: 지금 두 건에 대한 합산 금액 한 건은 암보험이시고 그리고 한건은 이제
고객: 네.
상담사: 14일에 계약하신 계약 건인데 이 2건에 대한 합산 금액이 50623원이실 거고
상담사: 그 카 음
고객: 암 보험이 얼마예요?
상담사: 암보험에 대해서 보험료 1만 9580원.
고객: 19000
상담사: 580원
고객: 아이 내가
고객: 580
고객: 80원
상담사: 네.
고객: 19580원이요?
상담사: 네 네 그렇습니다.
고객: 그런데
고객: 이거는 인제 뭐 지금 모든 하면 인제 2천만 원 받는 거 아니에요?
상담사: 어 인제 일반 암 진단 급여금 2000만 원 되어 있고
상담사: 특정하면 400만 원
고객: 네.
상담사: 기타피부염 갑상선암 제자리암 경계숙농량 200만 원 되어 있고 고위험 2000만 원
고객: 일반 암이 뭐예요 일반 암이?
상담사: 일반 암은 특정 암 그 기타피부암 갑상선암 제절이야 경계성 중양을 뺀 나머지 암이기 때문에 특정 암이라고 하는 거는 여성분은 대장암 유방암 빼구요.
상담사: 그리고 기타 피부암
고객: 네.
상담사: 갑상선암 제자리암 경계선 종양을 뺀 나머지 암이 일반암에 해당이 됩니다.
고객: 자궁암도 거기 들어있어요?
상담사: 자궁암도 일반암에 해당이 되고 있긴 합니다.
고객: 그러면 그거는 아닐 때 2000만 원 받아요?
상담사: 일반 암 2000만 원입니다. 그리고 특정 암은 400만 원이실 거고.
고객: 특정하면 또 어떤 게 특정하메요?
상담사: 특정하면 여성분 같은 경우에는
상담사: 고객님
상담사: 아
상담사: 대장암 유방암이 특정 암에 해당이 됩니다.
고객: 음
고객: 그냥 무조건 모든 한 2000원 만원이 아니고요?
상담사: 네
고객: 어
고객: 그런데 5만623원에서 그다음에 뭐 이렇게 전화로 와서 한 게
고객: 뭐 확인해 보니까 그게 무슨 뭐야
고객: 어 그 뭐라 그랬더라 그
고객: 아 이렇게 길게 하네 간병비가 30, **************************
상담사: 네 간병 입원비 가입되어 있긴 합니다.
고객: 근데 그게 3
고객: 그게 30일 밖에 아니라고 하더라고요.
상담사: 어 맞습니다 이제 간병 입원 아 간병인 사용 이번 급여금이 보장이 될 건데
상담사: 이게 인제 고객님 이용을 하실 수 있는 한 그 일수 사용 일수가 30, *********************
고객: 네.
고객: 그러니까 30일 간병비는 아무것도 아니네.
고객: 그럼 그 간병비에 대한 해당 저 그 그 액수는 얼마에요?
상담사: 이제 특이하게 보험기관 중 피보험자 님께서
상담사: 질병 또는 재해로 인해서
고객: 네.
상담사: 그 치료를 목적으로 요양병원을 제외한 의료 기관에 1일 이상 입원해서
고객: 네.
상담사: 그 간병인을 사용을 해서 실질적으로 간병 서비스를 이용하는 경우에 해당이 되고 있고
고객: 아니요.
상담사: 1회 2분당 사용 일수는 30일 한도로 되어있구요.
고객: 이용을 하고 있습니다.
상담사: 그 계약일로부터 만 2년이 지난 날에
상담사: 계약일에 전일까지 이전에는
고객: 네.
상담사: 혹시라도 질병으로 인해서 간병인을 사용한다라고 하면 50프로만 지급이 될 건데
상담사: 고객님 일
상담사: 2년이 넘으시면 15만 원 되어 있고요 고객님.
상담사: 그래서 간병인 사용 기본 급여금액 사용 일수는 1일당 8시간 이상 사용을 해야 된다라고 되어 있어요.
고객: 응.
고객: 그니까 그것도 내 아무것도 아닌 거 같네.
고객: 그러면요 그 간병비가 드는 액수가 얼마예요?
상담사: 간병비 요금이
고객: 네.
상담사: 시복
상담사: 되어 있고요.
고객: 얼마야?
상담사: 15만 원
고객: 아니 아니 그럼 이거 이게 전화로 와서 들었는데 이게 간병비라는데
상담사: 보험료가요?
고객: 지금 암에 대해서는 19만 5500원인가 뭐 그렇다 하면요.
상담사: 19580원이실 거고
상담사: 네 5월달에 계약하신 계약금은 3만 1043원입니다.
고객: 그거를 나는 해야 해 주세요.
상담사: 해지하실 겁니까? 고객님.
고객: 네 간병비
고객: 예 일시정지 했을 거예요 지난번 전화 한번 했을 때 근데
상담사: 그래도
상담사: 아 자동이체 해지 되어 있긴 하거든요.
고객: 네 네.
상담사: 네.
고객: 그거를
고객: 어 저 일시정지라고 그러는데 아 안전 해제가 있어요 왜냐하면
상담사: 아 완전히
고객: 130일 해봐야 아무것도 아닌 거 같애.
상담사: 근데 이제 고객님 보험료를
상담사: 8월까지 납입을 하셨기 때문에 보험료 납입하지 않더라도 다음 달 말까지 보장받을 수도 있으실 거예요.
고객: 네.
상담사: 지금 해지를 해버리면 해지 완전히 보장이 안되기 때문에
고객: 네 네.
상담사: 금액은 지금 회전 합격금이 4067원이시라
고객: 네.
상담사: 우선은 말씀드린 것처럼 이번 달부터는 보험료 납입하지 않더라도 다음 달 말까지 보장을 받을 수가 있기 때문에 그 안에 조금 생각해보시고 고객님 우선은 보험료 납입이 안 되기 때문에
고객: 아니 지금 간병비를 지금
고객: 뭐
고객: 오히려 좀 더 길게 하는 게 낫지 않나 싶어가지고
상담사: 음 그
고객: 네. 딴 데 누가 아는 사람이
상담사: 네
고객: 저 그죠.
고객: 이 그냥 에이아이는 암범만 남겨놓고 그 감정비 전화를 해가지고 들은 거는 빼주세요 아예 지금
상담사: 근데 이제 어차피 고객님 이것도 지금 자동 제기되어 있기 때문에 보험료 납입하지 않더라도 다음 달 말까지 보장받을 수가 있거든요 고객님.
고객: 그러니까 이제 지금 아예 해지를 해야지 또 다음 달 말에 또 전화해야 돼요?
상담사: 어 그냥 보장 받으시면 돼요. 그 이후에는 언제든지 해지하셔도 상관은 없기 때문에
고객: 그러니까 그 이후에 해제하지 말고 오늘 그냥 아예 해제해 주세요.
상담사: 해지하실 겁니까 고객님 그래도 이것도 이제 30일이 보장이 되는 거고 이게 길게 하게 되면 그만큼 보험료가 많이 비싸실 거예요.
고객: 네.
고객: 그래서 그런 것 같애.
상담사: 그니까 어 그렇기 때문에 그래도 고객님 유지를 어렵게 또 지금 3개월이 넘으셨 이런 부분이기 때문에
상담사: 생각을 해보
고객: 네.
상담사: 오
고객: 아니요 생각하지 말고요 그냥 해주세요.
상담사: 알겠습니다 그러면 등급 번호 68354998번 해지 확급금 4067원으로 확인되고 있기 때문에 인증하고 업무 처리할 거라 지금 제가 핸드폰으로 인증 번호 문자 남겨 드리면 보고 저한테 말씀하.
상담사: 가능하실까요?
고객: 그러면 암 보험만 만
고객: 구청
고객: 500 5500 5885점이라고 그랬나?
상담사: 19580원입니다.
고객: 19500
고객: 80원만 내는 내는 되는 거고 나머지는 이제
고객: 해제하는 걸로요.
상담사: 네 인증하도록 하겠습니다 신분증 주민등록증이나 운전면허증 중에 가지고 있는 거 있으세요?
고객: 있어요.
상담사: 어느 거 가지고 있으세요?
고객: 운전면허증도 있고 신분증도 있고
상담사: 그러면 운전면허증 면허번호가 있으실 거기 때문에 그거 말씀해주세요.
고객: 잠깐만요.
상담사: 네 의원님
고객: 네. 회원님 기다려주셔서 감사합니다. 일단은 저희가 확인을 해보니까 지금 수강 이력이 별로 없으신 걸로 확인이 되시고요. 저희가 이제 수강 이력이 별로 없기 때문에 전액 환불 가능하세요.
고객: 운전면허증을 불러드려요?
상담사: 네 고객님 운전면허증 면허번호 있으실 거예요?
고객: 잠깐만요.
고객: 이게 어떤 게 번호인지 모르겠네.
상담사: 위쪽에 굵은 숫자로 되어 있는 거 있으실 거예요.
고객: 아 큰 숫자요?
고객: 11 다시 8 9 다시
고객: 전화번호 다시 불러드릴까요?
상담사: 네
상담사: 확인 아니요 고객님 인증하도록 하겠습니다 괜찮습니다.
상담사: 네 인증되셨고 실례지만 고객님 국적과 실제 거주하신 곳은 동일하게 한국인 맞으십니까?
고객: 음 네 네.
상담사: 네 우리나라 이외에 다른 나라 세금 납부하시는 거 없으십니까?
고객: 없어요 없어요 네.
상담사: 네.
상담사: 아 지급받으실 계좌와 은행명 말씀해 주시겠습니까?
고객: 국민은행이요.
상담사: 네 국민은행 계좌 번호 말씀해 주세요.
고객: 급식도 가져야 되는데
고객: 네.
고객: 474101
상담사: 4741
고객: 011 다시.
상담사: 0 1 네.
고객: 04 다시
상담사: 네.
고객: 032548이요.
상담사: 0325481번요 확인하도록 하겠습니다.
고객: 네.
상담사: 네 계좌번호 확인되고 있고요 지금 신청을 하게 되면 2시간 이내로 말씀하신 국민은행 계좌로 지급됩니다 해지 녹취 외는 법률액이 발생되지 않으실 거고 해지 취소 가능하지 않으실 겁니다 접수해 드렸어요.
고객: 그러면 인제 다음주에 저기
고객: 9월달부터는 안 나오는 거죠?
상담사: 어차피 9월부터는 납입 안 되실 거예요. 자동 제지 되어 있기 때문에 출금 처리가 되거나 그러진 않아요. 고객님.
고객: 음 그러면 인제 보호자가 암보험만
고객: 나가게 되겠군요.
상담사: 네 맞습니다.
고객: 아이고 180원 어우 수고하셨습니다.
상담사: 네 감사합니다. 고맙습니다.
고객: 네에.","박성신 고객님은 암보험(보험료 19,580원)과 간병입원비 보험(5월 계약, 보험료 31,043원)을 가입하셨으며, 현재 간병입원비 보험의 보장 기간은 30일 한도로, 1일당 8시간 이상 간병인 사용 시 15만 원의 급여금이 지급되며, 계약일로부터 2년이 경과한 경우에 해당됩니다. 간병입원비 보험은 8월까지 보험료 납입이 완료되어 다음 달 말까지 보장을 받을 수 있으며, 해지 시 확정 금액은 4,067원으로, 국민은행 계좌(474101-011-0403****)로 2시간 이내 지급됩니다. 고객님은 간병입원비 보험만 해지 요청하셨으며, 암보험은 유지하시기로 결정하였습니다.","계약건 2건의 보험료, 일반암, 특정암, 자궁안, 간병비등 문의하셔서 보험료 및 보장내용 설명
암보험 놔두고 간병비 보험 해지요청하심
증권번호 68354998 해지 환급금이 4067 원 해지접수
2시간이내 지급되며 보험료력 발생되지않고 해지취소 가능하지 않음","계약건 2건
보험료
일반암
특정암
자궁암
간병비
보장내용 설명
암보험
간병비보험 해지요청
증권번호 68354998
해지환급금 4067원
해지접수
2시간내 지급
보험료력 발생없음
해지취소 불가",가능,0.85,"모든 요약 내용이 STT에서 확인됨. '등급 번호'='증권번호', '확급금'='환급금', '법률액'='보험료력'은 STT 인식 변형이나 문맥상 의미 일치",가능,,test,2026-03-05T23:01:45.758363,,,,,가능,,,,,오답,,"정보_누락, STT_내용_추가(정상)","정보_누락: 해지취소 가능하지 않음, 보험료력 발생되지 않음이 generated에 누락됨; STT_내용_추가(정상): 각 보험 보험료 금액(암보험 19,580원, 간병입원비 31,043원), 지급 계좌 등 STT에 있는 내용이 generated에 추가됨. STT 전사 정상",Y,,오답,,"{'label': '정보_누락', 'action': 'keep'}, {'label': 'STT_내용_추가(정상)', 'action': 'keep'}",E147381,2026-03-10T17:25:50.206104,,,,,,,,
380,"상담사: 반갑습니다. 좋은 시간입니다.
고객: 아 보험금 청구를 서류를 팩스로 보냈는데요.
상담사: 아 네 네.
고객: 어 서류는 거 팩스도 잘 도착했다고 저기는 왔는데 그게 맞는지 아님 더 필요한 게 있는지 확인해 볼라 그러거든요?
상담사: 어떤 분 걸 청구하셨어요 고객님?
고객: 상해 보험이 진 그 진단 그 저 입원비
상담사: 우선은 권영문 고객님 계약자인 분이 맞으십니까?
고객: 네 네.
상담사: 네 핸드폰 번호 010 8461 뒷자리 어떻게 되십니까?
고객: 8200번인데요.
상담사: 네 생년월일 앞자리가 어떻게 되세요? 고객님?
고객: 61년 3월 3일
상담사: 네. 군님 확인 감사드립니다.
상담사: 보험금 청구를 고객님 거를 하셨다라는 말씀이에요?
고객: 네 네 네.
상담사: 음 그러세요. 고객님 확인을 해볼까요. 잠시만 기다려 주시겠습니까.
고객: 네 네.
상담사: 어 언제 넣으셨어요 고객님?
고객: 쪼끔 아까 놨는데요.
상담사: 잠시만요. 상해 입원비를 청구를 하셨다고요 고객님?
고객: 예.
상담사: 입원비가 보장되는 내용이 없는데 저희 쪽에는
고객: 있
고객: 고 입원비가 아니고 입원일당 입원일당
상담사: 얼마
상담사: 그 저희가 이제
고객: AI 아닌가요?
상담사: 저희 쪽에 유지하신 계약건은 얼마 전에 계약하신 계약건 한 건밖에 없는데 9월 5일
고객: 아 뭐 아 AI AI AI 뭐 이런 거구나.
상담사: AIG 손해보험이실까요? 저희 쪽에는 얼마 전에 계약하신 계약 건 1건밖에 없습니다.
고객: 네 네.
고객: 아 네 알겠 죄송합니다.
상담사: 네 고맙습니다 감사합니다.
고객: 예. 예.
고객: 아니요.
고객: 아니요.
고객: 네 어떤 거요?
상담사: 고객님 전화가 종료되지 않으셨습니다.
고객: 아 그러네 전화 끊어주세요.
상담사: 네.
상담사: 네 종료하도록 하겠습니다 고맙습니다.","고객은 상해 보험의 입원일당을 청구하기 위해 서류를 팩스로 제출했으며, 해당 서류가 도착했는지 확인을 요청함. 계약자는 권영문으로, 핸드폰 번호는 010-8461-****, 생년월일은 1961년 3월 3일. 청구 시점은 최근이며, 계약일은 9월 5일. 고객은 입원비가 아닌 입원일당을 청구했음을 설명함.","조금전 상해 입원비 청구차 팩스발송했다고 확인요청
9.5일 얼마전 가입한 계약 1건밖에 없고 상해 입원비 없음
aig 아닌지 여쭤보니 죄송하다고 종료","상해 입원비 청구
팩스 발송 확인요청
9.5일 가입
계약 1건
상해 입원비 없음
AIG 아님
죄송
종료",가능,0.95,"팩스 발송 확인요청, 9월 5일 가입 계약 1건에 상해입원비 없음, AIG 문의 후 죄송하다고 종료 등 모든 내용이 STT에서 확인됨",가능,,test,2026-03-05T22:56:51.827962,,,,,가능,,,,,정답,,"정보_누락, STT_내용_추가(정상)","정보_누락: 상해 입원비 없음(chunk2), AIG 아닌지 확인 후 죄송하다고 종료(chunk3) 누락; STT_내용_추가(정상): 고객 인적사항(권영문, 전화번호, 생년월일)이 STT에서 정상 전사된 내용으로 추가됨",Y,,오답,,"{'label': '정보_누락', 'action': 'keep'}, {'label': 'STT_내용_추가(정상)', 'action': 'keep'}",E147381,2026-03-10T17:26:31.410355,,,,,,,,
385,"상담사: 반갑습니다. 좋은 의실입니다.
고객: 네 안녕하세요 제가 예전에 저희 아버지가 보험
상담사: 네 고객님.
고객: 1년 청구하셨던 내용이 있었는데
상담사: 네네.
고객: 아버지가 돌아가셔서 성적인 제가
고객: 이제 수입 검사를 변경해 가지고 어쨌든 신청을 한 적이 있었거든요.
상담사: 아 그러셨어요. 네 이분이
고객: 네 그리고 서류 접수를 이제 하는 도중에 제가 잠깐 승소 관련해서 알아볼 게 있어서
고객: 약간 일시정지 시켜갖고 했던 게 있었는데
상담사: 네.
고객: 다시 진행하고 싶어서 연락드렸습니다.
상담사: 아 그러실까요 그러면 우선은 죄송합니다 입력하신 번호로 계약 건이 없기 때문에 제가 ARS 연결해드리면 아버님 주민등록번호 한번 입력해주시겠어요 어머니?
상담사: 제가 1, ****************
고객: 네 알겠습니다.
고객: 네.
상담사: 네 연결 한번 하도록 하겠습니다.
고객: 네.
상담사: 네 고객님 그러면 제가 확인해 볼 거기 때문에 아버님 성함은 어떻게 되실까요?
고객: 네.
고객: 임병선입니다.
상담사: 네 확인해 보도록 하겠습니다.
고객: 네.
상담사: 고객님 성함은 어떻게 되실까요?
고객: 저는 임재윤입니다.
상담사: 아 그러세요 고객님?
상담사: 아 그러면 고객님 이거 그.
상담사: 그 직원이 다시 심사 진행해 달라는 말씀이잖아요?
상담사: 네 알겠습니다 고객님 심사 진행할 수 있도록 요청을 해드릴 거고 제가 해당 부서에서 혹시라도 안내 사항이 있으시면 연락을 드릴 수 있는 거기 때문에 이 부분 참고해주시구요 고객님 그러면 다시 요청하도록 하겠습니다.
고객: 네 감사합니다.
고객: 어 그러면 일시정지했던 내용이 남아있는 건가요?
상담사: 어 네 지금 청구권은 확인되고 있고 중지가 되어 있다라고 되어 있기 때문에 거 그러면 다시 네 심사 진행되실 수 있도록 요청하도록 하겠습니다 고객님.
고객: 아 네 감사합니다 그러면 그 심사 진행
상담사: 고맙습니다.
고객: 등에 대한 내용을
상담사: 아마 연락을 드릴 거 같애요 고객님 네 네 그래서 우선은 제가 요청해 드릴게요 고객님.
고객: 아 네네.
고객: 아 네 알겠습니다.
고객: 네 감사합니다.
상담사: 네 고맙습니다. 감사합니다.
고객: 네.","고객은 아버지 임병선의 보험 청구 관련 수입 검사 변경 신청을 위해 일시정지 상태였던 절차를 재개하기 위해 연락하였으며, 고객 본인은 임재윤이며, 아버지의 주민등록번호와 성함을 제공하여 심사 재진행 요청을 받음.","부친 사망으로 보험금 청구 보류건 심사 진행요청
중지된 상태인 보험금 청구건 확인되어 심사 진행할수있게 해당부서 요청해드림/ 안내사항있으면 해당부서에서 연락드림","부친사망
보험금청구보류
심사진행요청
보험금청구중지
보험금청구확인
해당부서요청
안내사항연락",가능,0.9,"부친 사망 보험금 청구 보류건의 심사 재진행 요청, 청구건 중지 확인 후 해당부서 요청, 안내사항 연락 안내 등 모든 내용이 STT에서 확인됨",가능,,test,2026-03-05T22:57:50.199038,,,,,가능,,,,,오답,,"해석_오류, 정보_누락, STT_내용_추가(정상)",해석_오류: 부친 사망으로 인한 보험금 청구 심사 재진행 요청을 '수입 검사 변경 신청'으로 잘못 해석; 정보_누락: 안내사항 있으면 해당부서에서 연락드림(chunk3) 누락; STT_내용_추가(정상): 고객 및 아버지 이름 등 인적사항이 STT 정상 전사 내용으로 추가됨,Y,,오답,,"{'label': '해석_오류', 'action': 'keep'}, {'label': '정보_누락', 'action': 'keep'}, {'label': 'STT_내용_추가(정상)', 'action': 'keep'}",E147381,2026-03-10T17:27:55.152936,,,,,,,,
386,"상담사: 반갑습니다. 박근화입니다.
고객: 아 그
고객: 뭐야 건강
고객: 건강진단자금 그거 탈라 그러는데요잉
상담사: 네 고객님 제가 정보 확인 후 안내 도와드리겠습니다 전화 주신 분은
고객: 네 해주세요.
고객: 박해자요.
상담사: 네 어
상담사: 생년월일은 어떻게 되세요?
고객: 5월 15일 08월 16일이요.
상담사: 핸드폰 번호는 010 3642 뒤 4자리 어떻게 되세요?
고객: 1579요.
상담사: 아
상담사: 건강 진단 자금이요.
상담사: 확인해 보겠습니다.
상담사: 음.
상담사: 네 건강진단자금이
상담사: 어 있으시네요.
고객: 음
상담사: 예.
상담사: 아니
고객: 거 몇 번 탔어요?
고객: 60 60세 버텼당디
상담사: 음
상담사: 음
상담사: 네 지금
상담사: 고객님이 올해 70세시네요.
고객: 네
상담사: 하시는 거고요. 이제 2번 남았어요.
고객: 아 세 번째 타요.
상담사: 네
고객: 어디 농협 통장으로 들어왔나요?
상담사: 음
상담사: 잠시만요.
상담사: 아
상담사: 22년도에
상담사: 아
상담사: 농협 3020으로 시작하는 계좌로 송금 받으셨어요.
고객: 60세 때는 어디 돈으로 줬어요?
상담사: 음
상담사: 60세 때는
상담사: 동일하게
상담사: 그 계좌로
상담사: 타셨어요.
고객: 공유계는 창공이 공
상담사: 네.네.
고객: 218 1318 하나하나요?
상담사: 네.
상담사: 네
고객: 네.
고객: 아 예 이번에 70세 때 예 50만 원
상담사: 네.
상담사: 지금 지급 처리해 드릴게요.
고객: 네.
상담사: 고객님 신분증 있으세요?
고객: 저 뭐 있어요.
고객: 네.
상담사: 음
고객: 운전면허증
상담사: 아 운전면허증 있으시면
고객: 음
상담사: 어 운전 면허번호 불러 주세요.
고객: 네.
고객: 169511
상담사: 네
상담사: 네.
상담사: 증권번호 13281528에서 중도 보험금이 발생했습니다.
고객: 네.
상담사: 지급받으실 금액은 509432원이에요 접수 후 취소는 가능하지 않습니다.
고객: 음
상담사: 실례지만 고객님 국적과 실제 거주하시는 곳은 동일하게 한국이시죠?
고객: 네.
상담사: 다른 나라에 세금 납부하시는 것 있으십니까?
고객: 네. 알겠습니다.
고객: 네 일단은
상담사: 음
상담사: 어떤 과정을 하시는지?
상담사: 네.
상담사: 아 고객님.
고객: 네.
상담사: 지금 어
상담사: 운전면허증 보시면은
상담사: 그 갱신 일자 있어요.
고객: 그러니까 뭐
상담사: 예.
상담사: 아니요 괜찮아요.
고객: 갱신 일자가 어디가
고객: 앞에요?
상담사: 그 늦은 날짜 있어요 12월 31일.
고객: 기간
상담사: 그 예 기관에서 예 기관에서
고객: 변심기간
고객: 아 2019년 12월 31일.
상담사: 네.
상담사: 고객님 이 계약의 실제 소유자가 고객님 맞으시죠?
고객: 맞아요.
상담사: 네.
고객: 맞은 게 전화하데이. 알아서 어찌 바보소.
상담사: 저 1번 더
고객: 그럼 뭐 대학교 다 치면 나오잖아요.
상담사: 네 어 고객님
고객: 52세 때 들었는디 세상이 이거이
상담사: 네 음
고객: 28년생들
상담사: 음
고객: 어 설명도 안 하고 이따구로 해놨어.
상담사: 음
고객: 세상에
고객: 이거이 28년짜리 저기 해야지.
상담사: 고객님.
상담사: 어 고객님.
상담사: 지금 제가 질문을
고객: 예.
상담사: 좀 더 드려야 돼서요 고객님 제가 더 질문도 드릴게요 실례지만 하시는 일이 어떻게 되세요?
고객: 네.
고객: 네.
고객: 주부요.
상담사: 네.
상담사: 저희가 이렇게
상담사: 응.
고객: 응
상담사: 있어서
상담사: 그거는 일단 그쪽에서 다음날 했을 경우에 차단이 되니까
고객: 예.
상담사: 같이 갔다.
상담사: 예.
상담사: 환불처리 도움드리도록 하겠습니다.
상담사: 송금 받으실 계좌는 신한은행과 농협 있으신데 어느 계좌 편하세요? 네.
고객: 너무 아.
고객: 농협 302 0118 1318 11
상담사: 음
상담사: 음
상담사: 네 농협 302로 시작하는 계좌로 송금 신청해 드리겠습니다.
고객: 네 신한은행 통장이 지금도 살아 있어요?
상담사: 어 예 요기는 등록이 돼 있으세요.
고객: 아 그거는 에
상담사: 음
고객: 신한은행이요.
고객: 농협 밖에 안 사요.
상담사: 아 그러세요?
고객: 어 어
상담사: 고객님 저희가 이제 오늘은 5시 전이면 신청을 하셨으면 오늘 지급이 되시는데 이제 5시가 넘어서 내일
상담사: 10시 정도에 지급될 예정이에요.
고객: 네 알겠습니다.
상담사: 네 고객님 저희가 이제
고객: 네
상담사: 인터넷 홈페이지에 업로드를 진행해 주시면은 어
상담사: 어 중도금 중도보험금 발생할 때 이렇게 이제 저희가
상담사: 어 자동 송금 2회분 남은 거에 대해서는 자동 송금 신청해 드릴까요?
고객: 뭔 이
상담사: 이렇게 전화 안 하셔도 되고 5년 단위로 이거 신청 예 이거 되는데 저희가
고객: 예 예예.
고객: 예. 중등
고객: 네.
고객: 그 당에게
상담사: 네
고객: 해당 일이
상담사: 음 네.
고객: 그 자동으로 해주세요.
상담사: 예 잠깐만
고객: 그거 안 찾고 나와도 뭐 이자가 발생하기는 하지요.
상담사: 어 이제 그런 부분은 있으시지만 그때그때 찾아서 사용하시는 게 좋으시죠.
상담사: 고객님.
상담사: 지금 예 요거
고객: 예.
상담사: 자동 신청 예 자동 송금 신청해 드릴게요. 이거 농협으로 해드리면 될까요?
고객: 자동으로 했었어요.
고객: 오예.
고객: 용협으로요.
상담사: 네
상담사: 음
상담사: 이자가 붙어봤자 얼마나 붙겠습니까?
고객: 네.
상담사: 네.
상담사: 실례지만 고객님 국적과 아
상담사: 어 고객님
상담사: 신분증 아 제 핸드폰으로
고객: 네.
상담사: 그 인증번호 보실 수 있으세요?
고객: 네.
고객: 예.
상담사: 아 그러세요?
상담사: 허 고객님 인증번호 어 이게 못 보시는 분들도 계시더라구요.
고객: 예.
상담사: 와우 와우
고객: 문자로요? 네.
상담사: 예 예.
고객: 문자로
상담사: 고객님 통신사.
고객: 네.
상담사: 통신사가 어느 통신사 이용하세요?
고객: L기 12톤이요.
상담사: 아 네.
고객: 그거 봐요?
상담사: 제가 잠시만 기다리세요.
고객: 네 네.
상담사: 휴대폰 본인 확인 서비스 이용과 관련하여 고객님의 정보를 수집 이용 취급 위탁하고 고유 식별 정보를 처리하는 것에 동의하십니까?
고객: 예 예.
상담사: 네 제가 인증 번호 6자리 보내드렸어요 저한테 불러주시면 됩니다.
고객: 네.
고객: 음
고객: 369506
상담사: 네.
상담사: 확인되셨습니다.
고객: 네.
고객: 뭐.
상담사: 정신이 없어.
상담사: 실례지만 고객님 국적과
상담사: 실제 거주하시는 곳은 동일하게 한국 맞으시죠?
고객: 네에
상담사: 다른 나라에 세금 납부하시는 것 있으십니까?
고객: 없어요.
상담사: 네
고객: 없어요.
고객: 어
상담사: 송금 받으실 계좌는 302로 시작하는 농협 계좌예요. 고객님
고객: 네 3020118
상담사: 네
상담사: 네.
상담사: 네 맞아요 네
고객: 7 3 1 8 1 1
상담사: 네
고객: 네.
고객: 다 됐나요?
상담사: 네.
상담사: 어 신청 접수해 드렸습니다. 이제 다음 네 네.
고객: 그러고 그다음에는
상담사: 네.
고객: 네 그 해당이 됐
상담사: 네 그 자동 송금 신청 받으.
고객: 네.
상담사: 바로 처리되는 거예요.
고객: 예 그때는 그런 거 안 물어보니까 몰랐지.
상담사: 네.
상담사: 네 네
상담사: 네.
고객: 네 감사합니다.
상담사: 감사합니다 건강하세요.
고객: 네 감사합니다.
상담사: 상담이 종료되어 통화를 종료하겠습니다.","박해자 고객님은 1958년 5월 15일생으로, 70세 시점에 건강진단자금 중도보험금 509,432원을 지급받기 위해 상담을 진행하셨으며, 송금 계좌로 농협 302011813**** 계좌를 사용하시기로 하셨고, 자동 송금 신청을 완료하셨습니다.","건강진단자금 지급받은 내역과 신청요청
22년도와 60세때 농협 3020으로 시작하는 계좌로 받음
증13281528 중도보험금 50 19432 원 접수/ 취소어려움
내일 10시 지급예정임
자동송금 신청/ 추후 해당일에 자동송금됨안내","건강진단자금 지급내역
신청요청
22년도
60세때
농협3020계좌
증13281528
중도보험금
50 19432원
접수
취소어려움
내일10시
지급예정
자동송금 신청
추후 해당일 자동송금 안내",가능,0.9,모든 요약 내용이 STT에서 확인됨. 레퍼런스의 '50 19432원'은 STT상 '509432원'으로 표기 차이만 있음,가능,,test,2026-03-05T22:00:22.579879,,,,,가능,,,,,오답,,"정보_누락, STT_내용_추가(오전사)","정보_누락: 22년도/60세 때 농협3020 수령 내역(chunk2), 취소어려움(chunk3), 내일 10시 지급예정(chunk4) 누락; STT_내용_추가(오전사): STT 오전사된 생년월일(5월15일 08월16일)을 1958년5월15일로 잘못 해석하여 추가",Y,,오답,,"{'label': '정보_누락', 'action': 'keep'}, {'label': 'STT_내용_추가(오전사)', 'action': 'keep'}",E147381,2026-03-10T17:30:45.922030,,,,,,,,
388,"상담사: 반갑습니다. 좋은 시간입니다.
고객: 네 보험금 청구할려고 그러거든요.
상담사: 그러세요 이복인 고객님 계약자인 분이 맞으십니까?
고객: 네.
고객: 네.
상담사: 네 핸드폰 번호 010 4296 뒷자리 어떻게 되세요?
고객: 231들이요.
상담사: 네 생년월일 앞자리가 어떻게 되십니까? 고객님
고객: 061014면
상담사: 네 확인 감사드립니다 제가 핸드폰 유선 접수해 드릴 거라 고객님 신분증 주민등록증이나 운전면허증 중에 가지고 있는 거 있으세요?
고객: 네 다 준비해 놨어요.
상담사: 아 그러시구나 그러면 주민등록증 발급일자 보고 말씀해 주시겠어요?
고객: 공
고객: 네 확인 되셨고요.
고객: 어 발급 일자가 2000, ***********
상담사: 네 2000년 4월 18일
상담사: 확인하도록 하겠습니다.
고객: 네.
고객: 네.
상담사: 네 인증되셨고 실례지만 고객님 국적과 실제 거주하신 곳은 동일하게 한국이 맞으십니까?
고객: 네
상담사: 네 우리나라 이외에 다른 나라 세금 납부 하시는 거 없으시죠.
고객: 없어요.
상담사: 네 이 계약의 실제 소유자 계약자님 고객님 분이 맞으십니까?
고객: 네.
상담사: 네 하시는 일은 어떻게 되세요?
고객: 전화 좀 주세요.
상담사: 아 네 확인하 해 보도록 하겠습니다.
상담사: 전산 입력하고 있기 때문에 고객님 어떤 수술 받으셨어요?
고객: 음
고객: 좌측 제5 중족골
상담사: 골절 진단 받으셨어요?
고객: 네.
상담사: 아 골절 급여금 청구하실 겁니까 고객님.
고객: 네네네.
상담사: 아 잠시만 기다려 주겠습니까?
고객: 네.
상담사: 어 골절 진단 받고 혹시라도 입원 수술하셨습니까 고객님?
고객: 네
상담사: 아 입원은 며칠 정도 하셨어요?
고객: 4일이요?
상담사: 아 4일 입원하셨고 그러면 뭐 핀 고정 수술 하셨습니까 고객님?
고객: 네.
상담사: 아 다쳐서 핀 고정 수사하셨다는 말씀이에요?
고객: 네.
상담사: 아 고객님께서 말씀이시죠 고객님?
고객: 네.
상담사: 알겠습니다 아 네 의료 수급권자는 아니시죠?
고객: 네.
상담사: 네 보험금 지급사에 대해서 저희가 문자 남겨드릴 건데 괜찮으실까요?
고객: 네.
상담사: 네.
상담사: 어 보험금 청구가 되면 어떻게 진행이 되는지 저희가 안내해 드리고 있는데 문자 우편 전화 어느 쪽이 편하실까요?
고객: 아 이거 링크 전번에 보내주신다고 했는데 이게 전화 통화하면서 링크 가능하다고 했는데
상담사: 아니 그러니까 제가 해드릴 거기 때문에 우선은
상담사: 문자 우편 전화 어느 쪽이 편하세요 안내는.
고객: 네 네
고객: 전화요 전화요.
상담사: 장애인으로 등록되어 있지는 않으실 거고
고객: 오 문자로 주세요 문자로.
상담사: 지금
상담사: 그러니까 알겠습니다 문자 알겠습니다 지급 받으실 계좌와 은행명 말씀해 주세요.
고객: 네.
고객: 국민은행
상담사: 네.
고객: 435
상담사: 435
고객: 공공이인
상담사: 공공이익
고객: 공임
상담사: 02에
고객: 349
상담사: 네 3 4 9
고객: 2억 1 1 2
상담사: 612번 계좌번호 확인할 건데
고객: 네.
상담사: 고객님 계좌번호 확인되고 있고 고객님 이게 뭐 다쳐서 언제 다치셨어요?
고객: 6월 29일 아유 저 8월 29일 밤에요.
상담사: 아 이게 뭐 넘어졌어요?
고객: 네 계단에서 넘어졌어요.
상담사: 아 그러면 뭐 어디서요 지 자택에서?
고객: 집에 집에선
상담사: 아 잠시만요. 이걸 내용을 좀 기재해야 되기 때문에
상담사: 아 자택에서 어디 계단에 자택 계단에서.
고객: 네 네.
상담사: 네
상담사: 잠시만요 넘어져서
상담사: 골절 진단을 받으셨다는 말씀이죠.
고객: 네.
상담사: 알겠습니다. 저 이거 고객님 제가 핸드폰 유선 접수 해드렸어요. 그 다음에.
고객: 네.
고객: 네.
상담사: 카카오톡으로 서류 등록하기라는 링크가 바로 가셨을 거거든요.
상담사: 그러면
고객: 네.
상담사: 그거 클릭하시고 개인 정보에 대해서 동의하신 다음에 그 병원에서 발급받으신 서류 필요한 서류를 제가 문자로 남겨드릴 거거든요.
상담사: 문자 받으셨죠? 필요한 서류는?
고객: 네.
상담사: 그 서류를 사진 찍어서 같이 첨부해 주시면 됩니다.
고객: 네 지금 서류가 다 옆에 있거든요.
상담사: 아 그러셨어요? 제가 유선 접수도 해드렸어요. 그러면 청구하게 되면 지급 여부 지급 금액 서류 심사해서 결정될 겁니다.
고객: 어.
고객: 그럼 지금 카톡으로 들어가서 이거 서류 접수하면 되는 건데
상담사: 네 카톡으로 문자 발송해드렸기 때문에 그거 클릭하시면 돼요.
고객: 아.
고객: 아 네네네 한번 들어가 보겠습니다.
상담사: 네 알겠습니다. 빠른 교육 바라겠습니다. 그리고 취해 당사 신경 학습에서 가진 분 건강 보험도 무료 상담이기 때문에 전화 오시면 상담 후 부탁드리겠습니다.
고객: 오.
상담사: 고맙습니다 고객님 빠른 개월바라겠습니다.
고객: 네.","이복인 고객님은 계약자로, 2000년 4월 18일 발급된 주민등록증을 소지하고 계시며, 국적과 거주지가 모두 한국입니다. 6월 29일(정정: 8월 29일) 자택 계단에서 넘어져 좌측 제5 중족골 골절 진단을 받았으며, 4일간 입원 후 핀 고정 수술을 받았습니다. 보험금 청구 목적은 골절 급여금이며, 의료 수급권자가 아닙니다. 국민은행 435-02-349-**** 계좌로 보험금 지급을 원하시며, 카카오톡을 통해 서류 등록 링크를 받으셨습니다. 필요한 서류는 병원에서 발급받은 서류이며, 사진 촬영 후 첨부하여 접수할 예정입니다.","보험금 청구문의/ 핸폰 유선접수 녹취완료
필요서류 문자발송해드림/ 카카오톡으로 서류 등록하기 링크 도착시 클릭후 개인정보 동의후 필요한 서류를 사진찍어서 첨부/ 청구시 심사후 결정됨","보험금청구
유선접수녹취완료
필요서류문자발송
카카오톡서류등록링크
개인정보동의
사진첨부
청구심사결정",가능,0.95,"모든 요약 내용이 STT에서 확인됨. 보험금 청구 절차(유선접수, 카카오톡 링크, 서류 첨부, 심사 결정) 모두 대화에서 확인 가능",가능,,test,2026-03-05T21:55:55.483168,,,,,가능,,,,,오답,,STT_내용_추가(정상),"STT_내용_추가(정상): 고객 인적사항(이복인, 신분증 발급일, 국적, 수술 내용, 계좌번호 등)이 STT 정상 전사 내용으로 추가됨",Y,,오답,,"{'label': 'STT_내용_추가(정상)', 'action': 'keep'}, {'label': '정보_누락', 'action': 'add', 'error_detail': '청구시 심사후 결정된다는 부분이 Generated에서 누락됨', 'chunks': [5]}",E147381,2026-03-10T17:32:30.232443,,,,,,,,
389,"상담사: 반갑습니다.
상담사: 반갑습니다. 좋은 의원실입니다.
고객: 네.
상담사: 네 고객님.
고객: 예 제가
고객: 어 치료 중이라 전화를 못 받았거든요 부재 고객센터에서.
상담사: 아 그러셨어요?
상담사: 네 군이
고객: 부재중이어가지고
상담사: 네 박태희 고객님 계약자님 본인 맞으십니까?
고객: 네.
상담사: 네 고객님 핸드폰 번호 010 6220 뒷자리 어떻게 되십니까?
고객: 267이요?
상담사: 네 생년월일 앞자리가 어떻게 되실까요? 고객님.
고객: 네 73년이요.
상담사: 네 몇 월 며칠이실까요?
고객: 10월 13일이요?
상담사: 네 고객님 확인 감사드립니다 고객님 저희가 고객님한테 연락을 드린 내용은 저희 쪽으로 이제 장기적으로 보험 잘 유지해주셔서 감사 인사 차 연락을 드린 걸로 확인되고 있습니다 고객님.
고객: 네.
고객: 네.
고객: 아 그런 거예요 예 알겠습니다 네.
상담사: 네 네 감사합니다.
고객: 네.
고객: 네.","박태희 고객님(계약자)께서 73년 10월 13일생으로, 핸드폰 번호 010-****-267이신 것으로 확인되었습니다. 고객님께 장기적으로 보험을 잘 유지해주셔서 감사 인사 차 연락을 드린 것으로 확인되었습니다.",부재중 전화문의/ 장기로 보험 잘 유지해 주셔서 감사 인사처 연락드림 안내,"부재중전화문의
장기보험유지
감사인사
연락드림
안내",가능,0.95,부재중 전화 문의 및 장기 보험 유지 감사 인사 안내 내용이 STT에서 모두 확인됨,가능,,test,2026-03-05T21:55:02.472082,,,,,가능,,,,,정답,,STT_내용_추가(정상),"STT_내용_추가(정상): 고객 인적사항(생년월일 73년10월13일, 전화번호)이 STT 정상 전사 내용으로 추가됨",Y,,과답,,"{'label': 'STT_내용_추가(정상)', 'action': 'keep'}",E147381,2026-03-10T17:32:50.871543,,,,,,,,
390,"상담사: 반갑습니다.조은실입니다.
고객: 저 자동이체 날짜 때문에 여쭤볼려구여.
상담사: 아 네 자동이체 일주일 말씀이에요?
고객: 네
상담사: 네 고객님 계약자님 본인 맞으십니까?
고객: 네 맞아요.
상담사: 네 핸드폰 번호 010 9211 뒷자리 어떻게 되십니까?
고객: 4830번이요.
상담사: 네 생년월일 앞자리가 어떻게 되십니까?
고객: 760720이요.
상담사: 네 고객님 확인 감사드립니다. 이체일은 25일이에요 고객님.
고객: 이거를 만약에 5일 자로 바꾸게 되면요.
상담사: 네네
고객: 이번 달은 지났잖아요.
상담사: 네네
고객: 그럼 언제 나가요 통장에서?
상담사: 어 인제 고객님.
상담사: 이번 달에 이체를 5일로 변경을 하게 되며 이번 달에는 오늘 변경을 한다라고 하면 10일날 출금 처리가 되실 겁니다.
고객: 아 10일날 나가요?
상담사: 네 네 그렇습니다.
고객: 아 아 네 이거 앱으로도 변경 가능한거죠?
상담사: 네 앱으로도 변경 가능합니다.
고객: 아 네. 일단 그러시면 저희가 정확한 안내를 위해서 실례지만 학생 회원님 아이디 말씀 부탁드리겠습니다.
고객: 아 네 알겠습니다.
상담사: 네 고맙습니다 감사합니다.
고객: 네.
고객: 감사합니다.","고객은 계약자 본인으로, 자동이체일을 25일에서 5일로 변경 요청함. 변경 시 이번 달(현재 달)에는 10일에 출금 처리됨. 앱을 통해도 변경 가능함.","이체일문의/ 
자동이체 이체일 25일이며 5일로 변경시 5일이 지나서 10일에 출금됨/ 앱으로 변경가능함","자동이체
이체일25일
이체일5일변경
5일경과
10일출금
앱변경가능",가능,0.95,"이체일 25일, 5일 변경시 10일 출금, 앱 변경 가능 등 모든 내용이 STT에서 확인됨",가능,,test,2026-03-05T21:28:01.647146,,,,,가능,,,,,정답,,,,N,generated가 reference를 정확히 반영,정답,,,heeaekwon,2026-03-10T21:49:54.571151,,,,,,,,
392,"고객: 근데
고객: 보험료도 저렴해야 돼
고객: 왜냐하면 이제 나이가 있는데 내가 보험료를 지금 아까처럼 막 800 1600
고객: 이렇게 될 수는 없잖아요.
상담사: 반갑습니다.
고객: 그러니까.
고객: 여보세요?
상담사: 네 반갑습니다.
고객: 네 네 저희 남편
상담사: 네.
상담사: 네.
고객: AI 보험
상담사: 네
고객: 어르신 거
상담사: 네.
고객: 요거 암 보험 요거 좀
고객: 어 알아보려고 전화드렸어요.
상담사: 아이고 아빠로서는 귀찮으시고요.
고객: 네.
상담사: 계획자님과 함께 계실까요?
고객: 네 네 옆에 계셔요.
상담사: 네 그럼
상담사: 그러면 바꿔주시겠습니까?
고객: 네.
상담사: 네.
고객: 말씀하세요.
고객: 예.
상담사: 네 반갑습니다 고객님.
상담사: 전화 받으신 분은 계약자 김진건 고객님 본인 되십니까?
고객: 예.
상담사: 네 고객님 생년월일은 어떻게 되세요?
고객: 560424
상담사: 네 고객님. 아니요 뒤에 말씀 안 해주셔도 괜찮구요.
고객: 예리
상담사: 자택 주소 말씀해 주시겠습니까?
고객: 예.
고객: 아 주소 지난번 어 고로구
상담사: 네.
고객: 구일로
고객: 길
상담사: 네.
상담사: 아니요.
고객: 저 27
상담사: 이거는 청소 버튼이신가요?
고객: A동
고객: 1412호
고객: 우리가 불러.
상담사: 네.
고객: SK 허브슨.
상담사: 구룩
상담사: 에스 네 주소가 변경되셨을까요? 고객님
고객: 예.
상담사: 아 그러셨어요 네 그러시면 네 고객님 휴대폰 번호 마지막 네 자리는 어떻게 되십니까?
고객: 1917
상담사: 네 그러면 혹시 고객님 충정로 주소 알고 계실까요?
고객: 아 추운 경로?
상담사: 네
상담사: 생각 안 나시면 고객님
상담사: 납부하고 계시는 은행 말씀해 주시겠습니까?
고객: 어
고객: 지금 하나은행으로 돼 있지 않나요?
상담사: 다른 곳으로 확인되는데요 고객님.
고객: 아 네. 회원님 기다려 주셔서 감사합니다.
고객: 그러면은
고객: 여기가
고객: 육림
상담사: 고객님 생각이 안 나실까요?
고객: 네 조금 왜냐면은 오래 전에 넣고 잊어버리고 그냥 이 보험료만 빠져나가고 있어가지고
상담사: 아니에요.
상담사: 네 그러셨군요 네.
고객: 오늘 네.
상담사: 네 그러시면 네.
상담사: 그 김진관 고객님 잠시 바꿔주기
상담사: 주시겠습니까?
고객: 예.
상담사: 네 고객님 옆에 계신 분 관계가 어떻게 되십니까?
고객: 예.
고객: 나 집사람 집사람인데요.
상담사: 네 그러시면 그 배우자분의 성함은 어떻게 되세요?
고객: 김성희.
상담사: 김승희 고객님께 고객님 모든의 알당에 대한 모든 안내를 드리는데 동의하십니까?
고객: 예.
상담사: 네 그러시면 네.
상담사: 같이 안내 도와드리도록 하겠습니다 암보험 문의를 해주셨는데요
고객: 예.
고객: 네.
상담사: 네.
상담사: 네 이 상품 보장 내용 안내 드리겠습니다.
상담사: 이 상품은 지금 나오는 상품과는 달리
고객: 예.
상담사: 측정함으로 빠지게 되는
상담사: 전립선암이나 대
상담사: 대장암 같은 경우가
상담사: 일반 업무로 보장되는 상품입니다.
고객: 네.
상담사: 그래서
상담사: 이렇게 지금은 특정하며 빠지게 되는 이러한 남들이 남들 200만원정도 포장 받으실 때 고객께서는 30000원으로
상담사: 보장을 받으실 수 있는 상품으로 일반 암 진단 시 추출에 대해 1000만 원 보장이 되고요.
상담사: 기타피부암 상피내암 진단시 각각 최초 1회 100만 원
고객: 예.
상담사: 경계성 종양 갑상선암 진단시 각각 최초 1회에 200만 원씩 포장이 됩니다.
고객: 네.
상담사: 그리고 고액암 진단시 최초 이래 5000만원 보장이 되시고요 그리고 만기시대에는 고객님께서 납입하신 주계약 보험료에 50프로를 지급을 해드리는 상품이시네요.
고객: 네.
상담사: 예.
상담사: 환급형 상품으로 가입해 주셨고 비갱신형에 그리고 일반 암으로 보장되는 범위가 넓은 상품으로 가입을 해 주신 계약건이니만큼 유지하시면 든든한 대비 되실 거예요 고객님.
고객: 그러면은요.
상담사: 네
고객: 이거 만약에 만기 시 50프로면은
상담사: 네
상담사: 네.
상담사: 네.
고객: 얼마가 되는 거예요 만기시 환급금.
상담사: 만기시 환급금 확인해 보겠습니다.네 2036년 3월 30일자가 만기이고요.
상담사: 네 324만원 지급되네요.
고객: 네.
고객: 324만 원요?
상담사: 네
고객: 네 그럼 만약에 지금 해약하면은요?
상담사: 어 오늘 해지하시게 되면 오늘 기준으로는
상담사: 308만 5000원 확인되고 있습니다.
고객: 308만 5000원요?
상담사: 네 그렇습니다. 고객님
고객: 예 그러면은
상담사: 네 네.
고객: 이걸 해약을 하면은
상담사: 네.
고객: 38만 원
상담사: 갈때를
고객: 예약 요거
상담사: 네
고객: 헤약해 주세요.
상담사: 그러세요? 그래도 완납 기간이 얼마 남지 않은 상품이시고 음
고객: 네.
고객: 네.
고객: 알고는 있는데
상담사: 네
고객: 지금 하면은 우리가 300, **********
상담사: 어
상담사: 네.
고객: 네 근데 나중에
고객: 얼마 안 남은 기간 다 내도 324만 원 받는데
상담사: 네.
상담사: 음 네.
고객: 그동안에 또 130만 원 내고
상담사: 음
고객: 받으면은 뭐 한 190만 원밖에
상담사: 네.
고객: 어 못 받잖아요 그러니까 지금 그냥 해야 하는 게
상담사: 수정을 했느냐
상담사: 아
고객: 300 받으니까
상담사: 그러셨군요.
고객: 예.
고객: 네.
상담사: 그래도 이렇게 남성분들이 특히나 많이 발병되는
고객: 응
고객: 아니아니.
상담사: 이렇게 특정 암으로 빠지게 되는 유방암이나 대장암이 일반암으로 보장이 되니까요.이런 보장성 생각하시면 유지하시고
고객: 네.
상담사: 음
상담사: 든든하게 이런 위험한 질환에 대해서 대비를 하시는 게 더 좋으실 것 같은데요 고객님.
고객: 아이 너무 연결도 힘들고
상담사: 음
상담사: 네.
고객: 너무 어려워요 원 에이아이에이가
상담사: 네
고객: 진짜 우리 30, **********
상담사: 네.
고객: 이거 하나 통화하느라고 들고 있었어요 근데 요거 그냥
상담사: 네.
고객: 해약해 주세요.
상담사: 그러세요.
고객: 네.
상담사: 음
상담사: 네 그러시면은 김진관 고객님과 접수 진행하도록 하겠습니다. 바꿔주시겠
고객: 네.
상담사: 네.
상담사: 네.
고객: 네.
고객: 예.
상담사: 네 고객님
상담사: 네 그러면 고객님께서 해당 계약 가입시에 통신 수단을 이용한 계약 해지에 동의하신 게 맞으세요?
고객: 예.
상담사: 네 아 고객님께서 아까 주소를 네 변경을 하셨어요.
고객: 예.
고객: 예 예.
상담사: 그러셔서 이제 주소를 최근에 변경하시게 될 경우에는
상담사: 해당 부서 금융사고 예방을 위해서 해당 부서 승인 후에 요청하신 업무 처리가 가능합니다 그래서 제가 빠르게 승인받은 후에 연락드려서 해지 접수 도와드릴 테니까요.
고객: 아니 근데
고객: 예.
상담사: 15889898번 전화 오면 받아 주세요 고객님.
고객: 이게
고객: 지금 바로 하는 거죠?
상담사: 네.
상담사: 아 지금 바로 접수가 어렵고요 제가 해당 부서에서 승인받은 후에 최대한 빨리 처리해달라고
고객: 네.
상담사: 네 요청을 하고 처리되는 대로 연락을 드려서 업무 진행하겠습니다.
고객: 너무 어려운데
상담사: 네.
상담사: 네 그래서
고객: 요거 좀 빨리 해주세요.
상담사: 네 빨리 네 승인받고 연락드리겠습니다. 15889898번 받아주세요.
고객: 네.
고객: 네 네.
고객: 네 네.
상담사: 네.
상담사: 연락드리겠습니다.
고객: 예.
상담사: 네.
고객: 네 감사합니다.","고객 김진건은 계약자로, 배우자 김성희와 함께 상담을 진행하며 암 보험 상품에 대한 정보 안내를 요청했다. 계약은 2036년 3월 30일 만기이며, 환급형 비갱신형 상품으로, 만기 시 납입한 보험료의 50%인 324만 원을 지급받는다. 현재 해약 시 환급금은 308만 5,000원이다. 고객은 보험료 부담과 절차의 번거로움을 이유로 해약을 요청했으며, 통신 수단을 통한 계약 해지에 동의했다. 주소가 변경된 상태로, 부서 승인 후 연락을 드리고 해지 접수를 진행할 예정이며, 1588****번 전화를 받을 것을 안내받았다.","가입건문의/ 배우자에게 안내해도 된다고 동의 얻음
암보험 보장내용읽어드림/ 비갱신형상품
2036.3월30일 만기시 만기환급금 324만원
해지시 오늘기준 308만 5000 원
주소를 변경하셔서 해당부서 승인후 연락드려서 해지접수 도와드리겠다 안내함","가입건문의
배우자동의
암보험
보장내용
비갱신형상품
2036년3월30일
만기환급금
324만원
해지시
308만5000원
주소변경
부서승인
해지접수도움",가능,0.95,"모든 요약 항목이 STT에서 명확히 확인됨. 가입건 문의, 배우자 동의, 암보험 보장내용 안내, 비갱신형, 만기환급금 324만원, 해지환급금 308만5천원, 주소변경으로 부서승인 후 해지접수 안내 모두 확인",가능,,test,2026-03-05T21:28:09.578725,,,,,가능,,,,,정답,,,,N,generated가 reference의 핵심 내용을 정확히 반영,과답,,"{'label': 'STT_내용_추가(정상)', 'action': 'add', 'error_detail': '계약자, 배우자의 이름,해지 이유가 Generated에 추가됨. STT전사 오류 없음 ', 'chunks': [1]}",heeaekwon,2026-03-10T22:32:42.504679,,,,,,,,
393,"상담사: 반갑습니다.
고객: 네 안녕하세요.
상담사: 네
고객: 그.
고객: 저는
고객: 저기 뭐야 그 혹시 보험 대출이 가능한지 전화드렸습니다.
상담사: 네 네
상담사: 네.
상담사: 정보 확인 후 안내 도와드리겠습니다 전화 주신 분은
고객: 네.
고객: 지금은 광역시 입니다.
상담사: 김 방송님 제작자 본인 맞으십니까?
고객: 네.
상담사: 생년월일은 어떻게 되세요?
고객: 60년 1월 15일 생입니다.
상담사: 네 핸드폰 번호는 0108948 뒤 4자리 어떻게 되세요?
고객: 5953번입니다.
상담사: 네.
상담사: 네 확인 감사합니다.
상담사: 증권번호 오늘 6361 3196에서
고객: 아 네.
상담사: 어
상담사: 이율은 5프로
고객: 예.
상담사: 대출 가능 금액은 9만 원이에요.
고객: 총 9만 원밖에 안 됩니까?
상담사: 아
상담사: 네 그렇게 나옵니다.
고객: 음 였습니까?
상담사: 네 감사합니다.
고객: 예.
상담사: 보호사기를 저장을 못하겠다.","고객은 김 방송(1960년 1월 15일생)으로, 광역시 거주자이며, 보험 대출 가능 여부를 문의함. 증권번호 6361 ****, 핸드폰 뒷번호 5953. 대출 이율은 5%, 대출 가능 금액은 9만 원으로 확인됨.","대출문의/ 증63613196에서 이율은 5%, 대출가능금액은 9만원임","대출문의
증63613196
이율5%
대출가능금액9만원",가능,0.95,"대출문의, 증권번호 63613196, 이율 5%, 대출가능금액 9만원 모두 STT에서 확인됨",가능,,test,2026-03-05T21:28:13.456705,,,,,가능,,,,,과답,,STT_내용_추가(정상),"STT_내용_추가(정상): 고객 이름, 생년월일, 거주지, 전화번호 등 인적사항이 STT 정상 전사 내용으로 추가됨",Y,,과답,,"{'label': 'STT_내용_추가(정상)', 'action': 'keep'}",E147381,2026-03-10T17:36:54.863330,,,,,,,,
394,"고객: 네. xx입니다.
상담사: 네 고객님 AI A 생명입니다.
상담사: 어 고객님 저
상담사: 그 창원에 팩스번호가
상담사: 053
고객: 네.
상담사: 8537735가 맞으세요?
고객: 네 맞습니다.
상담사: 네 확인 감사합니다.
고객: 네
상담사: 네
상담사: 얘가
상담사: 네 오빠도
상담사: 우체국도 있고 이런데서
상담사: 어 상담이 종료되어 통화를 종료하겠습니다.
고객: 네 여보세요.
고객: 감사합니다.
고객: 네.","고객은 xx이며, 창원 소재의 팩스번호 053-853****를 확인하였습니다.",청원에 팩스 번호가 0538537735가 맞으신지 여쭤보니 맞다고 하심/ 종료,"청원
팩스번호
0538537735
맞음
종료",가능,0.9,"팩스번호 053-8537735 확인, 고객 맞다고 답변, 상담 종료 모두 STT에서 확인됨. '청원/창원' 차이는 지명 인식 오류이나 전체 맥락 판단에 영향 없음",가능,,test,2026-03-05T21:28:17.774995,,,,,가능,,,,,오답,,정보_누락,정보_누락: 통화 종료 내용이 누락됨,Y,,오답,,"{'label': '정보_누락', 'action': 'keep'}",E147381,2026-03-10T17:37:31.600798,,,,,,,,
396,"상담사: 반갑습니다. 입니다.
고객: 네 혹시 조금이라도 약간 대출이 가능할까요?
상담사: 네 제가 어 정보 확인 후 안내 도와드리겠습니다 전화 주신 분요.
고객: 네네.
고객: 편한 숙이요?
상담사: 김현선 스님 계약자분이 맞으십니까?
고객: 네 감사합니다.
상담사: 스포지
고객: 네네.
상담사: 생년월일은 어떻게 되세요?
고객: 560 717
상담사: 네 핸드폰 번호는 010 6215 뒤 4자리 어떻게 되세요?
고객: 1006.
상담사: 네 확인 감사합니다 고객님 어 지금 약관 배출이 가능한 상품이 아니라고
상담사: 조회됩니다.
고객: 아 그래요?
상담사: 네
고객: 먼저는 된다 그랬었는데
상담사: 아 제가 음
상담사: 음 조회 한번 해보겠습니다.
고객: 네.
상담사: 네.
상담사: 음
상담사: 고객님께서 이제
상담사: 어 가지고 계시는 보험이 총 4건이세요.
상담사: 아 2건이세요 네 근데 2건에서
고객: 네에
고객: 네 네
상담사: 암보험은
상담사: 네
상담사: 아 증권번호 6 7 2 8 7 7 8 9 에 대한 암보험은 아예 이제 보험계약 대출이 가능한 상품이 아니구요.
고객: 네.
상담사: 네.
상담사: 혹시 인감증명서 받으셨을까요?
상담사: 어 이제 2대 질병 갱신보험
상담사: 이 건도
상담사: 이제 약관 대출이 불가한 상품이라고 나옵니다.
고객: 아 그래요 먼저 말씀을 잘못해 주셨구나 그럼
상담사: 네
상담사: 아
상담사: 저 제가요?
고객: 아니요 아니요 먼저
상담사: 아 예.
고객: 아 제가
상담사: 신청 저희 강사에 언니
고객: 여쭤봤더니
상담사: 네 네.
고객: 아 지난번에 그 연체된 거 다 되면은
상담사: 네 네
고객: 얼마가 된다고 얘기를 했던 것 같아서요 예 조금이라도 예 예.
상담사: 아
상담사: 아 그러셨어요 어
고객: 네 네
고객: 지금 일단은 연체된 거 없지요.
상담사: 혹시
상담사: 어
상담사: 네 8월분까지 2건에 대해서는 납입이 돼 있으시거든요.
고객: 네 네.
상담사: 네.
고객: 그런데 안 된다구요?
상담사: 예.
상담사: 최근에 판매가 종료돼 가지고
고객: 어 그니까 이제 수강 이력이 좀 있으셔서 원래 환불 금액이 48만 2811원이시거든요.
고객: 예 알겠습니다 예 예 아니 먼저 그거를 완납을 하면은 된다고 말씀을 하셔서
상담사: 네 감사합니다.
상담사: 네.
상담사: 예.
고객: 그래서 한번 물어보는 거예요 액수는 조금이어도 예.
상담사: 아
상담사: 아 그
상담사: 네.
상담사: 혹시 문의 주셨을 때가 언제쯤이셨는지
상담사: 기억나세요?
고객: 그때 아 그때 얼마 안 됐죠 제가 이십몇만 원인가 얼마를 한꺼번에
상담사: 음
상담사: 네.
고객: 몇 달 치를 그
상담사: 음
고객: 부활시켰잖아요 부활했잖아요 예.
상담사: 네.
상담사: 모르겠는데
상담사: 아니 감사합니다.
고객: 얼마 안 됐지요 한 1달 됐나 1달은 안 된 거 같애요.
상담사: 어
고객: 그도 하고
상담사: 음 저희가 조회를 이제 오늘 대출 가능한 금액이 있는지 조회를 해봤는데 어 이제 약간 대출이 가능한 상품이라고 나오지 않아서 저희가 고객님께 그대로 말씀드리는 부분이에요.
고객: 네 알겠습니다 예 예
상담사: 네 감사합니다.","고객은 김현선이며, 보험 계약자로, 현재 보유한 보험 상품이 총 2건이다.  
암보험(증권번호 6728****)과 2대 질병 갱신보험은 약관상 대출이 불가능한 상품으로 확인됨.  
고객은 지난번 상담 시 연체 완납 후 일부 대출이 가능할 수 있다고 안내받았다고 설명함.  
현재 8월분까지 납입이 완료되어 연체 없음.  
최근 판매가 종료된 상품으로, 환불 금액은 48만 2,811원임.  
상담사가 현재 대출 가능한 금액을 조회한 결과, 대출이 가능한 상품이 없음.","대출문의
증67287789 암보험과 2대질병보험 약관대출이 불가한 상품임/ 2건 최종납월 8월","대출문의
증67287789
암보험
2대질병보험
약관대출불가
2건
최종납월
8월",가능,0.9,"대출문의, 증권번호, 약관대출 불가, 2건 8월 납입 모두 STT에서 확인됨",가능,,test,2026-03-05T21:46:05.558293,,,,,가능,,,,,정답,,STT_내용_추가(정상),"STT_내용_추가(정상): 고객 이름(김현선), 총 보험 건수(2건) 등이 STT 정상 전사 내용으로 추가됨",Y,,과답,,"{'label': 'STT_내용_추가(정상)', 'action': 'modify', 'error_detail': '고객 이름(김현선), 총 보험 건수(2건), 환불금액  등이 STT 정상 전사 내용으로 추가됨', 'chunks': [1]}",E147381,2026-03-10T17:39:42.077873,,,,,,,,
397,"상담사: 네 반갑습니다. 에이아이에이 생명 염 고운입니다. 안녕하세요?
고객: 예 그 저
고객: 그 고객을 그 2상구이라 하는 사람입니다.
상담사: 네 계약자님 본인 이 상끄님 맞으시죠?
고객: 예.
상담사: 네 생년월일 어떻게 되십니까?
고객: 4월 8일 10월 8일이요.
상담사: 네 휴대전화 010 5934 이하 4자리 어떻게 되십니까?
고객: 4034
상담사: 네 자택 주소는 경남 창원시 성산구 용지로 123, *********************
고객: 어 1년.
상담사: 네 소중한 정보 확인 감사드립니다. 네 무엇을 도와드릴까요?
고객: 어 내가 저
고객: 뭐 형편이 그 저
고객: 어 해지를 해야 될 것 같아 가지고 그 2건 있잖아요.
상담사: 아 네 맞습니다. 2022년 8월까지 납부가 되어있는 실효권이 2건 있으세요.
고객: 네.
상담사: 네 이 2건 모두 다 해지 요청하시는 거 맞으십니까?
고객: 예.
고객: 예.
상담사: 네 고객님 신분증 인증이 필요하신데요.
고객: 예.
상담사: 네 주민등록증 갖고 계실까요?
고객: 441번
고객: 008
상담사: 아 네 그 주민등록증 번호 말고요.
상담사: 앞면 하단 그 사진 아래 보시면 발급 날짜가 나와 있는데요. 날짜 확인하셔 가지고 말씀해 주시면 됩니다.
고객: 예?
고객: 아 내가 기분 좀 안 좋은데
고객: 못 알아볼 거 같애서야.
상담사: 그 아 다시 한번 설명해 드릴게요 고객님 그 주민등록증 앞면 하단에 보시면 발급 날짜가 나와 있습니다.
고객: 예 예 아
고객: 에 주민등록에
고객: 그 그냥 내가 저
고객: 주민등록이 그게 돼가지고
고객: 이케 그 저
고객: 운전면허증이
고객: 패션 쓰고 있습니다.
상담사: 면허증이세요 면허증이시면 면허번호 먼저 말씀해 주시겠습니까?
고객: 예.
고객: 면허 면허
고객: 전화번호요?
상담사: 네 네.
고객: 2090
상담사: 네.
고객: 다시
고객: 038.
고객: 탈 이
상담사: 네.
고객: 공인
상담사: 네.
고객: 4주1림
상담사: 네.
고객: 압니다.
상담사: 확인 중입니다. 확인 중입니다.
상담사: 확인되셨구요 고객님 적성검사 만료기간 확인되실까요?
고객: 네.
고객: 아 네.
고객: 어 그 면허증
고객: 만료 기간이에요?
상담사: 네.
고객: 이
고객: 2억 년
고객: 12월 31일
상담사: 2025년 12월 31일 맞으시죠?
고객: 예.
고객: 예
상담사: 네 알겠습니다 이 2건 모두 다 일찍 접수진행하겠습니다 증권번호는 6670 3184 무게 당 초간편 건강보험입니다.
고객: 예.
상담사: 오늘 기준 예정 금 0원이구요 두 번째 계약 건입니다 증권번호 6685 9513 오늘 기준 예정 금은 0원입니다 당연하시겠지만 고객님 국적과 실제 거주하시는 곳은 동일하게 대한민국 맞으시죠?
고객: 예.
고객: 네.
고객: 예.
상담사: 다른 나라에 세금 납부하는 게 있으십니까?
고객: 없습니다.
상담사: 네 지금 처리 중입니다 네 이 부분 해지하시려는 사유가 어떻게 되실까요?
고객: 아 어 어
고객: 네 못 알아들었는데요.
상담사: 아 네 이 부분 해지하시려는 사유가 어떻게 되십니까?
고객: 아 네.
고객: 네 드론 수입을 하고 그 저 여유가 없어가지고요.
상담사: 네
고객: 경제적인 여유가 없어서
상담사: 알겠습니다. 고객님 이 부분 지금 접수 중입니다. 잠시만 기다려 주시겠습니까?
고객: 네.
상담사: 네 기다려 주셔서 감사합니다 이 부분 2건 모두 다 업무 처리 완료되었습니다.
고객: 예.
고객: 예.
상담사: 네. 다른 문의사항 있으실까요?
고객: 저기
고객: 어디 오는데 방금 그 뿐 음 이번
고객: 그
고객: 네 납부하는 그 은행으로
고객: 들어오지요.
상담사: 세 장학금은 2건 모두 다 0원이세요. 고객님.
고객: 전에 사십몇만 원이 있다 카던데
상담사: 네 오늘 기준 예상금은 0원입니다.
고객: 그럴 수
고객: 그래도 재미없다고
고객: 왜 왜 그렇습니까?
상담사: 회장급금 저희가 어제 것도 조회가 안되구요 내일 것도 안되고 당일 기준으로만 안내가 가능하신데요 오늘 기준 회장급금은 0원입니다 고객님.
고객: 어 그래 사업비 낼 만한 데 있다 카네 그거는 그러면은
고객: 뭐 저
고객: 치료 기간이 지나가도 그렇습니까?
상담사: 그 해장금은 저희도 정확한 안내는 어렵고요. 일단 오늘 기준으로 밖에 저희가 안내가 안되거든요. 그리고 또 혹시나 이제 납입금액이라든지 그 납입기간이라든지 이런 부분들도 조금 짧으셔 가지고 해장금은 없는 걸로 확인되시는데요.
고객: 저는 분명히 40 몇 만 원 있다 켔는데 하나는 없다 카는 거를 내가 알고 있고
상담사: 네 네.
고객: 하나는 없다 하는 걸 알고 있고 하나는 40 몇 만 원 있다고 그리 알고 있는데
상담사: 아 그러셨어요.
고객: 그만
고객: 지난달에 그 소 그 소식을 들었거든요.
상담사: 저번 달에 상담을 하셨습니까 고객님?
고객: 그런데 한
고객: 예?
상담사: 저번 달에 상담을 하셨어요?
고객: 예
상담사: 저희 쪽에는 지금 2023년 1월달 이후로는 상담하셨던 내역이 없으시거든요.
고객: 그러면 그때 그
고객: 그 그 그 말하고 이 말하고는 상당한 차이가 있는데
상담사: 다시 한번 확인해 보겠습니다.
고객: 알겠습니다 네 여 저
고객: 네 그 가족되는 사람하고
상담사: 네 2025년 어 죄송합니다 2025년 6월 16일에 가입하셨 그 상담하셨던 내역은 확인되셨는데요 네 계약건 네 유지사항은 없다고 이러 이런 이 부분만 확인이 되시구요 네.
고객: 예.
상담사: 다른 부분 확인이 안 되시는데요.
고객: 아 어 내가 좀 귀 못 알아들었는데
고객: 그
상담사: 네네.
고객: 그러믄은
고객: 자세히 알아보려고 하면 어떻게 하면 됩니까?
상담사: 세상극급 말씀하실까요?
고객: 아 네 네.
고객: 귀가 안 좋아가지고 지금
상담사: 네 네
고객: 잘 못 알아.
고객: 들어가지고
상담사: 아 그러세
고객: 그런데
고객: 그 너무 차이가
상담사: 현재 일자리 좀 네.
고객: 차이가 많기 때문에
고객: 없다 하니까 내가 없
상담사: 네.
고객: 그 저
고객: 그
고객: 예 제
고객: 어.
고객: 그 저 저 저 저 피가 발렸
고객: 어 어 그래 함
고객: 저
상담사: 네 고객님.
고객: 예.
상담사: 네 해상 극단은
상담사: 저희가.
상담사: 오늘 기준으로는 0원이세요.
고객: 이거 참
고객: 저저 40몇만 원이 날라간다 그 말이 말이 안 되잖아요.
상담사: 제가 정확하게 확인해보겠습니다.
고객: 저 여보세요.
상담사: 네 네.
고객: 만약에 그렇다 하면
고객: 음 내가 저 저
고객: 부하를 지켜가지고
고객: 있도록 그렇게 만들어야 안 되겠습니까.
고객: 네 근데
고객: 저 저
고객: 저기
고객: 그럼 빠
고객: 기발된 사람이 이 이
고객: 하고 같이
고객: 예 그 통화를 할게요.
상담사: 다른 분이랑 통화를 하셨다는 말씀이실까요?
고객: 예.
고객: 그러면은 저 저
고객: 시대를 우선은
고객: 시설을
고객: 해보세요.
고객: 네 지로로 취소를 한다.
상담사: 해지하셨던 걸 해지하셨던
상담사: 해지하셨던 걸 취소한단 말씀이신가요?
고객: 예.
상담사: 잠시만 기다려 주세요.
상담사: 이거 바로 접수했던 거 취소한 건 어떻게 해?
상담사: 방금 해지 접수했는데 취소가 어떻게.
고객: 아니 그 저 그 그거 좀 사정이 틀리잖아요.
상담사: 네 고객님 잠시만 기다려 주세요.
상담사: 고객님 그러시면 2건 모두 다 해지 취소하시는 거 맞으신가요?
고객: 어 어 우선 얻은 건지 내가 저
고객: 40만 원 있다 카는 거 그것 때문에
상담사: 네.
고객: 2 예 2건 다 가 그러면 그때
고객: 시술해야
고객: 그래서 자라
고객: 아는 사람 아는 사람이 기도밟고 아는 사람을
고객: 올 때까지는 무슨
상담사: 예?
고객: 취소를 해야 안 되겠습니까?
상담사: 네 잠시만 기다려 주세요.
고객: 이상하다 거의 그럴 필요 없잖아요.
고객: 내가 한번
고객: 기억이 잘못돼가 2, **********
고객: 이럴 수는 없잖아요.
고객: 40만 원 되는 게
고객: 2달 사이에
고객: 만약에 2달이 됐다 하면 2달 사이에 0원이 딱 된다 하는 거 그거는 있을 수가 없는 문제 아닙니까.
고객: 나는 그 돈을 기다리고 있었는데
상담사: 함께하는 상담
상담사: 그럼 2월달에 통화하셨을 때 해지환급금을 40만원대로 안내를 받으신 건가요?
고객: 예 근데 내가 그 못 알아들었는데요.
상담사: 6월달에 가입 그 상담하셨던
상담사: 이력이 있던데요. 그날 통화하셨을 때 해지 장급금을 40만원 대라고 안내를 받으신 건가요?
고객: 으른 그 2월인지는 저 한 2달 정도로 알고 있는데
상담사: 네.
고객: 지금 2달이 됐으면 치료다 아닙니까
고객: 센터 소유자
고객: 6월이나 7월 경으로 생각하고 있는데
고객: 모르겠습니다 그때 하이브리그는
고객: 만약에 2월이라 그쪽 말대로 2, ***************
고객: 뭐 이 저 저
고객: 1 2년 여는 것도 아니고 몇 십 년을 여는 판인데
상담사: 네 저희가 지금 취소 업무 처리 중인데요. 고객님 잠시만 기다려 주십시오.
상담사: 고객님 지금 전산에 실효건이다 보니까 빠르게 처리가 완료가 되어버렸거든요.
고객: 예.
상담사: 그래서 지금 제가 해지 취소 접수 녹취를 진행을 하고 해당 부서로 다시 전달해 드리도록 하겠습니다.
고객: 예.
상담사: 네. 해지 접수
고객: 그 하이튼
상담사: 네 고객님 이 부분 다시 한번 제가 해지 취소 접수를 위해서
상담사: 네 녹취 진행하겠습니다 해지 접수일로부터 해지 취소 완료일까지 보험금 지급 사유가 발생하지 않아야 하며 만약 발생하게 될 경우 해당 보험
고객: 예
상담사: 사고로 인한 보험금 청구는 가능하지 않습니다.
상담사: 해지 취소 접수하시겠습니까?
고객: 예 예.
상담사: 네.
상담사: 제가 이 부분 그러시면 해당 부서로 전달을 하고요.
상담사: 다시 해지 취소.
고객: 예.
상담사: 진행하겠습니다. 고객님
고객: 예.
상담사: 네.
고객: 그 저
고객: 나는
상담사: 네.
고객: 여 저 저 뭐 40만 원 거기
고객: 기대를 하고 있었는데 이런 식으로
상담사: 네
고객: 있다 보니까 너무 억울해서 다시
상담사: 네네.
고객: 예.
고객: 뭐 방문과 더 여튼지 뭐 하여간 뭐 저
고객: 네 에 그 저 방법을 한번
고객: 알아보고를요.
상담사: 알겠습니다 그러시면 제가 이 부분 해지 취소 접수 녹취했으니까요 해당 부서로 전달해서 다시 회수하셨던 부분 취소되게끔 업무 처리 다시 한번 요청하겠습니다.
고객: 예.
고객: 네.
고객: 네.
고객: 예 예 되십쇼.
상담사: 네.
상담사: 네 감사합니다.
상담사: 없습니다.
고객: 예.
상담사: 고객님
상담사: 통화가 종료되지 않았습니다. 종료 부탁드리겠습니다.
상담사: 통화가 종료되지 않았습니다. 제가 먼저 좀.","고객은 계약자로, 1944년 10월 8일생이며, 경남 창원시 성산구 용지로 123에 거주한다. 2022년 8월까지 납부한 2건의 보험 계약을 해지 요청하며, 2025년 6월 16일에 가입한 상담 내역이 확인된다. 해지 사유는 경제적 여유 부족으로 드론 수입 사업으로 인한 자금 부족이다. 해지 접수 후, 고객은 해지환급금으로 40만 원 정도가 예상되었으나, 오늘 기준 예정 금액은 0원으로 확인되었다. 고객은 이전 상담 시 40만 원대의 해지환급금이 안내되었으나, 이를 잘 듣지 못했다고 설명하며, 해지 취소를 요청한다. 상담사는 해지 취소 접수를 녹취하고 해당 부서에 전달하여 재처리를 요청한다.","경제적 사유로 해지요청/ 
2022.8월까지 납부되어있는 수료권 2건해지접수완료
증66703184, 증66859513 오늘 기준 해장급은 0원
전에 통화했을때 40만원 해지환급금있다고 들었는데 2달사이에 0원이라는게 이해가 안된다며 해지취소요청
2025.06.16일에 계약건 유지건 없다고 상담내역 확인됨
해지취소녹취 완료/ 해당부서 전달

","경제적 사유
해지 요청
수료권 2건
납부 2022.8월까지
해지 접수완료
증66703184
증66859513
해장급 0원
해지환급금 40만원
2달 사이 0원
해지 취소 요청
2025.06.16 계약 유지없음
상담내역 확인
해지 취소 녹취 완료
해당부서 전달",가능,0.9,"경제적 사유 해지, 2건 해지접수, 증권번호, 해지환급금 0원, 40만원 이해불가, 상담내역, 해지취소녹취 및 부서전달 모두 STT에서 확인됨",가능,,test,2026-03-05T21:45:14.037111,,,,,가능,,,,,오답,,"STT_내용_추가(정상), 환각_오류",STT_내용_추가(정상): 드론 수입 사업 언급이 STT 정상 전사 내용으로 추가됨; 환각_오류: 생년월일 '1944년 10월 8일'이 STT에도 reference에도 없는 정보로 추가됨(면허번호에서 생년 추측으로 추정되나 STT에 명시 없음),Y,,오답,,"{'label': 'STT_내용_추가(정상)', 'action': 'modify', 'error_detail': '계약자 거주지, 드론 수입 사업 언급이 STT 정상 전사 내용으로 추가됨', 'chunks': [1]}, {'label': '환각_오류', 'action': 'keep'}, {'label': '정보_누락', 'action': 'add', 'error_detail': '2025.06.16일 계약건 유지건 없다고 상담내역 확인이 Generated 에서 누락됨.', 'chunks': [5]}",E147381,2026-03-10T17:45:06.826816,,,,,,,,
398,"상담사: 반갑습니다. 신지혜입니다.
고객: 여보세요.
상담사: 네 반갑습니다 고객님.
고객: 아 네 저기 이게
상담사: 네.
고객: 처음에
상담사: 네.
고객: 이거 좀 1번 알아볼라 하는데 내가 내 보험이 뭐 뭐 들어있어요?
상담사: 네.
상담사: 네.
상담사: 네.
상담사: 네 고객님 계약
상담사: 확인을 위해서 먼저 몇 가지 여쭙도록 하겠습니다.
고객: 네
상담사: 네 전화 주신 분은 계약자 최영복 고객님 본인 되십니까?
고객: 네.
상담사: 고객님 생년월일 어떻게 되실까요?
고객: 520620
상담사: 네 고객님 자택 주소 말씀 부탁드리겠습니다.
고객: 우울한
고객: 붓고
상담사: 네.
고객: 어 그니까 이게
고객: 중산로 47, ****************
상담사: 네 고객님 휴대폰 번호 마지막 네 자리 어떻게 되세요?
고객: 1177
상담사: 확인 감사합니다.
상담사: 네 지금 고객님께서는
고객: 네. 감사합니다.
상담사: 5건의 계약 유치 중에 있으세요 이제 고객님 앞으로는 이제 심뇌혈관질환 보장되는 상품 2가지 요하고
고객: 뭐 드릴까.
상담사: 암보험 1가지 해서 3가지 유지 중에 있으시고요.그리고 이상 이성화 고객님 앞으로 심뇌혈관질환 그리고 암 보장되는 상품 이렇게 2가지 해서 총 5가지 유지 중에 있으세요.
상담사: 네.
상담사: 이렇게 고객님께서는 설계 잘해주셔서 일주 중에 있으시기 때문에 유지하시면 정말 든든하게 대비가 가능하실 거 같습니다.
고객: 아니요 내가 보험을 그렇게 안 옇는데 왜 내가 통장에 돈이 자꾸 빠져나가가 내가 지금 이제
상담사: 아 네.
상담사: 네.
상담사: 네.
고객: 요 보험에서 확인하러 와서
상담사: 네.
고객: 그래 왔는데 보험이 이만큼 들어가는 줄은 몰랐거든요 돈이 자꾸 빠져나가 내가
상담사: 음 네.
고객: 어 에이아이 처음에 들었을 때
상담사: 네.
고객: 2021년 1월 16일 요거 1건 넣었어요.
상담사: 네 고객님.
고객: 네.
상담사: 그 네 그 1건 넣으셨고요 네 맞아요 고객님 2021년 1월 16일에 처음 들어주셨네요.
고객: 보고 넣고
고객: 우리 아들 꺼 21년 그 저 저게
상담사: 네.
고객: 요 때 우리
고객: 아들끼리 저게 응 암보험
상담사: 네.
고객: 내 꺼 내 꺼 안보
상담사: 네.
고객: 안 본다 아들 거 하고
고객: 그 2개 넣었는데
상담사: 네.
상담사: 네 고객님.
고객: 왜 이게 5건이 돼요?
상담사: 네 고객님 고객님께서 2021년 1월 16일에
상담사: 고객님 앞으로 심뇌혈관 질환 보장되는 상품 가입을 해 주셨고요.
상담사: 그리고
상담사: 같은
상담사: 면 같은 달에
상담사: 22일 날짜로 꼭 필요한 안보험 고객님 앞으로 들어 주셨고요.
상담사: 그리고
상담사: 같은 년 같은 달 28일 날짜에
상담사: 이성아 고객님 앞으로 안보험과 심뇌혈관 질환 이렇게 고객님께서 가입해 주셨고요 그리고 같은 연도에 5월 3일자로 고객님 앞으로 심뇌혈관 질환 보장된 상품 가입을 해 주셨습니다.
고객: 예 지금
상담사: 네.
고객: 그걸 안 했어 그 안 했어요 안 했는데 내가 한다고 녹음한 게 있나요?
상담사: 네.
상담사: 고객님께서 이제 청약 당시에 이제 고객님께서 가입을 하셨던
고객: 똑같은 걸 얘기하겠어요.
상담사: 네.
상담사: 어 이렇게 아무래도 중복 보장으로 이렇게 가입을 해 주시는 분들도 있으시구요 이제 계약
고객: 아 그 있는 사람은 있지만은 내가 기초연금 받아가지고 이거 였는데
상담사: 네
상담사: 네
상담사: 네 고객님.
고객: 돈도 없는데 매일 내가 병원비가 없고 이래 가지고 무슨 돈이 있어 나가 놓고 내가 인제 지금 확인하러 왔어요.
상담사: 네.
상담사: 응.
상담사: 아 그러셨어요 네.
고객: 하여튼 보험이 5건이 뭐꼬 뭐 무슨 일이 이런 일이 있노 말이다 내 그래 가지고 이게 지금 내가
상담사: 음 네.
고객: 경찰서 와가지고 내가 지금 이거 확인하고 전화하거든요.
상담사: 아우 그러셨어요 고객님?
상담사: 그러시면 이제 고객님께서 청약 당시에
상담사: 고객님께서 이제 돈 녹취하셨던 그거를 들어보시겠어요 고객님?
상담사: 어떻 어떻게 업무 처리 도와드릴까요?
고객: 뭐요?
상담사: 혹시 고객 고객님께서 이 계약 건들을 가입하신 적이 없다고 말씀을 해주셨어요.
상담사: 맞으신가요 고객님?
고객: 똑같은 거를 한번 생각해 봐요 돈 300000원 나오는 돈 가지고 무슨 이 저 저게 어
상담사: 네
상담사: 네.
고객: 저기 나이 든 사람이 이렇게 중복 중복으로 여는데가 어디 있어요? 늘
상담사: 네.
고객: 내가 항시 이런 전화가 늘 와 늘 오먼.
고객: 아이고 됐습니다. 끊고 이래 했는데
상담사: 네.
상담사: 네 고객님
고객: 그 세상에 이
고객: 이런 보험을 가 똑같은 거라고 중복을 뭐 너무 도움 그거 내가 받아먹을라고 이거 저거 없는 돈을 갖다 빚을 내가 이래 넣겠어요?
상담사: 네.
고객: 왜 그 똑같은 복을 이랬던 여가 좀 이래까네 자꾸 AI 얘기인데
상담사: 네.
고객: 나는 다른 사람들은 그래도 나는 이런 역사를 들었거든요.
고객: 그니까 나도 이상한데 나도 이거 자꾸 돈이 빠져나갔는데 그래가 내가 통장하고 다 가져와가 말 근거해서 내가 물어봐서
상담사: 네
상담사: 음
상담사: 아 네 고객님.
고객: 무슨 어르신이 이래 이래 돈이 나갔냐고 무슨 축복을
상담사: 네
고객: 중복이익
고객: 되도록 이렇게 저기 보험을 넣었나 하고
상담사: 음 이제 중복이 되는 건 이제 심혈관 질환 이렇게
고객: 너무 돈을 겁먹을라 카네 진짜
상담사: 이렇게만 중복이 되어 있고 그 두
상담사: 암 보험이 있고요 고객님 그리고 이송아 고객님 앞으로 2, *******
상담사: 네.
고객: 우리 성화 앞으로 넣었다고 내가 안보 옷만 넣었어. 안보 옷만
상담사: 응.
상담사: 응
고객: 아무 1년인데 2건이나 하는데 세상에 나오고
상담사: 네 같은 날에 가입을 해 주셨네요.네
고객: 아니 내 거도 3번이나 되는데 그게 뭔 뭐 말이 되는 소리를 해야지 너무 통장에 돈 빼라 이거 지금 아 저
고객: 내가 지금 법으로 할라고 안 걸려요?
고객: 너무 돈을 이래 빼가면 돼요 아무 때나
상담사: 네.
고객: 응?
상담사: 어쨌든 네 고객님
고객: 그 회사에서 이 돈을 빼가 가면 돼요 고객인데 그 확인도 안 하고
상담사: 근데 저희 쪽에서는 이제 가입 당시
상담사: 예 고객님께서 이제 전화로 가입을 하셔서 저희는 체력센터하고 또 분리가 되어 있기 때문에 가입이 되어 있으시니까 어쨌든 자동이체도 연결을 해주셨고 해서 그렇게 업무 처리가 되고 있었습니다 고객님.
고객: 그 자동이체 연결했다고 이거 뭐 느그 마음 대로 이래 떼가가 나 그래
상담사: 네.
상담사: 네.
고객: 저기 이 이 제가 이런 제가
상담사: 네 고객님.
고객: 조건
고객: 두건 두건 저 저 저 저기 아가 암 보험 이거 하고
상담사: 네.
고객: 내 거 이거 저 저 암하고 이거 저 저
상담사: 네.
고객: 제가 하고 그 외 해약 아내
고객: 이 돈 전부 다 돌려주세요.
고객: 너무 돈을 이거 저기 보험 한다고 하지도 않았는데 일을 가면 나는 이거 저게
상담사: 어 음 네 고객님
고객: 저기 금융계에 가 가지고 내가 이거 신고할 거예요 이거.
상담사: 아니요.
고객: 너무 통장에 돈을 도둑놈이 매러 또 돈 빼가는 도둑놈이지 이게 무슨 이득이 이게 세입하고
상담사: 음 그렇지.
고객: 괜찮게 무슨 돈을 내 돈이 없어 돈이 없어
상담사: 네
고객: 그래 내가 카톡 와가꼬 와가꼬 이거 지금 확인한다꼬
상담사: 그러세요 이제 저희 쪽에서 이제 고객님께 네 고객님께서
상담사: 모든 보장 내용 설명 들으시고 이제 약간 수령하셨고 청약서랑 모두 수령하셨고
상담사: 안내 제대로 받으신 게 맞는지 확인 연락을 드렸었는데요 고객님 이제 저희가 2021, *******************
상담사: 고객님께서 지금
상담사: 어
상담사: 그 100세 건강 보험 고객님 앞으로 들어있는 심뇌혈관 질환 보장도 고객님께서 안내받으셨다고 말씀을 해 주셨구요.
상담사: 그리고 네.
고객: 요 고거 했지 그래 고거 하고 고거 했지
상담사: 아니요 고객님 이 상품도 그렇고 암 보험도 그렇고 이성아 고객님 앞으로 되어 있는 계약건들도 모두 안내받으셨다고 말씀을 해 주셨어요.
고객: 아 고거는 그 우리 아들뿐다. 내가 내가 넣었기 때문에 그 하지 그러니까는
상담사: 네.
고객: 그 저 저 저게.
고객: 요거 저 받는
고객: 2건 내 거 하고 요래 요랬는데 왜 5개나 되는 이것이 그래
상담사: 오늘 고객님께 이게 고객님 5 계약 건에 대해서 모두 확인 연락을 드렸고요.
상담사: 고객님께서도 그리고 이성화 고객님께서도
고객: 아니 이거는 뭐 뭐가 엄청 하지 뭐 있어. 처음에 이거 한 번은
고객: 승낙 딱 하고는 안 했는데 물건을 뭐 확인 전화를 늘 해 했어요.
고객: 늘 자꾸 여라고 그라 소만은
고객: 그러다가 안다고 있다고 그랬지
상담사: 고객님께서 계약 건 설명 들으시고 계약하신 게 맞는지 확인 연락을 드렸었을 때 고객님도 그렇고 이성아 고객님도 그렇고 모두 어 확인 안내 받으셨다고 말씀을 해주셨어요 고객님 설문
고객: 그랬는데 그러니깐예 처음에 했는 거 요번 뿐이라니까
상담사: 네
고객: 무슨 보험을 갖다가 할 때가 무슨 보험을 자꾸 넣요.
고객: 모든 돈이 있어가지고
고객: 이해가 되는 소리 내야지 무슨 보험을 갖다가 어 이 이 이렇게 여는 그 노인네가 어디 있노 말이지 똑같은 거를
상담사: 네.
고객: 1번 생각해 봐요.
고객: 똑같은 거를 거기 노인네가 이래 젊은 사람 다 이거 이런 게 있는 사람이 없었어요.
상담사: 네.
고객: 매 전화 오데 전화 오면 요새 저는 나 전화를 안 받거든.
고객: 속 시끄러버가 내 보건여로서.
상담사: 음
고객: 매일 열었고
고객: 아이고 이 돈 있다고 안 내논다고 이 지금 그런 게 있담서
상담사: 음 네
고객: 잘 유지되고 있네요 그 유지되고 있지
고객: 그 외에는 무슨 말을 했어요 처음에 말고는
고객: 돈 전부 다 돌려 넣어주세요.
상담사: 어 고인께서 네 이렇게 해피콜로도 고인께서 가입하신 게 맞는지
고객: 내가 지금이 시
고객: 그럼
고객: 전화해도 전화도 안 받어.
상담사: 예.
고객: 우리가 방송은 어 게스트
고객: 어 찰떡같이 하면서 어 전화를 받지도 안 하고 이런 건이 많아 가지고 전화 안 받은 모양이지.
상담사: 아니요 고객님. 고객님께서는 가입하신 게 맞는지
고객: 내 청와대 청와대 내가 편지를 펼라 칸다.
상담사: 네 가입 맞 가입하신 게 맞다고 또
상담사: 안내를 받으셨고 청약서 약관 모두 수령을 해 주셨기 때문에 네 고객님
고객: 고마 목이 무가
고객: 노인네가 어?
상담사: 아 네
고객: 뭐 그 저기 그 이거 가입했나? 가입했다 이러고 그랬지. 그 뭐을 내가 보험을 더 여줄라캐 있어 봐봐.
고객: 내가 청와대에 내가 대통령님인데 손 편지 쓸라한다.
고객: 이마 이리 이리 있어서 너무 통장이 이 이거
고객: 이게 뭐 저거 보험회사 돈을 이래
고객: 지 맘대로 저거 마음대로 포옹해가
고객: 돈은 마구잡이 빼나갔다꼬.
고객: 세상이 계속 나 이런 데 처음봤다. 나는 왜 이거
고객: 그거 1달에 돈 30만원 받고 그거 가지고 일을 사는데 세가 그 돈을 왜 일을 가지고 다 빼가고 이런 데가 전체 어딨노야.
고객: 이게 뭐 자꾸 큰일인 줄 아나 지금
고객: 당신네들은 자꾸 대응했다고 노인네가 뭐를 했나 이러고
고객: 웃길래 했다. 크고 그랬지.
고객: 똑같은 거를 말로 내가 이리
상담사: 네.
상담사: 이제 똑같은 거는요 고객님.
상담사: 1월 달에 가입하신 것과 5월 달에 가입하신 게 같은 거고 다른 계약 건들은 다른 건이에요 고객님 그러시다 보니까요 네 그리고
고객: 뭐였어?
고객: 뭐 전라도에 저 김치까지 사주고요.
상담사: 그리고 또 고객님께서는 이제 해피콜 저희 쪽에서도 확인 전화드렸을 때 받으셨고 네 고객님께서 가입하신 게 맞다고 말씀을 해주셨어요 그러시고
고객: 하기 전에 들어온다 그때 들어온다 캤지.
고객: 어 들었다 켈지 내가 뭐 이 이렇게 주이 얹는다고 자꾸 들어
상담사: 음
고객: 저기 했네.
고객: 확인 전화 왔을 때 내가 했다 했을까봐 내가 들은 그 들었나 들었다 캤지.
고객: 그런 이런 근거를 할라고 그 지금은
고객: 전화를 영원히 하고 그랬어요.
상담사: 어 이제 저희는 네 고객님
고객: 막 할인 막 막
고객: 하고 그라대.
상담사: 저희 쪽에서는 이제 고객님 2021년 이제 1월
상담사: 1월에 가입하셨던 그 4건 모두 이제 2월 2021년 2월 2일 자로
상담사: 계약 건 1가지 1가지 모두 고객님께서 가입하신 게 맞는지 확인 연락을 드렸었고 고객님께서는 모두 안내받으셨다고 말씀을 해주셨어요.
고객: 내 손톱이 아니었어요. 그거는 그거 체형 보면 그거 넣었어요 이러길래
고객: 그 넣었다 캤지.
상담사: 음
고객: 그랬지 뭐 무슨 놈 뭐 뭐 암 보험 뭐
상담사: 네.
고객: 저기 뭐 더 여라 뭐 여 여라 어 통틀하게 여는 뭐 좋다 뭐 뭐 10리그 간도 뭐 더 여면 좋다고 아니 여리 형편이 돼요 여체
고객: 1달에 돈 30만원 가지고 그것까지 생각을 좀 하고 요거 넣었는데 해서 나는
고객: 뭐를 이마에 였는지 나는 저 틀지도 몰랐지.
고객: 그러니까는 사람이 안 끊고 이거 전화로 꺼 이기거든.
고객: 땡상태상이 똑같은 거로 무슨 빼먹을 때 빼무지 이렇게 세상에 나도 딴 사람들이 이런 그 얘기를 한 게
상담사: 응.
고객: 뭐로 이기지 회사
고객: 내 통장에 도우미 한테 이러면 뭐 좀
상담사: 네 근데 2021년에 가입하셨던 계약 건인데 고객님 그동안은 몰르셨다는 걸까요 고객님?
고객: 돈을 빠져라 카면 돈이 없고
고객: 몰래 비 눈이 어둡거나 그러면 잘 안 비고 눈 밑에 피해 주기 싫어 가지고 그냥 저거 하고 이랬는데
상담사: 그러면 계속 그냥 돈이 빠져나갔었는데도 고객님께서
고객: 몰랐지.
고객: 그러니깐 돈이 잡혀가서는 돈이 없어가
상담사: 확인이 어려우셨던 거예요.
상담사: 음
고객: 돈이 없어 가지고
고객: 그래 가지고 내가 이거 인제 젊은 사람들인데 내가 이 돼지
상담사: 그러시면 고객님께서 청약하신 게 맞는지 녹취본을 들려드릴까요 고객님?
고객: 최고의 인사예요.
고객: 녹취 해봐라 뭐 처음에 했는 거 받고 그 있나 하고 그 왜 그게 그거지.
상담사: 아 계약 건이 다 다른 날짜로 계약이 되었기 때문에 모두 녹취록이 있을 거예요 고객님.
고객: 그거 다 그래 해 버리지
고객: 아는 날짜 한 거 없어요. 나는
고객: 방도 없다 아입니까?
고객: 한번 억다 하니까는 무슨 또 그 노인네가 그 저 돈이 많아가 자꾸 엿는단 말이고
고객: 생각을 해 봐라.
고객: 나이 테지 쌍 먹은 사람이 무슨 도움이 있어 가지고 이런 걸 넣는데
상담사: 네 그런데 아까도 고객님께서도 2021년 1월 16일에 내가 가입했다 말씀을 해주셨었잖아요 고객님.
고객: 구민과는 구매 했지 그래
상담사: 음
상담사: 그리고 이제 암보험도 가입을 해주셨다고 말씀을 해주셨고요 그게 1월 22일 날짜로 가입을 해주셨던 거고요 고객님.
고객: 못 먹여.
고객: 아이고야
고객: 저 저 저기
상담사: 네
고객: 이 돈까지 주세요.
상담사: 어 고객님
고객: 돈 달려 주세요.
상담사: 어 반환 처리는 어려워요 고객님 그러셔서 이제 고객님께서
고객: 예예.
상담사: 어 네 고객님께서 가입하신 게 맞는지 한번 확인을 해 보시겠어요?
고객: 이게 이거 완전히 버드
고객: 아니 회사도 그런 게 이가.
고객: 이 사기꾼들이
고객: 재산이 넘어 통장에 벌어 갖고 오노.
고객: 다 빼가고 이 돈이 와 이리 없는고 싶어가주고 제가
고객: 받은 부자
고객: 확인을 했더니 이모야 빼매 이래
상담사: 네 그러시면요 고객님 일단은 그러면 자동이체 정지를 도와드릴까요?
상담사: 자동이체 정지해 두고 그러면 고객님께서 해
상담사: 그 청약하셨을 때 동의하신 게 맞는지 확인
상담사: 네 녹지번호 들려드려도 괜찮으실까요 고객님?
고객: 처음에 했지 그래 처음에 처음에 했다 안 하나
상담사: 처음에 뭘 하셨다는 거예요 고객님?
고객: 처음에 누가 먹는 거를 했지.
고객: 했는데 와 이게 내인데 3건이 되노 이거라 내인데 3건
상담사: 그러시니까요 각 계약건들에 대해서 고객님께서
상담사: 청약하셨을 때 동의하신 게 맞는지 확인 녹취본을 들려 드려 드릴까요 고객님?
고객: 그거 농책이 처음에 있는 거 그거 가지고 그거 할 건데 뭘 떨리노.
상담사: 그러면 고객님 어떻게 업무 처리를 하시길 원하시는 거세요?
고객: 1소는
고객: 상권 그거를 갖다가 저거 취소하라꼬
상담사: 어떤 계약 건을 취소하시란 취소한다는 말씀이실까요 고객님?
상담사: 고객님께서 다시 한번 계약 건들 확인을 해 보시구요.
상담사: 네.
상담사: 고객님께서 어떤 계약 건에 대해서 문의를 하실 건지 다시 한번 확인해 보시고 연락주시면 감사하겠습니다 고객님
고객: 이게 인근 저 저 저 처음에 저기 2건 중복이 돼 있잖아요 2건.
상담사: 네.
상담사: 네 고객님께서 2021년 1월 16일에
고객: 중복 중복 중복이 된 것도 그리 이 그 딴 거는 마 이어 나는 거 나 놓더라도
상담사: 네 고객님
고객: 등권 등록돼 있는 거.
상담사: 네 2건 중에 1건은 그러면은 해지를 하신다는 말씀이세요?
고객: 그냥 그 국회 해지하고 돈을 돌려 달라고 합의 다 나는 동안 둘 다 똑같은 거 2 다 해놨노 말이다 그래.
상담사: 네 그러시면 고객님 2021년 1월 16일에 고객님께서 급성 신경색 뇌출혈 뇌경색증 보장되는 상품 가입을 해주셨구요.
상담사: 2021년 5월 3일에
상담사: 동일한 내용으로 가입을 해 주셨네요.
상담사: 그러시면은 1건은 업무 처리 도와드리면 될까요?
고객: 3건이잖아 3건
상담사: 고객님께서 중복되어 있는 계약 건은 그러면 해지를 하신다고 말씀을 취소를 하신다고 말씀을 해주셨잖아요.
상담사: 그게 2021년 1월 22
상담사: 1월 16일에 가입하신 100세 건강보험과 2021년 5월 3일에 가입하신 100세 건강보험이 중복이 되세요 나머지는 다 다른 계약 건이구요.
상담사: 그래서 이 2건 중에서 1건을 업무 처리를 도와드리려고 하는데요 고객님.
상담사: 어떤 계약 건을 업무 처리 도와드리면 될까요?
상담사: 각각 급성 신경색 뇌출혈 1000만 원씩 보장이 되시고요.
상담사: 되시는 상품이시고 납부하시는 금액도 동일한 것으로 확인됩니다.
고객: 2001년은 그거 5월
상담사: 2021년 5월 3일에 계약하신 계약
고객: 오늘 설명 한번
상담사: 네 또
상담사: 네 그 계약 건 업무 처리를 도와드릴까요 고객님?
고객: 예.
상담사: 네 그러시면 이 계약 건 해지 업무 도와드리겠습니다.
상담사: 네.
고객: 그 돈은 돌려주고 당신들 마음대로 빼가 갔으니 안 빼주면은 나는 이거 법적으로 한다.
상담사: 네 고객님 해지 환급금이 지급이 될 거구요.
고객: 네.
상담사: 네.
상담사: 납부하신 금액이 반환이 되지는 않습니다.
상담사: 네 그러면 해당 계약까지
고객: 적이 좋은데도 다
상담사: 해당 계약 값에 통신 수단을 이용한 계약 해지에 동의하신 게 맞으십니까?
상담사: 고객님.
고객: 네.
상담사: 고객님께서 해당 계약 계약 가입하실 때 통신 수단을 이용한 계약 해지에 동의하신 게 맞으시고요?
고객: 예.
상담사: 네 고객님 지금 주민등록증 가지고 계실까요?
고객: 예?
상담사: 제가 인증 후에 업무 처리 도와드리려고 하는데요.
고객: 예.
상담사: 네 주민등록증 가지고 계세요 고객님?
고객: 아마 안 가있어도 그건 알아요.
상담사: 발급 일자를 알고 계세요 고객님?
고객: 무슨 발급 일자요?
상담사: 고객님께서 제가 문자로 인증 번호를 발송을 해 드리면 확인이 가능하십니까?
고객: 아이고 아이지
상담사: 가능하세요 고객님?
고객: 안타까 한 달 커 있다네.
상담사: 그러면 통신사 어디이세요?
고객: 에스케이.
상담사: 전화 주신 번호 고객님 명의의 휴대폰이세요.
고객: 예.
상담사: 인증 번호 발송에 앞서서 휴대폰 본인 확인 서비스 이용과 관련하여
상담사: 고객님의 정보를 수집 이용 취급 위탁하고
상담사: 고유식별정보를 처리하는 것에 동의하십니까?
고객: 예.
상담사: 문자로 인증번호 발송되었습니다. 확인하시고 말씀해 주세요.
고객: 3 5 1 8 1 9
상담사: 삼오 일팔일구 말씀해 주셨습니다.
고객: 어머니 우선은 자녀분 성함이랑 생년월일 말씀해 주세요.
상담사: 네 문의하신 계약건 증권번호 66407054 100세 건강보험
고객: 네.
상담사: 오늘 기준 해지한 것 등
상담사: 21만 9100원으로 접수하겠습니다.
상담사: 해지 접수 후에는 보험에 효력이 없고 해지 취소는 가능하지 않습니다.
상담사: 당연하시겠지만 고객님의 국적과 거주국 동일하게 한국이시죠.
고객: 네.
상담사: 다른 나라에 세금 납부하시는 거 없으시고 외부 시민권자 아니시구요.
고객: 예.
상담사: 네 지급은 어느 은행으로 받으시겠습니까?
고객: 맑은 거요.
상담사: 네 새마을금고 0 0 0으로 시작하는 계좌 등록되어 있습니다 확인을 위해서 계좌번호 한번 말씀해 주시겠습니까?
고객: 예.
고객: 계좌번호
상담사: 네 천천히 확인하시고 말씀해 주세요.
상담사: 많이
고객: 네 잠깐만요.
고객: 조금 있어봐서 가방 얘기 해라.
상담사: 네 기다리겠습니다 확인하시고 말씀해 주세요.
고객: 예 잠시만 기다리소.
상담사: 네 알겠습니다.
고객: 찔려가지고 세상에
고객: 아이 낀께 해볼까?
상담사: 아빠 아빠 왔으면 어떡해요.
상담사: 네 네.
고객: 1003
상담사: 네.
고객: 네 지금 보
상담사: 네.
고객: 10017
상담사: 네 고객님 명의의 계좌 맞으십니까?
고객: 예.
상담사: 네 이쪽으로 지급을 도와드릴 거구요 접수 중에 있으니 잠시만 기다려 주세요.
상담사: 네 접수 완료되어 해지한 것만 2시간 이내에 지급됩니다.
고객: 예 예.
상담사: 네 다른 계약 가들은 자유 유지 부탁드리고요 오늘 좋은 하루 되시길 바라겠습니다.
고객: 그러고 전화 좀 받어서
상담사: 네 고객님 지금은 월초라서 조금 밀리신 것 같습니다 불편드려서 죄송하고요.
상담사: 네 저희가
상담사: 전화 통화 빨리 될 수 있도록 노력하고 있으니까요 양해 부탁드리겠습니다.
고객: 네 네 아 네 네 아 네 네.
상담사: 네 좋은 하루 되세요.
상담사: 네 감사합니다.","고객 최영복은 2021년 1월 16일, 1월 22일, 1월 28일, 5월 3일에 총 4건의 보험 계약을 가입했으며, 이 중 1월 16일과 5월 3일에 가입한 100세 건강보험은 동일한 보장 내용으로 중복 가입됨. 또한 2021년 1월 22일에 암보험 1건을 추가 가입하여 총 5건의 계약 유지 중. 고객은 계약 내용을 확인하지 않고 자동이체로 인해 돈이 지속적으로 빠져나간다고 주장하며, 2021년 1월 16일 계약 건 중 1건에 대해 해지 신청 및 환급금 지급 요청. 해지된 계약의 환급금은 21만 9,100원으로, 새마을금고 계좌로 지급 예정.","가입건문의/ 본인앞으로 십내외가치란 보장되는 상품 2개, 암 보험 1개, 이성화 앞으로 심내 혈관질환, 암 보장되는 상품, 2개해서 총 5개 유지 중임
본인거와 아들꺼 1개씩 2개 들었는데 왜 5개냐며, 중복으로 가입시키고 통장에서 돈빼나갔다고 보험료 반환요청
금융역 신고, 대통령한테 손편지 쓰고 법적으로 한다고 불만
해피콜시 주요내용설명 들음/ 청약서 약관 수령/ 가입한게 맞다고 말씀해주심
반환처리 어려우며 자동이체 정지하고 청약녹취있음으로 들려드린다 했으나 녹취 청취 거부/
2021.1.16일과 2021.5.3일에 가입건 2건이 중복가입/ 나머지는 다른계약임
5.3일 계약건 해지 접수시 해지환급금 지급됨
증권번호 66407054 103 건강보험 오늘 기준 해지 환급금 20일 19100 원으로 접수/ 보험 효력없고, 해지취소가능하지않음/ 2시간 이내 지급됨","가입건문의
본인앞으로 십내외가치란 보장되는 상품 2개
암보험1개
이성화 앞으로 심내혈관질환,암보장2개
총5개유지
본인계약1개
아들계약1개
통장 출금
보험료반환요청
금융역신고
대통령손편지
법적대응, 불만
해피콜주요내용설명 들음
청약서약관수령
가입확인
반환처리어려움
자동이체정지
청약녹취존재
녹취청취거부
2021.1.16가입건
2021.5.3가입건
중복가입
다른계약
5.3일계약건 해지접수
해지환급금지급
증권번호66407054
건강보험
해지환급금 20일 19100원
해지취소불가
2시간이내지급",가능,0.85,모든 내용 STT 확인됨,가능,,test,2026-03-05T21:40:56.536297,,,,,가능,,,,,오답,,정보_누락,"정보_누락: 금융감독원신고/대통령손편지/법적불만(chunk3), 반환처리어려움/자동이체정지/녹취거부(chunk5), 효력없음/취소불가/2시간내지급(chunk8) 누락",Y,,오답,,"{'label': '정보_누락', 'action': 'keep'}",E147381,2026-03-10T17:50:55.128940,,,,,,,,
401,"상담사: 반갑습니다. 입니다.
고객: 네 수고하십니다.
상담사: 네 감사합니다.
고객: 예 제가 질병으로 청구를 했었는데 이번
상담사: 네
고객: 그냥
고객: 지금 58만 원만 나와서 어떻게 된 건지 그 결과로 그럼 얘기를 해 주고 뭐고 서류를
고객: 더 해달라 하든지 뭐가 있어야 되는데 지금 이게 가기 도
고객: 돈이 안 맞거든요.
상담사: 아 그러세요. 그러면 저희 연락 주신 분은 장 마리 계약자님 본인 맞으시죠.
고객: 네 네.
고객: 네 네.
상담사: 대구은행 말 생년월일은 6자리 어떻게 되세요?
고객: 570408이요.
상담사: 네 고객님께서 이번 혈전교통의 증후군으로 혹시
상담사: 20 어 25년 6월 26일부터
고객: 네.
고객: 네
상담사: 25년 7월 12일까지 17일간 입원하신 게 맞으실까요?
고객: 아니 그거 계속 연결해서 그냥 이 번호를
고객: 77
고객: 70일 했는데
상담사: 70일간 입원하셨다고요?
고객: 예예. 거기 쭉 연결돼가지고 지금 계속 지원을 한 건데 다른 병원으로 가가 그 그거 병원은 첫째 수술해가지고 있던 병원이고
고객: 서로가 다른 병원 가가지고
고객: 토탈 70일인데
상담사: 어때요?
상담사: 잠시만요.
고객: 예.
고객: 네.
상담사: 휴대원확인서에
상담사: 7월 12일부터 54일간 입원을 하신 거
고객: 입퇴원 입 예 입퇴원 확인서를 3개 보냈어요. 예 예.
상담사: 음 잠시만요.
고객: 네 네.
상담사: 그 7월 12일 날부터 입원하셨던 기간에
고객: 네
고객: 예예
상담사: 그 변명과 코드번호는 확인이 안 되시는데
상담사: 그냥
고객: 아
상담사: 7월 12일부터
상담사: 9월 3일까지 54일간 입퇴원 확인서에 입원했다는 내용은 기재되었는데 이게 고객님께서 이제 그
고객: 네 네
고객: 네네네
상담사: 뭐 수술 그니까 회전근개 파열로 인해서 입원을 하신 건지 뭐 아니면 뭐 다른 변명이 있어서 그 변명으로 입원하신 건지를 지금 서류상으로는 확인되지는 않았거든요.
고객: 예 예.
고객: 네 네 네
고객: 예 예
고객: 아 그럼 뭐를 떼야 돼요?
상담사: 그 변명과 코드 번호 확인 가능한 병원 서류 있으시잖아요.
고객: 예 예 예
상담사: 예 그거를 보완을 해 달라 요청이 되셨거든요.
고객: 아 그러면 그거를 다시 그러면은
상담사: 요 내용을 저희가
상담사: 예.
고객: 그럼 진단서를 다시 떼야 되는 건가요? 그쪽에서 하는 했는 거?
상담사: 진단서요? 어 진단서에 변명 코드 번호 기재되어 있을 거니까
상담사: 그거 발급 받고 그러면 저희가 지금 링크.
고객: 네 네 네.
고객: 예
상담사: 포함해서 구비 서류 다시 문자 그니까 저희가 이 내용을 그때 안내드렸던
고객: 예 예.
상담사: 그 내용에 대한 내용 그 내용으로
고객: 예
상담사: 고객님 핸드폰으로 문자 재발송해 드릴 테니까 요쪽으로 보완 서류 바로 가기라고 링크를 통해서 사진으로 보완해 주시면 되는 거세요.
고객: 네.
고객: 아 그럼 내일 그러면은
상담사: 예
고객: 수영 가는 날인가 거기서 면 찍어갖고 막 그것만 보내면 되겠네요.
상담사: 아 예 맞아요 보안 서류 바로 가기 링크를 통해서 병원 서류만 사진 찍어서 바로 접수 등록해 주시면 되세요.
고객: 네 네.
고객: 아 근데 지금 뭐야 그
고객: 길 어 그거 뭐 다른 병원 가는 거 뭐라 하지 그거를
고객: 받아 받아가지고
고객: 아
고객: 월세로 받아가지고 쭉 어
상담사: 어떡해?
상담사: 동신 동신 동신반 병원인가요?
고객: 갔는데
고객: 에 밤샘 냄샘
고객: 정신병 왔냐고 그냥
상담사: 동심형 병원 동심병원이에요.
상담사: 아 그러면 거기 거기 병원에서 지금 입퇴원하셨으니까 거기서 7월 12일부터 9월 3일까지 어떤 변명으로 입원했는지 변명과 질병코드 확인되는 서류 발급받아서 보안 링크를 통해서 사진 접수해 주시면 되는 거세요.
고객: 네 네 네 네.
고객: 네.
고객: 예
고객: 네.
고객: 아 아니 그리고 11일 날 12일 1박 2일 다른 병원 갔다가 다시 일로 왔는데 그거 그럼 1박 2일은 그거는 어떻게 해야 돼요?
상담사: 그거는 이미 지급드렸어요 그것까지는 7월 12일까지는.
고객: 앞
고객: 아 그래요?
상담사: 근데 이제 7월 10일부터 9월 3일까지 또 입원하셔 54일간 입원비로 청구를 하셨는데 이게 지급이 되지 않아가지고 요거에 대한 추가 서류 요청드린 거거든요.
고객: 음
고객: 네 네 네
고객: 아 그럼 지금 58만 원 들어온 건 뭐 뭐지요 그러면
고객: 설명을 좀 해줘야
상담사: 그거는 제가 아까 말씀드렸다시피 이제 6월 26일부터 7월 12일까지 입원을 하셨어요.회정 단계 증후군으로 이제 그거에 대해서 3일 공제되고 입원 4일째부터 지급을 드리니까 14일째에 대해서 하루 2만원씩 지급을 드린 거세요.58만원으로
고객: 네.
고객: 네.
고객: 네 네.
고객: 예 예.
고객: 네.
고객: 예.
고객: 그럼 돈이 더 높
고객: 10 14
상담사: 예?
고객: 14일 동안 저 2만 원어치도
고객: 28만원밖에 안 되잖아요.
고객: 그럼 수술비 거기 30만원 배경해주는건가요?
상담사: 어 잠시만요.
고객: 네.
상담사: 아 맞아요 수술비 수술 이번에 그 변형될 때 회전근개 변형될 수술을 하신 것도 수술비가 30, ******************
고객: 예.
고객: 네 네
고객: 아 아 예 알겠습니다.
상담사: 네.
상담사: 네 감사드리고 최대한 부족한 상품으로도 안내드리고 있으니 상담도 부탁드립니다.
고객: 예 예.
고객: 아니요.
고객: 예.
상담사: 감사합니다.
고객: 이사","고객은 2025년 6월 26일부터 7월 12일까지 혈전교통의 증후군으로 입원했으며, 이후 7월 12일부터 9월 3일까지 총 54일간 입원한 내용을 포함해 70일간 입원한 것으로 설명했다. 입퇴원 확인서 3건을 제출했으나, 변명과 질병코드가 서류상 확인되지 않아 보완 서류 요청이 발생했다. 고객은 동심병원에서 회전근개 파열 수술을 받았으며, 수술비 30만 원 포함하여 총 58만 원이 지급된 것으로 확인했다. 지급된 금액은 6월 26일부터 7월 12일까지 14일간 입원에 대해 공제 후 지급된 금액이며, 추가로 수술비가 포함되어 있다. 보완 서류로는 변명과 질병코드가 기재된 병원 서류를 사진으로 촬영하여 보안 서류 바로 가기 링크를 통해 접수하면 된다.","수술후 70일입원했는데 58만원만 나왔다고 보험금 지급내역문의/ 
해상금계 증후군으로 25.6.26~7.12일까지 17일간 입원 3일 공세 4일째부터 14일에 대한 2만원씩 28만원과 변형 절제 회장 변경 절 수술비가 30만원 합산 총 58만원지급
7.10일부터 9.3일까지 54일간 입원하셨던 기간에 변명과 코드번호 확인이 안됨
링크 포함해서 구비서류, 다시 문자 보내드리면, 변명 코드 번호 기재된 진단서를 보안 서류 바로 가기라고 링크를 통해서 사진으로 보완하시라 됨","수술후 70일 입원
58만원 지급
보험금 지급내역
해상금계 증후군
6월26일~7월12일 입원 17일
입원 3일 공세 4일째부터 14일
2만원씩 28만원 지급
수술비 30만원
총 지급액 58만원
7월10일~9월3일 입원 54일
코드번호 확인 안됨
구비서류 링크
문자 재전송 요청
진단서 코드번호 기재
보안서류 사진 보완",가능,0.9,"58만원 내역, 병명/코드 미확인, 보완서류 안내 모두 STT 확인됨",가능,,test,2026-03-05T21:28:28.196894,,,,,가능,,,,,정답,,STT_내용_추가(정상),"STT_내용_추가(정상): 동심병원명, 회전근개 파열 수술 등 세부 정보가 STT 정상 전사 내용으로 추가됨",Y,,오답,,"{'label': 'STT_내용_추가(정상)', 'action': 'keep'}, {'label': '정보_누락', 'action': 'add', 'error_detail': '혈전교통의증후군 6.26~7.12 17일입원 부분이 Generated에서 누락됨 ', 'chunks': [2]}",E147381,2026-03-10T17:55:55.249210,,,,,,,,
